TransactionID,CustomerID,CustomerDOB,CustGender,CustLocation,CustAccountBalance,TransactionDate,TransactionTime,TransactionAmount (INR),Age
T502535,C100726,1966-07-04,Male,Kolkata,213622.83,2024-12-06,230909,6148.9,58.0
T500740,C100796,1985-01-13,Female,Chennai,22196.84,2024-06-01,42021,1284.31,39.5
T501682,C100135,1976-12-12,Female,Mumbai,52253.95,2024-05-11,183515,323.89,47.5
T501409,C100163,1970-08-04,Male,Kolkata,3126.03,2024-07-11,125144,320.57,53.9
T505100,C100509,1977-09-18,Male,Bangalore,26256.74,2024-03-20,31024,789.35,46.8
T502467,C100636,1969-07-07,Female,Surat,52253.95,2024-06-25,43254,464.98,55.0
T500445,C100541,,Male,Ahmedabad,186265.55,2024-06-23,41015,5622.67,40.7
T502520,C100335,,Male,Bengaluru,47693.35,2024-03-14,80307,4501.04,40.7
T501195,C100702,,Female,Mumbai,2914.57,2024-10-08,92028,1526.37,40.7
T502820,C100377,1965-07-07,Male,Bangalore,31307.17,2024-03-09,135541,328.91,59.0
T504755,C100729,,Male,Lucknow,264299.97,2024-09-14,200611,4743.74,40.7
T500934,C100002,1990-10-14,Female,Bangalore,4740.87,2024-07-01,172415,601.47,33.7
T501042,C100717,1983-04-25,Female,Mumbai,52253.95,2024-06-26,75858,3511.59,41.2
T501721,C100546,1993-05-20,Male,Delhi,76684.14,2024-11-09,101023,3247.57,31.1
T503190,C100764,1966-06-14,Male,Jaipur,62112.48,2024-12-28,140201,18457.53,58.0
T503854,C100230,,Female,Chennai,17144.19,2024-12-23,120349,1479.43,40.7
T502226,C100746,1972-05-02,Male,Mumbai,66601.54,2024-05-04,224518,612.29,52.2
T500334,C100155,,Male,Chennai,47693.35,2024-11-17,162029,1203.14,40.7
T505852,C100731,1992-02-17,Male,Hyderabad,47693.35,2024-10-27,123953,3470.49,32.4
T505086,C100279,1957-08-17,Male,Jaipur,45765.21,2024-12-09,83012,1730.05,66.9
T505263,C100042,1968-12-11,Male,Mumbai,41014.43,2024-05-25,134957,600.88,55.6
T500463,C100443,2004-05-13,Female,Nagpur,102909.31,2024-06-23,235826,197.94,20.1
T502113,C100311,1973-01-02,Female,Hyderabad,63960.0,2024-10-21,12141,273.22,51.5
T500452,C100763,1994-09-10,Male,Mumbai,47693.35,2024-05-28,210606,4168.15,29.8
T501739,C100153,1982-08-04,Female,Lucknow,379373.89,2024-05-31,161955,12611.9,41.9
T504977,C100675,1962-04-07,Unknown,Bangalore,91272.97,2024-11-13,72608,2850.66,62.2
T501436,C100356,,Male,Mumbai,62027.26,2024-03-19,81812,4380.39,40.7
T504422,C100161,1999-05-26,Male,Lucknow,68566.76,2024-06-25,163338,2057.3999999999996,25.1
T503174,C100534,1980-09-21,Female,Mumbai,52253.95,2024-12-30,110843,5392.91,43.8
T500521,C100700,1988-03-06,Male,Pune,47693.35,2024-08-23,34621,7369.02,36.3
T501283,C100210,1956-12-04,Female,Delhi,112806.44,2024-10-19,72700,96.22,67.6
T504877,C100716,,Female,Unknown,240805.5,2024-03-07,140758,16725.16,40.7
T502956,C100753,1958-12-05,Male,Ahmedabad,47693.35,2024-03-18,100241,4522.05,65.6
T504492,C100689,2001-09-03,Female,Mumbai,5503.87,2024-11-01,222254,900.33,22.8
T502755,C100148,1980-03-12,Female,Chennai,52253.95,2024-02-22,14718,9299.1,44.3
T500756,C100010,1989-09-06,Female,Kolkata,239001.2,2024-03-19,52947,443.32,34.8
T504021,C100258,2000-05-26,Male,Unknown,16944.13,2024-09-01,54801,4749.57,24.1
T505627,C100376,1973-05-09,Unknown,Delhi,51367.71,2024-10-30,200355,2875.03,51.1
T500554,C100711,1956-06-23,Male,Hyderabad,10669.16,2024-02-09,122217,2003.58,68.0
T504113,C100499,,Male,Hyderabad,29516.2,2024-12-02,135551,4970.09,40.7
T501787,C100715,1966-07-01,Male,Ahmedabad,5484.47,2024-02-12,201839,907.67,58.0
T504353,C100190,1979-11-06,Male,Jaipur,39923.71,2024-08-12,151956,397.39,44.6
T504959,C100434,,Unknown,Hyderabad,17342.63,2024-06-07,114214,657.59,40.7
T500246,C100078,1963-07-19,Female,Chennai,51575.85,2024-02-09,123301,6010.07,61.0
T501406,C100466,,Male,Mumbai,11590.04,2024-12-21,220144,2830.65,40.7
T502530,C100074,,Female,Hyderabad,138675.48,2024-11-08,145138,3662.51,40.7
T501341,C100616,1998-12-12,Male,Lucknow,68502.33,2024-10-26,85129,2228.88,25.5
T505321,C100599,1960-07-23,Male,Surat,8719.83,2024-07-23,190358,60457.00000000001,63.9
T501441,C100715,1966-07-01,Male,Ahmedabad,5484.47,2024-05-14,32843,830.65,58.0
T503178,C100597,1972-09-02,Female,Pune,30467.88,2024-02-29,114300,329.94,51.8
T505356,C100318,1976-04-19,Unknown,Jaipur,171947.48,2024-02-29,43343,2057.3999999999996,48.2
T502271,C100404,,Male,Kolkata,17067.98,2024-12-13,155542,1026.73,40.7
T505659,C100566,1975-06-21,Female,Kolkata,12023.59,2024-12-03,233706,692.12,49.0
T503048,C100246,1992-12-11,Male,Delhi,459949.04,2024-01-23,195217,9654.85,31.6
T501790,C100368,1991-10-16,Female,Jaipur,144315.15,2024-10-07,71056,468.08,32.7
T500407,C100743,1968-05-24,Male,Unknown,121700.99,2024-02-10,152232,6906.92,56.1
T505513,C100600,1981-01-05,Female,Jaipur,67373.79,2024-03-02,121756,4396.75,43.5
T501989,C100573,1976-01-19,Male,Hyderabad,41943.84,2024-10-25,103637,2884.93,48.4
T502350,C100536,,Male,Jaipur,17092.33,2024-03-22,11122,2057.3999999999996,40.7
T503276,C100231,1991-01-13,Female,Delhi,66484.0,2024-06-24,115202,2758.51,33.5
T504503,C100790,1994-02-03,Female,Pune,108574.79,2024-04-27,72645,362.02,30.4
T500965,C100346,1993-08-22,Male,Pune,134207.78,2024-02-21,5435,2514.21,30.9
T505174,C100421,1985-01-17,Male,Chennai,123501.29,2024-05-04,231858,8897.87,39.4
T500008,C100470,1997-02-05,Female,Nagpur,155474.78,2024-09-19,93722,2916.2,27.4
T504655,C100558,1958-07-13,Female,Hyderabad,43904.78,2024-05-18,32813,3656.46,66.0
T501464,C100684,,Unknown,Ahmedabad,27777.54,2024-02-09,195559,372.64,40.7
T500187,C100450,1992-01-17,Female,Delhi,111417.27,2024-01-17,183747,4153.05,32.5
T500962,C100003,1961-03-26,Unknown,Kolkata,48217.77,2024-04-28,100123,1187.89,63.3
T503253,C100054,,Female,Ahmedabad,2705.17,2024-02-23,150117,582.58,40.7
T504689,C100434,,Unknown,Hyderabad,17342.63,2024-12-19,44349,173.91,40.7
T504460,C100133,1980-02-04,Female,Hyderabad,52253.95,2024-03-06,65856,497.55,44.4
T502718,C100041,1982-06-22,Male,Bangalore,22606.16,2024-06-19,84823,1111.28,42.0
T504005,C100693,1988-10-11,Female,Jaipur,247886.54,2024-09-17,155959,3960.54,35.7
T501845,C100240,2003-12-24,Male,Mumbai,58083.3,2024-06-18,81153,2248.41,20.5
T505639,C100547,,Female,Delhi,49530.12,2024-06-04,213545,4816.12,40.7
T504504,C100250,1964-10-04,Female,Ahmedabad,12840.3,2024-07-19,183054,1461.39,59.7
T500301,C100573,1976-01-19,Male,Hyderabad,41943.84,2024-09-06,221040,2747.94,48.4
T503935,C100370,2001-12-02,Female,Mumbai,25951.83,2024-08-21,160206,869.97,22.6
T500718,C100087,1996-06-22,Male,Mumbai,47693.35,2024-04-23,70916,1559.91,28.0
T504937,C100745,2002-11-16,Female,Ahmedabad,53359.6,2024-06-19,204652,327.15,21.6
T504816,C100413,1975-06-17,Male,Chennai,47693.35,2024-03-16,205208,3181.19,49.0
T503294,C100384,1998-07-13,Female,Kolkata,102416.63,2024-01-13,43108,6450.6,26.0
T502284,C100151,1955-05-06,Male,Kolkata,83391.84,2024-07-15,171711,15938.14,69.2
T505538,C100246,1992-12-11,Male,Delhi,459949.04,2024-03-04,163429,8710.31,31.6
T505345,C100258,2000-05-26,Male,Unknown,16944.13,2024-11-20,131928,4246.08,24.1
T504519,C100698,1986-10-03,Male,Mumbai,186379.37,2024-03-16,184713,4628.69,37.7
T505180,C100094,1981-03-20,Female,Bangalore,50521.45,2024-01-17,90129,1965.06,43.3
T501949,C100664,1987-01-09,Unknown,Mumbai,99475.96,2024-07-20,204329,1072.91,37.5
T505633,C100051,1976-02-21,Male,Pune,169367.84,2024-11-22,165648,21285.3,48.4
T500135,C100691,1998-08-13,Male,Pune,47693.35,2024-08-02,161938,6716.72,25.9
T503164,C100334,1992-05-05,Unknown,Kolkata,92365.78,2024-10-06,73139,2057.3999999999996,32.2
T500773,C100431,,Male,Surat,10914.09,2024-10-08,155420,1202.31,40.7
T503611,C100450,1992-01-17,Female,Delhi,111417.27,2024-11-05,214100,6297.37,32.5
T505279,C100729,,Male,Lucknow,264299.97,2024-08-05,152047,9581.15,40.7
T504253,C100752,,Female,Nagpur,15655.98,2024-01-07,182530,717.61,40.7
T502556,C100173,2003-09-18,Female,Pune,28296.42,2024-10-03,104333,2896.85,20.8
T505686,C100560,,Female,Jaipur,25797.87,2024-01-06,123654,4859.78,40.7
T504001,C100414,2002-02-15,Female,Pune,61143.12,2024-05-06,203803,875.12,22.4
T500121,C100724,1982-07-07,Unknown,Delhi,41634.26,2024-02-12,224856,2977.7,42.0
T502276,C100014,1995-01-22,Male,Lucknow,72097.18,2024-09-15,140730,10666.24,29.4
T503288,C100000,,Male,Delhi,17012.07,2024-10-12,35951,1756.39,40.7
T500563,C100177,,Unknown,Ahmedabad,208320.55,2024-03-20,105109,7382.68,40.7
T501483,C100767,,Female,Unknown,70068.58,2024-04-30,180135,3838.74,40.7
T502931,C100702,,Female,Mumbai,2914.57,2024-01-01,74749,3313.39,40.7
T501674,C100512,1986-08-19,Male,Unknown,88055.27,2024-02-24,165613,7527.96,37.9
T505920,C100343,1992-02-11,Female,Mumbai,60102.72,2024-06-20,224816,1633.86,32.4
T505585,C100429,1992-05-17,Female,Delhi,40293.13,2024-07-21,183339,5455.77,32.1
T502537,C100032,1977-10-16,Female,Kolkata,27810.1,2024-04-13,212448,1404.29,46.7
T503959,C100555,1993-03-27,Female,Ahmedabad,66420.28,2024-10-22,134831,3915.73,31.3
T505590,C100775,1994-07-25,Female,Surat,45130.4,2024-10-23,153352,3847.68,29.9
T504620,C100291,1975-08-14,Female,Pune,52253.95,2024-11-17,143710,2687.99,48.9
T501390,C100426,2001-12-20,Female,Kolkata,64167.81,2024-07-29,120123,1928.92,22.5
T504543,C100733,2001-03-05,Female,Bangalore,244077.09,2024-06-25,222625,743.53,23.3
T500797,C100716,,Female,Unknown,240805.5,2024-02-24,130350,17765.96,40.7
T504670,C100100,1984-03-05,Female,Bengaluru,21883.94,2024-07-26,165408,277.59,40.3
T501673,C100058,1976-02-26,Male,Surat,47693.35,2024-09-27,172356,161.63,48.3
T500276,C100408,1983-10-01,Male,Mumbai,30500.46,2024-09-28,25252,1246.39,40.7
T500979,C100013,1995-03-19,Unknown,Mumbai,11833.88,2024-02-22,151133,458.14,29.3
T505839,C100541,,Male,Ahmedabad,186265.55,2024-10-19,234744,1462.72,40.7
T505569,C100346,1993-08-22,Male,Pune,134207.78,2024-11-10,165819,16854.22,30.9
T504096,C100012,1993-10-12,Female,Unknown,50102.02,2024-10-23,192046,941.42,30.7
T502750,C100350,1984-05-06,Male,Bengaluru,47693.35,2024-01-06,180523,6776.42,40.2
T503181,C100300,1990-07-09,Male,Chennai,47693.35,2024-01-27,170500,2962.29,34.0
T505319,C100412,1985-10-02,Unknown,Mumbai,21748.09,2024-05-05,160044,133.9,38.7
T504337,C100219,1997-11-21,Female,Bengaluru,20875.12,2024-07-31,183344,2778.84,26.6
T501930,C100720,,Male,Lucknow,53994.49,2024-02-13,110045,4244.09,40.7
T500059,C100741,1966-04-24,Male,Kolkata,32097.85,2024-11-03,53016,5424.53,58.2
T500933,C100121,,Unknown,Delhi,51367.71,2024-10-08,200613,3128.56,40.7
T502373,C100769,1990-07-04,Female,Chennai,29909.5,2024-08-30,105252,285.61,34.0
T504473,C100246,1992-12-11,Male,Delhi,459949.04,2024-09-13,115434,760.55,31.6
T502498,C100343,1992-02-11,Female,Mumbai,60102.72,2024-03-26,82450,1032.54,32.4
T502968,C100350,1984-05-06,Male,Bengaluru,47693.35,2024-03-03,90114,8941.93,40.2
T500194,C100054,,Female,Ahmedabad,2705.17,2024-11-08,41513,816.75,40.7
T504569,C100477,1992-08-08,Male,Ahmedabad,72921.71,2024-05-13,25036,5997.62,31.9
T501463,C100504,1999-12-20,Male,Jaipur,97634.59,2024-10-24,60939,4645.16,24.5
T501542,C100279,1957-08-17,Male,Jaipur,45765.21,2024-07-29,85107,2987.12,66.9
T500905,C100276,2000-08-02,Unknown,Jaipur,56892.89,2024-12-05,63939,4228.6,23.9
T505630,C100250,1964-10-04,Female,Ahmedabad,12840.3,2024-11-11,15258,687.14,59.7
T500402,C100725,1979-08-04,Male,Ahmedabad,104953.2,2024-03-26,84008,307.25,44.9
T505864,C100256,1987-07-03,Female,Kolkata,13973.65,2024-04-25,191258,558.78,37.0
T505465,C100231,1991-01-13,Female,Delhi,66484.0,2024-10-13,52416,2230.16,33.5
T504048,C100603,2000-05-12,Male,Pune,3993.34,2024-03-18,50459,5392.98,24.1
T501434,C100418,1960-01-14,Unknown,Hyderabad,51367.71,2024-08-19,160714,16057.58,64.5
T505297,C100578,1972-02-22,Male,Hyderabad,68047.49,2024-05-16,71805,249.47,52.4
T501814,C100785,2000-02-01,Male,Chennai,102157.68,2024-08-21,160634,1590.77,24.4
T501113,C100504,1999-12-20,Male,Jaipur,97634.59,2024-12-19,110107,6400.14,24.5
T500510,C100470,1997-02-05,Female,Nagpur,155474.78,2024-03-11,93859,20216.49,27.4
T502946,C100026,1980-06-13,Female,Bangalore,42425.02,2024-06-05,213523,4603.83,44.0
T504882,C100651,1989-01-02,Female,Chennai,79050.49,2024-11-25,22251,272883.0199999997,35.5
T504508,C100733,2001-03-05,Female,Bangalore,244077.09,2024-02-08,120512,3491.8,23.3
T500889,C100598,1995-02-20,Female,Bengaluru,138205.32,2024-04-04,15401,503.32,29.4
T502762,C100601,1967-01-26,Male,Bengaluru,5370.73,2024-12-07,84225,4936.64,57.4
T505238,C100581,1991-01-10,Male,Bengaluru,13752.63,2024-06-12,45431,718.22,33.5
T501010,C100590,1974-06-03,Male,Hyderabad,26712.59,2024-01-15,64235,805.03,50.1
T505076,C100465,1975-04-06,Female,Kolkata,52253.95,2024-12-01,200052,239.02,49.2
T504266,C100275,1965-05-04,Female,Bangalore,175954.66,2024-09-22,171549,2426.98,59.2
T503663,C100731,1992-02-17,Male,Hyderabad,47693.35,2024-08-21,135716,3334.04,32.4
T504908,C100237,,Male,Pune,47693.35,2024-09-07,212109,5610.8,40.7
T502246,C100183,1989-11-17,Female,Pune,17926.98,2024-05-29,25643,1052.84,34.6
T502199,C100065,2001-02-18,Male,Delhi,55990.05,2024-03-14,122620,4788.81,23.4
T502839,C100465,1975-04-06,Female,Kolkata,52253.95,2024-08-02,154107,346.15,49.2
T500912,C100493,,Female,Ahmedabad,102129.94,2024-10-03,52018,272883.0199999997,40.7
T505777,C100462,1975-07-18,Male,Unknown,8910.73,2024-09-04,180818,2235.67,49.0
T505468,C100705,1964-12-03,Female,Bengaluru,92850.2,2024-07-13,121129,488.49,59.6
T505244,C100385,1986-09-04,Female,Pune,31830.7,2024-07-06,81053,6378.38,37.8
T502483,C100781,,Female,Lucknow,52253.95,2024-06-05,72119,1506.76,40.7
T500305,C100539,2001-07-22,Female,Bengaluru,34098.88,2024-04-18,64441,408.4,22.9
T505529,C100753,1958-12-05,Male,Ahmedabad,47693.35,2024-11-19,114349,573.97,65.6
T503269,C100748,1989-07-05,Male,Mumbai,63573.89,2024-12-20,93629,9776.02,35.0
T504875,C100028,1973-05-26,Unknown,Hyderabad,51367.71,2024-03-24,40837,20447.87,51.1
T500788,C100517,2001-06-26,Male,Jaipur,53788.28,2024-03-03,153207,12709.33,23.0
T502565,C100057,1998-12-21,Male,Hyderabad,108663.77,2024-11-11,154526,2627.76,25.5
T502124,C100630,,Male,Ahmedabad,47693.35,2024-04-23,181823,102.04,40.7
T503543,C100616,1998-12-12,Male,Lucknow,68502.33,2024-06-24,105739,1009.9,25.5
T504130,C100346,1993-08-22,Male,Pune,134207.78,2024-09-12,115327,2534.99,30.9
T500244,C100237,,Male,Pune,47693.35,2024-09-19,101823,6544.43,40.7
T503995,C100225,1991-10-09,Male,Chennai,181650.06,2024-07-19,112905,2040.37,32.7
T502268,C100556,,Female,Hyderabad,92723.33,2024-06-10,215723,1963.0,40.7
T504662,C100417,1993-03-23,Male,Mumbai,1928.25,2024-01-14,223839,699.88,31.3
T503629,C100599,1960-07-23,Male,Surat,8719.83,2024-03-29,184933,318.02,63.9
T503700,C100541,,Male,Ahmedabad,186265.55,2024-03-28,90535,333.97,40.7
T500149,C100094,1981-03-20,Female,Bangalore,50521.45,2024-09-04,150624,6161.36,43.3
T500840,C100463,1963-05-18,Male,Nagpur,11964.39,2024-11-07,110918,2541.19,61.1
T504645,C100057,1998-12-21,Male,Hyderabad,108663.77,2024-03-15,12846,7370.64,25.5
T504989,C100306,1967-04-23,Male,Pune,63186.77,2024-06-18,94124,2057.12,57.2
T503759,C100302,1974-11-07,Female,Pune,45783.91,2024-03-21,172758,3618.87,49.6
T504246,C100096,1961-08-20,Male,Lucknow,76980.73,2024-08-01,51300,616.77,62.9
T505694,C100473,1982-04-03,Female,Bengaluru,52253.95,2024-10-24,161409,2073.8,42.2
T505588,C100398,1994-03-14,Male,Lucknow,16335.93,2024-01-31,122809,689.3,30.3
T501031,C100036,1957-08-04,Unknown,Lucknow,119884.19,2024-01-02,214427,509.62,66.9
T501181,C100768,1991-10-16,Female,Delhi,25918.41,2024-11-15,192017,1659.63,32.7
T500825,C100140,1964-06-15,Unknown,Kolkata,699519.01,2024-08-21,144427,1121.17,60.0
T501125,C100546,1993-05-20,Male,Delhi,76684.14,2024-03-25,182532,1936.35,31.1
T501757,C100510,2000-08-03,Female,Ahmedabad,235563.0,2024-11-16,233420,2057.3999999999996,23.9
T500275,C100140,1964-06-15,Unknown,Kolkata,699519.01,2024-04-28,144910,5707.55,60.0
T504801,C100234,1998-03-15,Female,Chennai,59188.47,2024-12-14,150824,1983.19,26.3
T502247,C100187,,Male,Bengaluru,2316.41,2024-03-13,74846,1767.3,40.7
T500013,C100569,1967-08-06,Unknown,Kolkata,51367.71,2024-03-22,4537,358.78,56.9
T504823,C100729,,Male,Lucknow,264299.97,2024-09-10,183136,3074.52,40.7
T504533,C100224,1990-02-18,Male,Surat,29503.15,2024-09-21,42849,381.77,34.4
T500831,C100192,1970-06-27,Female,Chennai,37732.31,2024-08-01,201208,1675.2,54.0
T502655,C100151,1955-05-06,Male,Kolkata,83391.84,2024-11-09,22745,1359.59,69.2
T500738,C100179,1993-09-18,Female,Bangalore,4962.98,2024-05-03,184830,423.46,30.8
T505126,C100532,2004-08-12,Male,Ahmedabad,47693.35,2024-05-28,45553,3987.31,19.9
T503313,C100611,,Male,Bangalore,47693.35,2024-10-19,141555,7607.45,40.7
T505233,C100183,1989-11-17,Female,Pune,17926.98,2024-04-29,51339,56.3,34.6
T505567,C100611,,Male,Bangalore,47693.35,2024-01-02,104806,6555.72,40.7
T505327,C100108,1974-12-26,Male,Jaipur,53397.38,2024-06-26,64431,1343.39,49.5
T500398,C100585,,Female,Chennai,51724.58,2024-05-06,72702,1165.37,40.7
T502836,C100378,2003-11-06,Male,Chennai,47693.35,2024-12-20,12138,2542.31,20.6
T502712,C100062,1976-02-16,Male,Mumbai,6698.94,2024-08-25,212131,389.07,48.4
T501407,C100079,2004-07-20,Male,Delhi,80811.92,2024-03-31,224406,4849.68,19.9
T503286,C100525,1969-05-10,Female,Chennai,212533.64,2024-08-23,121149,2428.49,55.1
T503679,C100748,1989-07-05,Male,Mumbai,63573.89,2024-11-18,30437,9671.96,35.0
T503215,C100237,,Male,Pune,47693.35,2024-12-11,221418,5121.56,40.7
T503618,C100088,,Female,Hyderabad,1631.44,2024-08-29,235051,357.15,40.7
T504915,C100408,1983-10-01,Male,Mumbai,30500.46,2024-08-27,83327,7320.09,40.7
T504442,C100501,,Female,Delhi,98637.64,2024-05-29,193856,863.25,40.7
T503321,C100377,1965-07-07,Male,Bangalore,31307.17,2024-04-06,115519,6713.71,59.0
T503009,C100354,1965-03-09,Male,Delhi,47693.35,2024-02-13,40931,1709.85,59.3
T504561,C100636,1969-07-07,Female,Surat,52253.95,2024-05-11,221759,4438.17,55.0
T501915,C100419,,Male,Delhi,26055.1,2024-05-07,140222,2057.3999999999996,40.7
T505309,C100541,,Male,Ahmedabad,186265.55,2024-12-28,170150,1685.19,40.7
T501485,C100736,1994-08-24,Male,Mumbai,21365.93,2024-04-03,34335,1183.81,29.9
T501095,C100240,2003-12-24,Male,Mumbai,58083.3,2024-02-26,15819,1794.77,20.5
T505615,C100479,1980-10-22,Female,Kolkata,98501.77,2024-09-24,183744,10298.84,43.7
T503908,C100310,1984-08-23,Male,Hyderabad,323760.11,2024-03-23,50731,5996.95,39.9
T502881,C100791,1986-10-19,Female,Kolkata,91747.28,2024-12-16,230458,10767.2,37.7
T501428,C100509,1977-09-18,Male,Bangalore,26256.74,2024-02-17,43840,4252.72,46.8
T505487,C100130,1977-02-07,Female,Pune,7572.86,2024-10-01,123501,1919.88,47.4
T503273,C100333,1986-03-18,Female,Lucknow,52253.95,2024-12-19,194604,2057.3999999999996,38.3
T502254,C100764,1966-06-14,Male,Jaipur,62112.48,2024-12-01,92349,357.84,58.0
T505421,C100767,,Female,Unknown,70068.58,2024-07-07,63203,4311.45,40.7
T502343,C100375,1999-11-27,Male,Nagpur,267588.1,2024-05-09,224612,3654.61,24.6
T503166,C100350,1984-05-06,Male,Bengaluru,47693.35,2024-10-10,85457,211.57,40.2
T500179,C100569,1967-08-06,Unknown,Kolkata,51367.71,2024-02-28,21451,15629.22,56.9
T501355,C100057,1998-12-21,Male,Hyderabad,108663.77,2024-03-10,55141,14639.29,25.5
T501242,C100315,2001-02-16,Unknown,Pune,10487.31,2024-11-23,110544,128.66,23.4
T505516,C100045,,Male,Unknown,50615.7,2024-10-15,185630,3294.8,40.7
T502940,C100607,,Male,Kolkata,11588.68,2024-10-24,222816,2208.96,40.7
T502473,C100372,1983-12-19,Female,Mumbai,59995.96,2024-08-11,142616,781.76,40.5
T502077,C100553,2001-07-01,Female,Surat,71513.73,2024-10-12,33107,1580.11,23.0
T505277,C100300,1990-07-09,Male,Chennai,47693.35,2024-05-10,30350,5243.73,34.0
T505548,C100733,2001-03-05,Female,Bangalore,244077.09,2024-09-04,154822,11073.66,23.3
T503632,C100234,1998-03-15,Female,Chennai,59188.47,2024-01-14,214209,3233.05,26.3
T500083,C100213,1989-03-26,Female,Kolkata,16101.96,2024-07-11,14654,3458.06,35.3
T503053,C100742,,Unknown,Mumbai,4402.93,2024-12-30,806,603.56,40.7
T500747,C100736,1994-08-24,Male,Mumbai,21365.93,2024-02-08,214256,3802.17,29.9
T504344,C100702,,Female,Mumbai,2914.57,2024-03-18,94019,4547.61,40.7
T503769,C100294,1977-04-19,Female,Hyderabad,52253.95,2024-06-13,15750,462.81,47.2
T503626,C100278,1989-05-16,Male,Bangalore,113740.31,2024-07-21,54556,3616.3,35.1
T503815,C100331,1984-04-09,Male,Delhi,139917.52,2024-01-26,142436,4215.17,40.2
T504071,C100427,1973-05-14,Female,Hyderabad,13652.98,2024-10-24,213357,5745.53,51.1
T504409,C100103,1991-02-14,Unknown,Delhi,51367.71,2024-09-21,172309,2058.86,33.4
T504954,C100302,1974-11-07,Female,Pune,45783.91,2024-02-18,111742,2203.71,49.6
T502909,C100726,1966-07-04,Male,Kolkata,213622.83,2024-06-19,172923,8781.22,58.0
T502651,C100436,,Female,Jaipur,93354.27,2024-05-26,232600,2803.13,40.7
T501702,C100538,1970-08-11,Male,Ahmedabad,47693.35,2024-03-29,155953,4033.76,53.9
T505272,C100380,,Female,Delhi,52253.95,2024-04-12,62214,2348.54,40.7
T501218,C100653,1965-07-06,Female,Ahmedabad,305029.15,2024-02-14,91558,2057.3999999999996,59.0
T505439,C100331,1984-04-09,Male,Delhi,139917.52,2024-04-07,84831,5385.05,40.2
T503977,C100484,1984-05-17,Male,Jaipur,12346.88,2024-04-05,73243,852.8,40.1
T500183,C100480,1993-09-08,Female,Mumbai,37940.98,2024-04-17,231948,3822.09,30.8
T500739,C100380,,Female,Delhi,52253.95,2024-07-04,172931,2296.1,40.7
T503776,C100408,1983-10-01,Male,Mumbai,30500.46,2024-10-19,85700,789.01,40.7
T502123,C100755,1975-07-15,Female,Hyderabad,52253.95,2024-01-18,175225,608.59,49.0
T500056,C100785,2000-02-01,Male,Chennai,102157.68,2024-03-17,231027,1658.8,24.4
T502432,C100199,1983-08-12,Male,Mumbai,71799.72,2024-10-20,230605,3055.68,40.9
T504027,C100726,1966-07-04,Male,Kolkata,213622.83,2024-03-22,141707,5686.05,58.0
T502706,C100413,1975-06-17,Male,Chennai,47693.35,2024-12-14,42152,6218.91,49.0
T505101,C100041,1982-06-22,Male,Bangalore,22606.16,2024-10-12,182555,6263.31,42.0
T500621,C100667,1996-11-02,Female,Chennai,20940.54,2024-03-27,65220,814.4,27.7
T502981,C100176,2003-08-03,Male,Jaipur,26967.93,2024-10-25,22544,573.69,20.9
T500860,C100225,1991-10-09,Male,Chennai,181650.06,2024-01-25,80242,3708.76,32.7
T504413,C100400,1961-12-17,Female,Pune,52253.95,2024-02-29,44819,511.85,62.5
T504778,C100134,1959-04-17,Male,Hyderabad,12808.18,2024-10-02,235656,742.31,65.2
T504955,C100274,1973-07-26,Male,Kolkata,47693.35,2024-08-06,75912,2057.3999999999996,50.9
T503976,C100378,2003-11-06,Male,Chennai,47693.35,2024-06-06,22035,6439.23,20.6
T500000,C100052,,Female,Mumbai,54071.44,2024-06-10,141526,3202.47,40.7
T504929,C100331,1984-04-09,Male,Delhi,139917.52,2024-11-12,221413,9217.18,40.2
T500729,C100727,1978-08-19,Female,Jaipur,123863.27,2024-12-24,121913,2568.8,45.9
T501683,C100278,1989-05-16,Male,Bangalore,113740.31,2024-11-08,171657,2941.91,35.1
T501696,C100275,1965-05-04,Female,Bangalore,175954.66,2024-08-09,200500,1597.91,59.2
T504114,C100174,1972-07-21,Male,Bengaluru,97279.18,2024-10-30,131228,4087.36,51.9
T504077,C100309,1970-04-13,Female,Mumbai,40590.8,2024-12-24,60415,3973.12,54.2
T503915,C100352,1998-02-03,Female,Delhi,52253.95,2024-08-14,258,10754.44,26.4
T500658,C100406,,Female,Chennai,70730.83,2024-10-26,33724,7555.11,40.7
T505748,C100207,1974-06-06,Male,Delhi,68660.4,2024-01-18,71735,777.74,50.1
T501136,C100255,1959-07-12,Female,Pune,52253.95,2024-07-28,154442,1697.16,65.0
T504359,C100533,1959-07-05,Unknown,Lucknow,11799.16,2024-01-25,132059,890.45,65.0
T500676,C100716,,Female,Unknown,240805.5,2024-04-04,221521,802.95,40.7
T500046,C100611,,Male,Bangalore,47693.35,2024-04-12,170405,3531.22,40.7
T503451,C100276,2000-08-02,Unknown,Jaipur,56892.89,2024-10-22,35519,4520.52,23.9
T501208,C100065,2001-02-18,Male,Delhi,55990.05,2024-05-16,65536,3551.35,23.4
T501082,C100405,1959-09-13,Male,Nagpur,5646.11,2024-12-23,185639,142.86,64.8
T502152,C100076,2001-07-05,Female,Ahmedabad,12298.94,2024-11-13,95651,256.56,23.0
T501598,C100001,1976-03-03,Unknown,Ahmedabad,43869.35,2024-02-12,154513,3363.69,48.3
T503205,C100432,,Female,Jaipur,52253.95,2024-08-09,160946,905.42,40.7
T503435,C100187,,Male,Bengaluru,2316.41,2024-07-29,173000,491.78,40.7
T501841,C100056,1973-08-20,Male,Chennai,116022.67,2024-08-15,133259,6736.22,50.9
T505921,C100759,1983-06-08,Female,Unknown,52253.95,2024-10-02,81039,3772.8,41.1
T502653,C100349,,Female,Pune,397135.49,2024-04-18,145243,1670.29,40.7
T505344,C100665,1963-12-08,Male,Ahmedabad,100878.91,2024-12-18,111324,2871.36,60.6
T503809,C100651,1989-01-02,Female,Chennai,79050.49,2024-04-10,22236,1413.17,35.5
T504609,C100042,1968-12-11,Male,Mumbai,41014.43,2024-09-18,81346,1461.15,55.6
T505287,C100302,1974-11-07,Female,Pune,45783.91,2024-11-29,35642,2975.03,49.6
T504188,C100627,1961-10-08,Female,Bangalore,24171.98,2024-02-19,165631,3212.85,62.7
T503577,C100651,1989-01-02,Female,Chennai,79050.49,2024-01-11,100306,4140.21,35.5
T500596,C100764,1966-06-14,Male,Jaipur,62112.48,2024-08-20,131608,2506.46,58.0
T504835,C100565,2004-09-19,Female,Bangalore,67225.87,2024-07-09,61147,399.87,19.8
T500433,C100729,,Male,Lucknow,264299.97,2024-09-05,163947,3117.99,40.7
T503593,C100352,1998-02-03,Female,Delhi,52253.95,2024-12-28,14809,7425.86,26.4
T502942,C100729,,Male,Lucknow,264299.97,2024-06-04,121221,9370.41,40.7
T500115,C100392,1981-08-02,Female,Bangalore,52253.95,2024-01-12,150825,596.37,42.9
T503468,C100149,2004-10-19,Female,Mumbai,31910.38,2024-09-16,72653,6466.72,19.7
T504042,C100281,2001-10-01,Male,Hyderabad,2716.26,2024-10-09,234418,1168.13,22.7
T501391,C100625,1969-02-04,Male,Lucknow,21865.24,2024-10-03,81826,1335.6,55.4
T502658,C100583,,Male,Nagpur,71828.0,2024-02-25,195537,1670.37,40.7
T504329,C100614,1968-08-13,Male,Chennai,11618.4,2024-07-19,170258,387.41,55.9
T501966,C100289,2004-03-09,Male,Jaipur,26392.12,2024-09-29,61138,93.29,20.3
T504350,C100712,1984-12-18,Male,Nagpur,7145.18,2024-05-23,14044,847.57,39.5
T502546,C100324,,Male,Ahmedabad,8250.81,2024-10-17,61458,302.89,40.7
T505223,C100668,1978-07-21,Female,Bangalore,99681.03,2024-12-14,164103,12084.06,45.9
T502638,C100446,1990-03-06,Female,Surat,26944.66,2024-04-16,165744,714.65,34.3
T501997,C100300,1990-07-09,Male,Chennai,47693.35,2024-06-27,111512,1819.41,34.0
T501583,C100246,1992-12-11,Male,Delhi,459949.04,2024-03-03,191314,1755.56,31.6
T500732,C100197,1987-04-09,Male,Bengaluru,12957.49,2024-02-02,174852,822.64,37.2
T502501,C100734,1985-06-24,Female,Pune,29158.72,2024-10-27,105736,8205.56,39.0
T503310,C100242,1991-05-14,Male,Hyderabad,103866.17,2024-02-01,84348,1223.64,33.1
T504215,C100455,,Female,Surat,9423.4,2024-03-21,181104,258.67,40.7
T502017,C100456,2003-10-21,Male,Ahmedabad,21475.71,2024-04-14,235131,165.96,20.7
T504765,C100039,1975-06-13,Female,Bangalore,269975.33,2024-04-01,200739,1756.36,49.0
T504078,C100528,1968-01-27,Female,Bangalore,23728.17,2024-01-19,192403,42218.0,56.4
T504890,C100391,1973-06-01,Female,Jaipur,18082.92,2024-06-03,83039,3531.72,51.1
T505874,C100528,1968-01-27,Female,Bangalore,23728.17,2024-04-20,155255,855.99,56.4
T502858,C100177,,Unknown,Ahmedabad,208320.55,2024-07-07,32501,3668.46,40.7
T503099,C100029,1977-04-21,Male,Unknown,12477.43,2024-05-03,224146,312.7,47.2
T504352,C100372,1983-12-19,Female,Mumbai,59995.96,2024-11-07,194608,442.39,40.5
T501591,C100598,1995-02-20,Female,Bengaluru,138205.32,2024-03-24,232628,3681.18,29.4
T505670,C100503,1956-08-12,Female,Pune,146446.03,2024-11-26,175357,2513.62,67.9
T504007,C100068,2003-08-22,Unknown,Bengaluru,51367.71,2024-04-23,185316,4630.03,20.9
T500117,C100126,1992-08-14,Unknown,Jaipur,17927.78,2024-03-27,110057,2018.13,31.9
T501825,C100083,,Female,Hyderabad,7606.81,2024-10-22,3755,2057.3999999999996,40.7
T504798,C100586,2002-01-03,Unknown,Hyderabad,69749.17,2024-07-15,193016,2314.24,22.5
T500473,C100443,2004-05-13,Female,Nagpur,102909.31,2024-08-02,50113,2621.9,20.1
T502582,C100468,,Male,Chennai,84203.67,2024-12-25,25452,1366.8,40.7
T504070,C100041,1982-06-22,Male,Bangalore,22606.16,2024-12-10,81651,259.05,42.0
T504545,C100385,1986-09-04,Female,Pune,31830.7,2024-08-29,2453,11471.06,37.8
T501137,C100748,1989-07-05,Male,Mumbai,63573.89,2024-06-04,105905,2472.16,35.0
T501490,C100568,,Unknown,Jaipur,51367.71,2024-04-13,246,2912.38,40.7
T503925,C100514,1975-12-04,Unknown,Kolkata,51367.71,2024-11-05,90940,372.91,48.6
T505240,C100714,1967-02-19,Male,Bengaluru,13233.37,2024-12-11,40739,76.8,57.4
T502109,C100362,1960-07-10,Female,Mumbai,10708.63,2024-02-22,120411,513.8,64.0
T501836,C100472,2000-01-07,Male,Chennai,13195.64,2024-07-18,205120,246.25,24.5
T501646,C100075,2001-02-25,Female,Hyderabad,13759.87,2024-02-01,10935,793.19,23.3
T502646,C100661,1965-06-14,Unknown,Jaipur,105161.33,2024-12-30,72649,1100.4,59.0
T504493,C100729,,Male,Lucknow,264299.97,2024-10-04,24604,23682.4,40.7
T504770,C100668,1978-07-21,Female,Bangalore,99681.03,2024-06-10,54117,12127.43,45.9
T504461,C100468,,Male,Chennai,84203.67,2024-08-11,141955,1739.02,40.7
T504061,C100143,1981-07-23,Male,Pune,241385.44,2024-01-30,104444,4744.61,42.9
T504133,C100680,1964-12-27,Male,Chennai,83125.23,2024-11-09,173610,14280.33,59.5
T502333,C100494,1999-10-07,Male,Ahmedabad,11661.72,2024-01-06,24521,733.16,24.7
T502141,C100638,1986-09-15,Female,Chennai,39836.78,2024-08-21,195450,1052.31,37.8
T505651,C100286,1981-05-16,Female,Jaipur,28080.8,2024-03-24,201018,234.49,43.1
T500639,C100572,1969-12-09,Female,Mumbai,8282.21,2024-10-02,184119,259.86,54.6
T502516,C100254,1964-06-08,Female,Ahmedabad,184790.05,2024-01-04,155308,7802.05,60.1
T502099,C100251,1957-05-01,Female,Pune,19062.18,2024-06-17,153348,5003.57,67.2
T503090,C100753,1958-12-05,Male,Ahmedabad,47693.35,2024-02-15,5939,12568.25,65.6
T501328,C100690,,Male,Bangalore,120392.94,2024-01-29,14351,862.72,40.7
T504781,C100375,1999-11-27,Male,Nagpur,267588.1,2024-08-18,140148,8991.39,24.6
T502987,C100760,1974-03-14,Female,Mumbai,286147.6,2024-04-12,74451,15703.32,50.3
T504874,C100426,2001-12-20,Female,Kolkata,64167.81,2024-04-14,42454,1021.32,22.5
T505502,C100515,1997-10-13,Male,Chennai,48437.97,2024-08-24,171405,984.48,26.7
T505015,C100136,2002-08-17,Unknown,Ahmedabad,51367.71,2024-11-06,12531,2319.76,21.9
T504986,C100014,1995-01-22,Male,Lucknow,72097.18,2024-09-15,103013,1123.56,29.4
T503612,C100667,1996-11-02,Female,Chennai,20940.54,2024-09-06,190552,111.97,27.7
T501871,C100063,2001-02-14,Female,Chennai,67715.0,2024-08-16,61129,1240.38,23.4
T503002,C100525,1969-05-10,Female,Chennai,212533.64,2024-12-28,215406,10089.13,55.1
T504999,C100103,1991-02-14,Unknown,Delhi,51367.71,2024-09-18,160408,1108.8,33.4
T505171,C100423,2004-10-23,Male,Chennai,138103.22,2024-08-23,72907,9526.31,19.7
T503021,C100548,1982-08-07,Female,Nagpur,53292.45,2024-09-03,14114,1966.6,41.9
T504474,C100291,1975-08-14,Female,Pune,52253.95,2024-10-07,4809,3010.48,48.9
T504888,C100145,,Unknown,Mumbai,51367.71,2024-04-18,51533,3228.73,40.7
T500706,C100218,1979-08-01,Male,Ahmedabad,470799.86,2024-02-11,203122,7067.19,44.9
T500683,C100668,1978-07-21,Female,Bangalore,99681.03,2024-07-28,115636,8905.88,45.9
T505765,C100616,1998-12-12,Male,Lucknow,68502.33,2024-07-19,90642,8505.43,25.5
T502050,C100067,,Unknown,Jaipur,36368.89,2024-10-29,253,2585.31,40.7
T502652,C100391,1973-06-01,Female,Jaipur,18082.92,2024-08-11,135747,13067.3,51.1
T503521,C100211,1976-08-07,Unknown,Ahmedabad,98676.94,2024-05-30,70350,5320.63,47.9
T504198,C100578,1972-02-22,Male,Hyderabad,68047.49,2024-01-15,85123,3245.69,52.4
T501384,C100349,,Female,Pune,397135.49,2024-09-04,70019,7437.24,40.7
T500949,C100481,1988-05-22,Male,Jaipur,1624.3,2024-01-05,81419,675.91,36.1
T505973,C100028,1973-05-26,Unknown,Hyderabad,51367.71,2024-05-29,82052,5016.03,51.1
T500712,C100455,,Female,Surat,9423.4,2024-02-02,94854,258.55,40.7
T504644,C100019,,Unknown,Bengaluru,102437.46,2024-03-09,191020,2489.95,40.7
T504613,C100683,1974-10-06,Female,Mumbai,51370.71,2024-03-07,32207,784.58,49.7
T500757,C100314,2004-01-12,Male,Mumbai,47693.35,2024-05-18,12315,2621.0,20.5
T500698,C100471,1963-11-03,Male,Bangalore,47693.35,2024-12-27,101610,1999.27,60.7
T501901,C100222,1969-03-14,Female,Lucknow,77445.15,2024-03-19,220501,1601.4,55.3
T502711,C100317,1983-03-05,Unknown,Surat,27760.8,2024-10-25,211221,3245.36,41.3
T504652,C100049,2002-11-07,Female,Pune,26295.53,2024-06-11,114645,565.25,21.6
T502264,C100581,1991-01-10,Male,Bengaluru,13752.63,2024-08-09,193355,335.52,33.5
T501032,C100624,1991-03-23,Female,Kolkata,34075.98,2024-02-04,3431,1104.78,33.3
T504444,C100663,1961-03-24,Male,Unknown,600713.48,2024-08-19,194835,992.67,63.3
T503640,C100501,,Female,Delhi,98637.64,2024-07-11,72950,577.36,40.7
T505990,C100377,1965-07-07,Male,Bangalore,31307.17,2024-10-30,80843,20303.96,59.0
T501875,C100493,,Female,Ahmedabad,102129.94,2024-03-24,15516,17946.33,40.7
T504013,C100703,1984-05-15,Female,Jaipur,125815.19,2024-11-30,184538,3154.8,40.1
T503338,C100037,1994-03-09,Female,Delhi,33340.33,2024-11-11,52549,1055.75,30.3
T504574,C100651,1989-01-02,Female,Chennai,79050.49,2024-04-18,33344,5398.11,35.5
T501193,C100023,1975-05-12,Male,Hyderabad,5699.11,2024-10-09,222808,1271.49,49.1
T501442,C100049,2002-11-07,Female,Pune,26295.53,2024-10-24,184041,2244.12,21.6
T503549,C100573,1976-01-19,Male,Hyderabad,41943.84,2024-10-04,715,6551.24,48.4
T502732,C100633,1960-05-16,Male,Jaipur,7650.67,2024-09-07,204958,1809.47,64.1
T500210,C100623,1972-11-07,Female,Nagpur,52253.95,2024-05-16,75534,2753.19,51.6
T504149,C100638,1986-09-15,Female,Chennai,39836.78,2024-11-24,81716,1829.92,37.8
T502840,C100257,,Unknown,Jaipur,88380.56,2024-04-06,34016,2040.76,40.7
T502717,C100681,1967-05-15,Female,Lucknow,239151.47,2024-08-17,111210,5453.93,57.1
T504864,C100767,,Female,Unknown,70068.58,2024-12-04,12720,1533.1,40.7
T501023,C100388,1964-07-26,Unknown,Jaipur,12241.45,2024-09-25,185321,1849.63,59.9
T501863,C100123,1996-09-14,Male,Hyderabad,24576.12,2024-07-30,225609,555.02,27.8
T503480,C100094,1981-03-20,Female,Bangalore,50521.45,2024-10-23,230237,11161.26,43.3
T504254,C100449,2001-08-09,Male,Chennai,47693.35,2024-06-27,43533,4432.01,22.9
T504035,C100153,1982-08-04,Female,Lucknow,379373.89,2024-10-24,3624,10611.0,41.9
T503395,C100668,1978-07-21,Female,Bangalore,99681.03,2024-02-20,161206,559.29,45.9
T502360,C100622,1963-08-04,Male,Pune,114620.95,2024-12-20,170430,141.49,60.9
T504627,C100747,1969-08-14,Female,Mumbai,52638.76,2024-09-29,111148,3414.53,54.9
T505566,C100015,1994-04-22,Male,Mumbai,47693.35,2024-01-03,133947,1268.13,30.2
T501971,C100036,1957-08-04,Unknown,Lucknow,119884.19,2024-01-04,53654,925.12,66.9
T504371,C100258,2000-05-26,Male,Unknown,16944.13,2024-12-02,201059,7720.76,24.1
T504892,C100323,2001-05-11,Female,Bengaluru,44187.46,2024-06-08,62800,739.35,23.1
T500419,C100174,1972-07-21,Male,Bengaluru,97279.18,2024-12-04,202444,9917.79,51.9
T502700,C100341,1990-12-17,Male,Nagpur,1305.73,2024-01-14,214018,1112.41,33.5
T502593,C100479,1980-10-22,Female,Kolkata,98501.77,2024-03-04,62027,11102.01,43.7
T502323,C100284,1987-04-12,Male,Lucknow,21229.49,2024-11-19,154802,210.5,37.2
T502616,C100759,1983-06-08,Female,Unknown,52253.95,2024-01-20,102038,5673.1,41.1
T505361,C100684,,Unknown,Ahmedabad,27777.54,2024-11-21,91827,573.44,40.7
T504834,C100370,2001-12-02,Female,Mumbai,25951.83,2024-01-06,160516,431.09,22.6
T505521,C100380,,Female,Delhi,52253.95,2024-01-02,35312,2334.42,40.7
T501260,C100116,1960-09-25,Female,Pune,220401.55,2024-10-09,50212,1370.03,63.8
T502531,C100106,,Male,Delhi,60836.59,2024-07-03,152747,151.72,40.7
T500615,C100499,,Male,Hyderabad,29516.2,2024-02-18,93202,2491.99,40.7
T500899,C100658,1996-06-17,Female,Chennai,62261.48,2024-05-10,55144,8344.29,28.0
T500616,C100616,1998-12-12,Male,Lucknow,68502.33,2024-10-05,72905,1992.61,25.5
T504175,C100368,1991-10-16,Female,Jaipur,144315.15,2024-02-18,224521,7687.78,32.7
T503225,C100076,2001-07-05,Female,Ahmedabad,12298.94,2024-02-04,152128,1920.42,23.0
T502898,C100569,1967-08-06,Unknown,Kolkata,51367.71,2024-07-06,215138,1161.52,56.9
T502290,C100080,1998-05-06,Male,Bangalore,772078.46,2024-09-18,185311,3952.23,26.2
T505462,C100484,1984-05-17,Male,Jaipur,12346.88,2024-03-05,83906,1509.48,40.1
T501342,C100141,1986-10-20,Unknown,Mumbai,160886.94,2024-09-18,175316,15553.39,37.7
T500507,C100266,1960-08-05,Female,Surat,201021.76,2024-10-16,53440,6169.92,63.9
T501731,C100308,1993-09-07,Male,Ahmedabad,11206.16,2024-06-03,224203,917.75,30.8
T504349,C100141,1986-10-20,Unknown,Mumbai,160886.94,2024-10-29,121333,6403.9,37.7
T501831,C100116,1960-09-25,Female,Pune,220401.55,2024-03-11,141721,1795.48,63.8
T504911,C100119,1962-01-23,Female,Pune,52253.95,2024-06-11,204133,241.17,62.4
T500500,C100105,1995-10-18,Female,Lucknow,21507.37,2024-06-05,34446,9039.6,28.7
T504283,C100022,,Female,Delhi,52253.95,2024-09-05,85050,3298.94,40.7
T503138,C100776,1964-01-07,Female,Bangalore,31244.52,2024-12-01,141545,499.56,60.5
T505901,C100510,2000-08-03,Female,Ahmedabad,235563.0,2024-07-05,34833,4118.27,23.9
T500968,C100381,2000-06-26,Female,Ahmedabad,34569.41,2024-10-08,100641,2161.04,24.0
T500359,C100595,1957-11-12,Female,Mumbai,17193.93,2024-02-16,144607,2057.3999999999996,66.6
T504093,C100294,1977-04-19,Female,Hyderabad,52253.95,2024-12-11,102051,381.83,47.2
T504214,C100199,1983-08-12,Male,Mumbai,71799.72,2024-10-16,143024,2092.68,40.9
T503681,C100145,,Unknown,Mumbai,51367.71,2024-01-19,93047,2247.23,40.7
T505467,C100590,1974-06-03,Male,Hyderabad,26712.59,2024-01-05,141225,616.66,50.1
T505054,C100450,1992-01-17,Female,Delhi,111417.27,2024-08-10,5640,5183.93,32.5
T501257,C100092,2000-06-15,Male,Ahmedabad,47693.35,2024-01-30,41711,3401.39,24.0
T500948,C100442,1956-11-17,Female,Ahmedabad,8610.61,2024-10-15,195728,1553.46,67.6
T504205,C100188,1981-12-18,Male,Pune,34870.27,2024-09-27,162700,2736.65,42.5
T500868,C100525,1969-05-10,Female,Chennai,212533.64,2024-11-07,205954,5577.25,55.1
T504621,C100633,1960-05-16,Male,Jaipur,7650.67,2024-06-27,174312,726.09,64.1
T501745,C100693,1988-10-11,Female,Jaipur,247886.54,2024-07-20,144302,7432.64,35.7
T501766,C100662,,Male,Mumbai,64116.87,2024-06-14,170430,1524.88,40.7
T503981,C100142,1997-07-20,Female,Jaipur,52253.95,2024-02-03,74220,977.19,26.9
T502397,C100015,1994-04-22,Male,Mumbai,47693.35,2024-04-18,182438,194.22,30.2
T505340,C100043,1955-11-15,Female,Chennai,3931.81,2024-07-07,162943,610.72,68.6
T503467,C100679,,Male,Kolkata,39458.8,2024-04-12,180010,1228.88,40.7
T502878,C100282,1998-11-01,Female,Hyderabad,10270.51,2024-09-08,164401,117.78,25.7
T501771,C100653,1965-07-06,Female,Ahmedabad,305029.15,2024-07-14,131845,1057.22,59.0
T501498,C100516,1982-07-14,Female,Unknown,98173.58,2024-09-17,55424,4811.51,42.0
T502853,C100372,1983-12-19,Female,Mumbai,59995.96,2024-07-06,13234,2057.3999999999996,40.5
T504562,C100720,,Male,Lucknow,53994.49,2024-01-07,184319,6315.55,40.7
T503642,C100670,1983-10-26,Female,Mumbai,371867.09,2024-03-11,213836,8962.11,40.7
T501059,C100328,1993-09-23,Female,Mumbai,138849.89,2024-06-10,165313,2968.3,30.8
T500054,C100450,1992-01-17,Female,Delhi,111417.27,2024-11-28,1811,4995.16,32.5
T505235,C100729,,Male,Lucknow,264299.97,2024-05-03,175113,392.1,40.7
T501268,C100285,1991-08-17,Female,Pune,63464.25,2024-03-17,32931,1557.58,32.9
T504822,C100535,1981-02-12,Female,Chennai,10577.18,2024-07-31,171846,4667.62,43.4
T503295,C100067,,Unknown,Jaipur,36368.89,2024-07-07,192348,4471.1,40.7
T502947,C100723,1971-06-05,Male,Surat,78759.05,2024-12-29,120802,699.57,53.1
T500785,C100272,,Female,Pune,10046.68,2024-05-10,193027,884.74,40.7
T500161,C100231,1991-01-13,Female,Delhi,66484.0,2024-10-16,132824,699.8,33.5
T505825,C100397,1981-12-02,Female,Mumbai,1686.42,2024-11-08,185351,456.23,42.6
T503659,C100563,,Unknown,Delhi,51367.71,2024-12-13,82756,5380.16,40.7
T505456,C100547,,Female,Delhi,49530.12,2024-10-27,123200,2009.18,40.7
T501497,C100695,,Male,Unknown,26555.71,2024-02-06,211047,3649.41,40.7
T505141,C100032,1977-10-16,Female,Kolkata,27810.1,2024-02-27,34238,615.09,46.7
T501523,C100475,,Female,Bengaluru,89827.75,2024-10-16,164807,4668.44,40.7
T505888,C100189,1969-02-16,Female,Mumbai,7756.98,2024-11-02,51829,428.17,55.4
T504433,C100404,,Male,Kolkata,17067.98,2024-05-08,115737,1852.25,40.7
T501714,C100661,1965-06-14,Unknown,Jaipur,105161.33,2024-03-18,144801,1159.58,59.0
T501279,C100285,1991-08-17,Female,Pune,63464.25,2024-06-03,171719,1852.51,32.9
T501115,C100238,1981-10-25,Unknown,Pune,51367.71,2024-09-22,120120,6986.66,42.7
T501104,C100350,1984-05-06,Male,Bengaluru,47693.35,2024-10-01,150652,8181.34,40.2
T500307,C100798,2000-02-01,Male,Delhi,17004.51,2024-02-05,4824,2057.3999999999996,24.4
T503716,C100546,1993-05-20,Male,Delhi,76684.14,2024-05-26,183738,1065.22,31.1
T505402,C100114,1977-09-22,Female,Lucknow,52253.95,2024-12-04,191012,1218.39,46.8
T503217,C100004,1982-06-13,Male,Lucknow,13136.92,2024-12-19,150015,126.5,42.0
T501700,C100423,2004-10-23,Male,Chennai,138103.22,2024-08-22,2610,5756.44,19.7
T505089,C100663,1961-03-24,Male,Unknown,600713.48,2024-03-19,195022,1728.77,63.3
T505900,C100438,,Female,Bengaluru,52253.95,2024-11-09,163335,497.03,40.7
T500610,C100069,1969-07-10,Male,Unknown,884.62,2024-12-26,141659,2552.67,55.0
T500671,C100333,1986-03-18,Female,Lucknow,52253.95,2024-02-03,233932,10006.25,38.3
T500974,C100760,1974-03-14,Female,Mumbai,286147.6,2024-11-22,115458,4573.36,50.3
T503409,C100167,1989-12-06,Female,Bangalore,11248.7,2024-10-03,91609,2857.8,34.6
T505712,C100429,1992-05-17,Female,Delhi,40293.13,2024-07-19,213319,2013.26,32.1
T500607,C100637,1989-04-09,Female,Pune,52253.95,2024-03-06,95611,17676.1,35.2
T502753,C100790,1994-02-03,Female,Pune,108574.79,2024-07-05,194443,381.56,30.4
T502253,C100652,1991-12-20,Male,Unknown,58919.28,2024-08-31,81008,8068.1,32.5
T504510,C100442,1956-11-17,Female,Ahmedabad,8610.61,2024-12-01,1337,23.53,67.6
T502497,C100700,1988-03-06,Male,Pune,47693.35,2024-02-27,41048,1909.14,36.3
T500028,C100207,1974-06-06,Male,Delhi,68660.4,2024-07-29,45433,1980.53,50.1
T502158,C100705,1964-12-03,Female,Bengaluru,92850.2,2024-01-25,94705,1816.9,59.6
T502204,C100123,1996-09-14,Male,Hyderabad,24576.12,2024-12-29,155739,1121.86,27.8
T504914,C100717,1983-04-25,Female,Mumbai,52253.95,2024-03-05,221156,335.89,41.2
T503831,C100251,1957-05-01,Female,Pune,19062.18,2024-12-17,12525,480.09,67.2
T503130,C100742,,Unknown,Mumbai,4402.93,2024-06-15,161006,4100.32,40.7
T504919,C100663,1961-03-24,Male,Unknown,600713.48,2024-01-15,115757,13069.87,63.3
T502302,C100251,1957-05-01,Female,Pune,19062.18,2024-04-13,33308,2039.36,67.2
T502408,C100791,1986-10-19,Female,Kolkata,91747.28,2024-10-11,64916,14404.25,37.7
T502936,C100480,1993-09-08,Female,Mumbai,37940.98,2024-06-14,93938,218.68,30.8
T500345,C100141,1986-10-20,Unknown,Mumbai,160886.94,2024-09-17,145310,7140.2,37.7
T505573,C100512,1986-08-19,Male,Unknown,88055.27,2024-12-17,54612,1150.55,37.9
T501580,C100262,,Female,Hyderabad,52253.95,2024-05-05,81340,915.4,40.7
T503194,C100416,1988-10-20,Male,Jaipur,77721.72,2024-06-28,224120,1585.38,35.7
T501990,C100569,1967-08-06,Unknown,Kolkata,51367.71,2024-03-30,125039,20225.6,56.9
T505029,C100667,1996-11-02,Female,Chennai,20940.54,2024-12-28,60202,237.01,27.7
T504322,C100237,,Male,Pune,47693.35,2024-07-27,100132,2057.3999999999996,40.7
T502885,C100560,,Female,Jaipur,25797.87,2024-06-19,71943,3807.81,40.7
T502496,C100293,1989-05-13,Male,Bangalore,10023.2,2024-09-26,54428,1077.91,35.1
T501122,C100697,1969-10-22,Male,Mumbai,47693.35,2024-01-26,191732,1560.03,54.7
T500019,C100147,1997-03-17,Male,Mumbai,34392.46,2024-08-23,143259,1939.66,27.3
T503052,C100140,1964-06-15,Unknown,Kolkata,699519.01,2024-06-21,42801,857.59,60.0
T503326,C100001,1976-03-03,Unknown,Ahmedabad,43869.35,2024-01-21,20527,2185.51,48.3
T500991,C100716,,Female,Unknown,240805.5,2024-04-02,170820,2705.61,40.7
T504896,C100623,1972-11-07,Female,Nagpur,52253.95,2024-03-04,174036,2357.63,51.6
T505790,C100645,1981-11-02,Male,Unknown,47693.35,2024-11-25,71817,5019.44,42.7
T501535,C100055,2001-01-23,Male,Lucknow,39750.83,2024-07-07,181650,4494.67,23.4
T502650,C100211,1976-08-07,Unknown,Ahmedabad,98676.94,2024-03-27,141741,1305.14,47.9
T502431,C100789,1972-02-08,Female,Delhi,52253.95,2024-05-08,54917,732.91,52.4
T503155,C100522,,Male,Chennai,35215.42,2024-12-23,224918,1697.33,40.7
T502420,C100696,1975-05-18,Male,Unknown,295142.68,2024-01-22,42405,7433.43,49.1
T502904,C100285,1991-08-17,Female,Pune,63464.25,2024-03-10,120900,6291.7,32.9
T505154,C100387,1977-02-16,Male,Kolkata,20501.21,2024-01-31,41425,21515.41,47.4
T501883,C100693,1988-10-11,Female,Jaipur,247886.54,2024-03-06,231503,9791.34,35.7
T505061,C100055,2001-01-23,Male,Lucknow,39750.83,2024-12-14,145941,1310.76,23.4
T504470,C100520,1979-07-13,Male,Bengaluru,57394.34,2024-05-30,124413,942.5,45.0
T505540,C100115,1993-02-11,Male,Kolkata,11109.49,2024-02-21,100332,458.43,31.4
T501182,C100418,1960-01-14,Unknown,Hyderabad,51367.71,2024-12-12,203219,180.71,64.5
T502108,C100121,,Unknown,Delhi,51367.71,2024-12-08,145524,839.63,40.7
T500169,C100768,1991-10-16,Female,Delhi,25918.41,2024-12-19,170134,814.12,32.7
T500722,C100476,1964-07-27,Female,Pune,66112.87,2024-03-07,10010,917.54,59.9
T504812,C100483,2004-08-13,Male,Mumbai,47693.35,2024-11-20,203307,625.63,19.9
T505202,C100785,2000-02-01,Male,Chennai,102157.68,2024-02-20,85324,3615.51,24.4
T504610,C100305,1995-05-22,Male,Delhi,6386.69,2024-11-14,223255,859.15,29.1
T501172,C100309,1970-04-13,Female,Mumbai,40590.8,2024-09-17,4822,1892.19,54.2
T503552,C100001,1976-03-03,Unknown,Ahmedabad,43869.35,2024-10-19,44411,7783.44,48.3
T500129,C100389,1975-07-12,Female,Kolkata,52253.95,2024-05-16,31106,5063.05,49.0
T505313,C100131,2002-07-19,Female,Hyderabad,114687.04,2024-03-08,32650,15280.15,21.9
T504661,C100000,,Male,Delhi,17012.07,2024-03-15,3843,1079.69,40.7
T504053,C100604,1974-03-04,Male,Pune,47693.35,2024-07-03,194448,2200.23,50.3
T505848,C100003,1961-03-26,Unknown,Kolkata,48217.77,2024-08-06,124052,2057.3999999999996,63.3
T502054,C100277,1978-08-06,Female,Bengaluru,63815.79,2024-07-09,11923,1240.22,45.9
T505853,C100579,2003-07-08,Female,Jaipur,200313.27,2024-03-10,70907,8529.92,21.0
T503343,C100188,1981-12-18,Male,Pune,34870.27,2024-06-23,173212,1290.2,42.5
T501350,C100629,1993-12-25,Female,Delhi,24299.3,2024-10-31,22741,4259.54,30.5
T501334,C100061,1984-01-20,Male,Mumbai,13029.33,2024-09-30,85303,2570.14,40.4
T503702,C100619,1979-10-27,Female,Jaipur,618590.11,2024-05-23,220437,6004.55,44.7
T500582,C100443,2004-05-13,Female,Nagpur,102909.31,2024-03-30,162003,636.65,20.1
T502118,C100207,1974-06-06,Male,Delhi,68660.4,2024-05-30,62901,1432.01,50.1
T502738,C100094,1981-03-20,Female,Bangalore,50521.45,2024-06-16,224758,7120.57,43.3
T503302,C100397,1981-12-02,Female,Mumbai,1686.42,2024-10-22,111830,258.93,42.6
T501755,C100440,1990-04-24,Unknown,Delhi,1809.61,2024-08-14,3300,92.02,34.2
T501252,C100560,,Female,Jaipur,25797.87,2024-05-23,153057,1395.06,40.7
T504856,C100229,2004-07-25,Female,Chennai,47420.96,2024-12-05,65300,2606.72,19.9
T501130,C100716,,Female,Unknown,240805.5,2024-10-22,157,8332.68,40.7
T504818,C100377,1965-07-07,Male,Bangalore,31307.17,2024-05-09,91609,8911.02,59.0
T502130,C100218,1979-08-01,Male,Ahmedabad,470799.86,2024-12-22,42441,2131.62,44.9
T501782,C100360,1979-10-16,Female,Kolkata,46783.67,2024-07-11,44144,2963.43,44.7
T502094,C100674,1998-05-02,Male,Pune,3566.68,2024-07-26,101858,1182.72,26.2
T500985,C100706,1997-05-23,Male,Mumbai,7105.83,2024-01-21,20158,507.92,27.1
T502979,C100164,1997-11-15,Female,Delhi,20966.32,2024-12-22,180821,1424.76,26.6
T503665,C100162,1997-09-24,Male,Delhi,42810.3,2024-02-02,61434,925.44,26.8
T505649,C100487,1993-04-18,Male,Delhi,5364.64,2024-07-21,125931,246.61,31.2
T502986,C100543,1989-02-25,Male,Chennai,28641.23,2024-03-17,180252,3110.14,35.3
T505111,C100628,1990-09-03,Male,Pune,109284.74,2024-08-03,142839,731.26,33.8
T503015,C100786,1959-09-02,Female,Kolkata,296.87,2024-05-30,233654,426.14,64.8
T502474,C100369,1981-10-27,Male,Bangalore,26549.63,2024-03-08,80114,140.2,42.7
T502244,C100636,1969-07-07,Female,Surat,52253.95,2024-05-02,31145,751.84,55.0
T501420,C100532,2004-08-12,Male,Ahmedabad,47693.35,2024-01-09,123402,17130.29,19.9
T505262,C100093,1965-10-15,Female,Unknown,157865.54,2024-10-04,82424,10936.13,58.7
T503038,C100087,1996-06-22,Male,Mumbai,47693.35,2024-04-16,152351,694.48,28.0
T501422,C100699,2003-11-15,Female,Kolkata,20709.46,2024-08-28,100324,1276.06,20.6
T504735,C100429,1992-05-17,Female,Delhi,40293.13,2024-07-22,101325,1115.84,32.1
T505731,C100747,1969-08-14,Female,Mumbai,52638.76,2024-02-15,201744,4051.15,54.9
T500561,C100593,,Male,Ahmedabad,77632.67,2024-11-24,153649,12851.84,40.7
T502749,C100037,1994-03-09,Female,Delhi,33340.33,2024-12-26,81631,7214.19,30.3
T502922,C100286,1981-05-16,Female,Jaipur,28080.8,2024-05-13,124620,330.62,43.1
T501795,C100264,1984-06-01,Male,Hyderabad,47693.35,2024-04-16,757,21719.1,40.1
T502492,C100351,1958-02-18,Female,Mumbai,52253.95,2024-01-02,193550,772.89,66.4
T505348,C100716,,Female,Unknown,240805.5,2024-12-22,233328,481.8,40.7
T504942,C100646,,Male,Delhi,56399.4,2024-11-01,152507,2885.49,40.7
T502595,C100784,1976-08-21,Male,Pune,83499.01,2024-12-20,112059,1404.84,47.9
T502908,C100393,1981-11-11,Female,Mumbai,15018.25,2024-11-10,153551,282.97,42.6
T501051,C100510,2000-08-03,Female,Ahmedabad,235563.0,2024-09-23,181044,8949.03,23.9
T501077,C100082,,Unknown,Hyderabad,3621.26,2024-06-22,64133,1800.79,40.7
T504736,C100512,1986-08-19,Male,Unknown,88055.27,2024-07-25,23658,5438.67,37.9
T501801,C100404,,Male,Kolkata,17067.98,2024-06-01,114753,1121.74,40.7
T503652,C100041,1982-06-22,Male,Bangalore,22606.16,2024-08-18,70616,402.99,42.0
T500145,C100739,1975-09-21,Female,Jaipur,6681.5,2024-05-30,122215,564.8,48.8
T504847,C100427,1973-05-14,Female,Hyderabad,13652.98,2024-05-02,81128,3894.5,51.1
T503504,C100283,1977-10-18,Male,Surat,54219.8,2024-06-16,145431,4606.87,46.7
T500415,C100686,,Female,Delhi,52253.95,2024-09-11,42345,1573.19,40.7
T504192,C100501,,Female,Delhi,98637.64,2024-08-31,51949,6882.74,40.7
T500052,C100766,2004-12-11,Female,Hyderabad,73693.65,2024-08-21,92847,861.46,19.6
T504195,C100459,1999-07-20,Unknown,Lucknow,5482.84,2024-04-03,1337,113.08,24.9
T504833,C100504,1999-12-20,Male,Jaipur,97634.59,2024-04-04,184500,2857.99,24.5
T502406,C100484,1984-05-17,Male,Jaipur,12346.88,2024-07-07,233643,765.37,40.1
T505093,C100516,1982-07-14,Female,Unknown,98173.58,2024-06-03,20718,1793.29,42.0
T505711,C100264,1984-06-01,Male,Hyderabad,47693.35,2024-11-21,73431,18728.87,40.1
T505284,C100047,1966-07-11,Female,Hyderabad,22419.5,2024-04-28,230508,1320.43,58.0
T502129,C100427,1973-05-14,Female,Hyderabad,13652.98,2024-01-05,175306,2767.26,51.1
T502708,C100076,2001-07-05,Female,Ahmedabad,12298.94,2024-01-05,130854,4098.19,23.0
T502224,C100504,1999-12-20,Male,Jaipur,97634.59,2024-07-04,95347,2618.13,24.5
T502029,C100543,1989-02-25,Male,Chennai,28641.23,2024-12-03,155941,1023.48,35.3
T502830,C100200,1984-09-07,Female,Pune,99008.06,2024-08-17,35609,11438.47,39.8
T500996,C100209,,Female,Unknown,38752.88,2024-05-15,20519,1131.28,40.7
T500551,C100392,1981-08-02,Female,Bangalore,52253.95,2024-09-13,135836,3355.72,42.9
T504073,C100282,1998-11-01,Female,Hyderabad,10270.51,2024-04-01,80654,1159.38,25.7
T505305,C100038,2001-08-16,Male,Kolkata,38387.92,2024-10-02,171604,2378.78,22.9
T501765,C100709,2001-12-15,Female,Nagpur,253403.83,2024-05-13,91358,8894.13,22.5
T504079,C100777,,Male,Hyderabad,13106.62,2024-08-13,132653,532.41,40.7
T501723,C100051,1976-02-21,Male,Pune,169367.84,2024-03-11,54142,11634.69,48.4
T502134,C100377,1965-07-07,Male,Bangalore,31307.17,2024-04-21,235535,1248.03,59.0
T503841,C100134,1959-04-17,Male,Hyderabad,12808.18,2024-07-10,211700,433.97,65.2
T505065,C100720,,Male,Lucknow,53994.49,2024-10-23,205427,6276.4,40.7
T501759,C100563,,Unknown,Delhi,51367.71,2024-06-01,64100,16635.92,40.7
T504597,C100094,1981-03-20,Female,Bangalore,50521.45,2024-04-11,130824,7475.92,43.3
T504129,C100622,1963-08-04,Male,Pune,114620.95,2024-04-21,82206,8711.56,60.9
T504813,C100710,1988-06-06,Male,Lucknow,31418.04,2024-03-28,82200,7242.87,36.1
T503447,C100770,1995-12-02,Female,Jaipur,52253.95,2024-06-22,163203,461.66,28.6
T500358,C100612,1987-09-22,Unknown,Jaipur,378740.24,2024-11-23,63542,5644.52,36.8
T501576,C100512,1986-08-19,Male,Unknown,88055.27,2024-02-19,235219,17013.92,37.9
T500446,C100416,1988-10-20,Male,Jaipur,77721.72,2024-08-15,73216,2212.16,35.7
T503694,C100750,1976-09-20,Male,Mumbai,140121.33,2024-02-08,54610,2522.38,47.8
T502163,C100172,1991-12-18,Unknown,Lucknow,180835.83,2024-09-12,230919,8245.56,32.5
T505953,C100422,,Female,Delhi,10121.37,2024-02-05,12018,1175.82,40.7
T503033,C100683,1974-10-06,Female,Mumbai,51370.71,2024-12-05,233327,1051.11,49.7
T505140,C100652,1991-12-20,Male,Unknown,58919.28,2024-11-28,85303,12312.15,32.5
T505192,C100692,1971-01-16,Male,Surat,47693.35,2024-08-05,112556,7685.17,53.5
T504946,C100794,1959-07-15,Female,Pune,32969.19,2024-09-22,90420,1549.41,65.0
T500289,C100622,1963-08-04,Male,Pune,114620.95,2024-07-04,85651,28020.33,60.9
T505129,C100151,1955-05-06,Male,Kolkata,83391.84,2024-12-29,65404,1659.99,69.2
T505490,C100080,1998-05-06,Male,Bangalore,772078.46,2024-09-08,220010,5529.21,26.2
T504724,C100172,1991-12-18,Unknown,Lucknow,180835.83,2024-05-01,114719,486.86,32.5
T501634,C100004,1982-06-13,Male,Lucknow,13136.92,2024-01-14,44635,1111.48,42.0
T501602,C100512,1986-08-19,Male,Unknown,88055.27,2024-09-29,122731,11218.61,37.9
T504832,C100061,1984-01-20,Male,Mumbai,13029.33,2024-09-28,13712,1503.95,40.4
T501222,C100652,1991-12-20,Male,Unknown,58919.28,2024-11-30,51522,1549.91,32.5
T504772,C100528,1968-01-27,Female,Bangalore,23728.17,2024-02-04,230545,619.2,56.4
T505680,C100300,1990-07-09,Male,Chennai,47693.35,2024-03-15,212511,483.87,34.0
T503582,C100759,1983-06-08,Female,Unknown,52253.95,2024-12-12,202829,14207.96,41.1
T501002,C100297,,Female,Hyderabad,7611.24,2024-11-19,104215,40.2,40.7
T503066,C100387,1977-02-16,Male,Kolkata,20501.21,2024-04-23,15855,1759.58,47.4
T503649,C100027,1989-08-17,Unknown,Ahmedabad,11262.83,2024-11-18,111358,1593.14,34.9
T503024,C100517,2001-06-26,Male,Jaipur,53788.28,2024-05-02,72956,11521.75,23.0
T505289,C100200,1984-09-07,Female,Pune,99008.06,2024-01-10,205011,5084.53,39.8
T500852,C100454,2003-04-10,Female,Nagpur,18847.61,2024-01-12,2343,156179.0,21.2
T505648,C100477,1992-08-08,Male,Ahmedabad,72921.71,2024-04-28,62615,1219.14,31.9
T500332,C100433,1963-10-04,Male,Mumbai,11449.4,2024-09-17,180733,1409.34,60.7
T504318,C100200,1984-09-07,Female,Pune,99008.06,2024-02-12,191151,26364.85,39.8
T502101,C100320,1980-02-27,Male,Lucknow,23034.86,2024-02-13,210718,104.36,44.3
T500830,C100549,1985-03-20,Female,Delhi,92675.9,2024-01-08,170715,373.92,39.3
T505411,C100605,,Male,Lucknow,79326.66,2024-07-30,54816,7138.74,40.7
T504445,C100192,1970-06-27,Female,Chennai,37732.31,2024-04-12,212832,658.75,54.0
T500746,C100215,,Male,Jaipur,51679.23,2024-08-12,73616,4221.1,40.7
T504784,C100383,1990-04-20,Male,Bangalore,38999.36,2024-08-15,72833,2206.1,34.2
T501076,C100452,1966-10-27,Female,Mumbai,33276.34,2024-08-21,71809,1255.82,57.7
T505986,C100057,1998-12-21,Male,Hyderabad,108663.77,2024-07-06,180734,4530.8,25.5
T504367,C100321,,Male,Bangalore,66868.65,2024-09-06,123501,4966.28,40.7
T502567,C100757,,Unknown,Nagpur,128307.71,2024-03-21,145156,7533.7,40.7
T504665,C100628,1990-09-03,Male,Pune,109284.74,2024-10-12,171345,2915.25,33.8
T500915,C100582,1977-10-10,Unknown,Chennai,35767.69,2024-02-20,164603,2740.49,46.7
T500807,C100735,1971-11-02,Unknown,Hyderabad,55080.47,2024-01-19,20336,161.18,52.7
T503271,C100733,2001-03-05,Female,Bangalore,244077.09,2024-08-28,40214,56.39,23.3
T505719,C100075,2001-02-25,Female,Hyderabad,13759.87,2024-09-29,214921,124.8,23.3
T504193,C100670,1983-10-26,Female,Mumbai,371867.09,2024-01-30,1855,2057.3999999999996,40.7
T505654,C100651,1989-01-02,Female,Chennai,79050.49,2024-12-22,125701,3207.82,35.5
T505424,C100242,1991-05-14,Male,Hyderabad,103866.17,2024-10-03,2603,4479.24,33.1
T500700,C100346,1993-08-22,Male,Pune,134207.78,2024-09-14,214747,4508.42,30.9
T501528,C100503,1956-08-12,Female,Pune,146446.03,2024-03-14,121245,1210.6,67.9
T502416,C100792,1983-12-13,Male,Bengaluru,147204.05,2024-05-24,51257,677.78,40.5
T503455,C100785,2000-02-01,Male,Chennai,102157.68,2024-03-22,105953,6082.78,24.4
T503921,C100162,1997-09-24,Male,Delhi,42810.3,2024-09-08,181754,4491.16,26.8
T505316,C100280,1996-06-03,Male,Kolkata,61078.77,2024-06-25,60018,2926.15,28.1
T500432,C100568,,Unknown,Jaipur,51367.71,2024-04-22,195504,272883.0199999997,40.7
T503154,C100299,2003-07-15,Male,Jaipur,47693.35,2024-07-14,48,1853.26,21.0
T501900,C100253,1978-03-27,Male,Bangalore,107511.5,2024-02-24,133231,3078.71,46.3
T501555,C100012,1993-10-12,Female,Unknown,50102.02,2024-02-10,114837,1150.51,30.7
T504115,C100143,1981-07-23,Male,Pune,241385.44,2024-02-05,232433,7370.78,42.9
T501329,C100244,1983-09-24,Female,Delhi,52253.95,2024-10-15,195618,3142.69,40.8
T503654,C100585,,Female,Chennai,51724.58,2024-05-22,10146,2732.73,40.7
T503446,C100345,1983-05-01,Female,Kolkata,12276.92,2024-08-31,224240,2057.3999999999996,41.2
T501668,C100567,1992-01-23,Female,Nagpur,11762.16,2024-07-19,121031,1214.59,32.4
T503622,C100655,,Unknown,Surat,24838.77,2024-04-18,51910,134.51,40.7
T505587,C100052,,Female,Mumbai,54071.44,2024-10-01,133555,1814.14,40.7
T502069,C100024,1995-02-03,Male,Mumbai,5504.61,2024-05-30,190927,3143.92,29.4
T502929,C100207,1974-06-06,Male,Delhi,68660.4,2024-11-26,194604,2782.68,50.1
T505599,C100631,1970-03-15,Male,Delhi,47693.35,2024-02-22,171652,1501.59,54.3
T505004,C100418,1960-01-14,Unknown,Hyderabad,51367.71,2024-11-25,221710,2057.3999999999996,64.5
T505363,C100197,1987-04-09,Male,Bengaluru,12957.49,2024-10-31,64309,381.73,37.2
T501882,C100068,2003-08-22,Unknown,Bengaluru,51367.71,2024-06-28,112626,783.23,20.9
T504122,C100495,1977-03-09,Male,Mumbai,638.04,2024-05-12,173058,1184.22,47.3
T503157,C100352,1998-02-03,Female,Delhi,52253.95,2024-09-07,213645,6684.7,26.4
T505377,C100380,,Female,Delhi,52253.95,2024-06-03,202249,418.06,40.7
T505506,C100647,,Female,Chennai,27953.84,2024-07-04,213826,734.31,40.7
T504107,C100060,2001-09-21,Male,Hyderabad,4623.6,2024-10-10,235345,2977.84,22.8
T502605,C100134,1959-04-17,Male,Hyderabad,12808.18,2024-11-24,83040,25.67,65.2
T502969,C100173,2003-09-18,Female,Pune,28296.42,2024-05-29,114548,15330.96,20.8
T504361,C100370,2001-12-02,Female,Mumbai,25951.83,2024-05-03,152555,578.64,22.6
T505763,C100664,1987-01-09,Unknown,Mumbai,99475.96,2024-05-10,112802,1968.24,37.5
T504845,C100173,2003-09-18,Female,Pune,28296.42,2024-04-18,12452,6381.3,20.8
T505677,C100207,1974-06-06,Male,Delhi,68660.4,2024-03-22,104452,2234.89,50.1
T500162,C100566,1975-06-21,Female,Kolkata,12023.59,2024-10-21,192554,826.43,49.0
T500318,C100549,1985-03-20,Female,Delhi,92675.9,2024-12-17,73129,960.44,39.3
T502626,C100747,1969-08-14,Female,Mumbai,52638.76,2024-04-18,83506,3077.61,54.9
T503340,C100178,1996-02-12,Female,Mumbai,18046.45,2024-07-30,94617,1275.14,28.4
T503139,C100328,1993-09-23,Female,Mumbai,138849.89,2024-02-29,55218,2057.3999999999996,30.8
T502831,C100374,1997-06-01,Female,Jaipur,55312.12,2024-06-07,63046,2057.3999999999996,27.1
T502179,C100479,1980-10-22,Female,Kolkata,98501.77,2024-01-17,171011,6648.17,43.7
T501216,C100406,,Female,Chennai,70730.83,2024-06-14,135021,2764.26,40.7
T502503,C100090,1973-06-11,Male,Pune,17694.21,2024-08-20,92312,1421.71,51.1
T502889,C100317,1983-03-05,Unknown,Surat,27760.8,2024-11-27,202133,521.23,41.3
T503058,C100143,1981-07-23,Male,Pune,241385.44,2024-12-17,175405,18608.4,42.9
T504036,C100743,1968-05-24,Male,Unknown,121700.99,2024-08-23,102127,1917.91,56.1
T502810,C100668,1978-07-21,Female,Bangalore,99681.03,2024-12-29,154025,10891.06,45.9
T500737,C100177,,Unknown,Ahmedabad,208320.55,2024-03-05,175242,2987.3,40.7
T501661,C100750,1976-09-20,Male,Mumbai,140121.33,2024-09-01,152325,1222.57,47.8
T502654,C100249,1980-02-06,Female,Bangalore,10242.73,2024-07-13,105809,1163.02,44.4
T505668,C100757,,Unknown,Nagpur,128307.71,2024-09-13,60705,10426.39,40.7
T503368,C100594,1990-02-24,Male,Hyderabad,73506.23,2024-03-27,202905,5097.48,34.3
T501684,C100541,,Male,Ahmedabad,186265.55,2024-07-18,61357,2014.08,40.7
T505009,C100491,1974-05-21,Female,Pune,8845.0,2024-11-18,92243,1391.75,50.1
T500231,C100654,1979-10-15,Male,Bengaluru,55160.82,2024-05-27,21814,3133.83,44.7
T502423,C100645,1981-11-02,Male,Unknown,47693.35,2024-01-06,70708,5699.51,42.7
T502996,C100375,1999-11-27,Male,Nagpur,267588.1,2024-11-12,201000,587.66,24.6
T505145,C100264,1984-06-01,Male,Hyderabad,47693.35,2024-03-15,84439,13434.83,40.1
T501561,C100589,,Female,Chennai,101026.53,2024-01-18,75251,11387.94,40.7
T500956,C100286,1981-05-16,Female,Jaipur,28080.8,2024-03-22,173433,2034.98,43.1
T501388,C100410,,Male,Bangalore,9932.03,2024-04-18,213239,951.28,40.7
T501625,C100473,1982-04-03,Female,Bengaluru,52253.95,2024-06-23,2034,4630.79,42.2
T504393,C100770,1995-12-02,Female,Jaipur,52253.95,2024-10-08,195017,1904.85,28.6
T501144,C100400,1961-12-17,Female,Pune,52253.95,2024-08-03,213457,1941.56,62.5
T503026,C100565,2004-09-19,Female,Bangalore,67225.87,2024-01-22,75621,4968.77,19.8
T501884,C100114,1977-09-22,Female,Lucknow,52253.95,2024-10-23,65238,2057.3999999999996,46.8
T502945,C100599,1960-07-23,Male,Surat,8719.83,2024-11-23,104633,1221.27,63.9
T505466,C100709,2001-12-15,Female,Nagpur,253403.83,2024-08-19,100211,16750.8,22.5
T502502,C100126,1992-08-14,Unknown,Jaipur,17927.78,2024-11-01,54510,431.89,31.9
T503263,C100153,1982-08-04,Female,Lucknow,379373.89,2024-09-19,94227,3069.99,41.9
T503169,C100320,1980-02-27,Male,Lucknow,23034.86,2024-04-12,122121,226.18,44.3
T505324,C100339,1966-04-20,Male,Pune,62182.35,2024-09-20,192919,11583.25,58.2
T502584,C100114,1977-09-22,Female,Lucknow,52253.95,2024-10-04,35450,1248.52,46.8
T500987,C100248,1970-05-12,Male,Kolkata,89559.95,2024-09-25,3851,160.41,54.1
T505787,C100245,1955-03-12,Male,Pune,7617.01,2024-08-12,185225,339.98,69.3
T502371,C100566,1975-06-21,Female,Kolkata,12023.59,2024-05-11,112851,842.3,49.0
T503359,C100757,,Unknown,Nagpur,128307.71,2024-04-12,143235,7831.96,40.7
T504642,C100764,1966-06-14,Male,Jaipur,62112.48,2024-12-13,115353,8143.09,58.0
T505267,C100219,1997-11-21,Female,Bengaluru,20875.12,2024-06-06,92319,1329.63,26.6
T504970,C100014,1995-01-22,Male,Lucknow,72097.18,2024-11-04,90055,5178.37,29.4
T505614,C100549,1985-03-20,Female,Delhi,92675.9,2024-02-19,61513,168.48,39.3
T502016,C100309,1970-04-13,Female,Mumbai,40590.8,2024-08-05,110756,1808.44,54.2
T505082,C100111,1961-02-13,Female,Bengaluru,31428.6,2024-03-26,183652,2116.23,63.4
T505074,C100614,1968-08-13,Male,Chennai,11618.4,2024-09-07,130100,537.39,55.9
T501665,C100102,1981-07-14,Male,Kolkata,15311.0,2024-03-13,125346,686.57,43.0
T500971,C100215,,Male,Jaipur,51679.23,2024-12-19,11535,997.78,40.7
T505578,C100386,,Unknown,Jaipur,12445.0,2024-11-28,31636,523.58,40.7
T503847,C100475,,Female,Bengaluru,89827.75,2024-10-26,182242,194.66,40.7
T500893,C100016,1956-02-07,Female,Mumbai,21454.12,2024-09-29,114154,497.83,68.4
T505001,C100419,,Male,Delhi,26055.1,2024-12-05,190724,191.76,40.7
T505123,C100621,2001-07-16,Female,Hyderabad,58120.95,2024-02-11,22946,348.13,23.0
T501895,C100760,1974-03-14,Female,Mumbai,286147.6,2024-02-10,24130,14286.78,50.3
T501179,C100082,,Unknown,Hyderabad,3621.26,2024-02-21,12319,698.39,40.7
T504878,C100646,,Male,Delhi,56399.4,2024-08-28,163534,2535.86,40.7
T501128,C100103,1991-02-14,Unknown,Delhi,51367.71,2024-08-24,73659,2089.99,33.4
T500961,C100650,1969-08-17,Female,Ahmedabad,88102.77,2024-11-02,90122,945.14,54.9
T500892,C100390,,Female,Delhi,5005.43,2024-02-14,125218,1999.47,40.7
T503265,C100534,1980-09-21,Female,Mumbai,52253.95,2024-01-27,204312,3009.35,43.8
T500325,C100479,1980-10-22,Female,Kolkata,98501.77,2024-01-22,541,8550.54,43.7
T502086,C100792,1983-12-13,Male,Bengaluru,147204.05,2024-11-16,25613,6920.06,40.5
T501847,C100566,1975-06-21,Female,Kolkata,12023.59,2024-07-12,144055,218.84,49.0
T504688,C100705,1964-12-03,Female,Bengaluru,92850.2,2024-11-27,142931,2532.18,59.6
T502837,C100199,1983-08-12,Male,Mumbai,71799.72,2024-12-22,85103,790.96,40.9
T505666,C100037,1994-03-09,Female,Delhi,33340.33,2024-10-20,35212,128325.0,30.3
T503261,C100436,,Female,Jaipur,93354.27,2024-07-24,74057,6218.49,40.7
T501169,C100023,1975-05-12,Male,Hyderabad,5699.11,2024-08-12,3938,379.01,49.1
T504224,C100235,1981-09-21,Female,Pune,15017.22,2024-10-05,85036,113.38,42.8
T504471,C100736,1994-08-24,Male,Mumbai,21365.93,2024-05-25,13021,7915.58,29.9
T503182,C100080,1998-05-06,Male,Bangalore,772078.46,2024-08-26,131525,13289.5,26.2
T503541,C100750,1976-09-20,Male,Mumbai,140121.33,2024-03-08,132444,9223.6,47.8
T503753,C100691,1998-08-13,Male,Pune,47693.35,2024-01-20,84157,7055.01,25.9
T503145,C100619,1979-10-27,Female,Jaipur,618590.11,2024-06-01,82400,7941.38,44.7
T501118,C100628,1990-09-03,Male,Pune,109284.74,2024-04-07,30116,2514.07,33.8
T501015,C100611,,Male,Bangalore,47693.35,2024-08-23,15216,19389.89,40.7
T505106,C100437,1977-05-10,Female,Pune,58587.83,2024-11-03,40924,2861.07,47.1
T503417,C100708,1964-01-27,Male,Kolkata,48367.85,2024-06-20,141429,1943.42,60.4
T502976,C100622,1963-08-04,Male,Pune,114620.95,2024-11-12,170422,7349.32,60.9
T504683,C100532,2004-08-12,Male,Ahmedabad,47693.35,2024-10-30,60216,2762.0,19.9
T502924,C100239,1978-10-02,Male,Chennai,30783.15,2024-10-29,194521,564.28,45.7
T500101,C100765,1958-11-07,Male,Chennai,22571.43,2024-03-02,101406,452.3,65.6
T501749,C100240,2003-12-24,Male,Mumbai,58083.3,2024-08-13,214813,3732.53,20.5
T504177,C100324,,Male,Ahmedabad,8250.81,2024-03-03,93050,1118.78,40.7
T501935,C100399,,Female,Jaipur,32377.8,2024-06-03,210650,1038.54,40.7
T500953,C100434,,Unknown,Hyderabad,17342.63,2024-01-10,224853,4379.24,40.7
T505380,C100698,1986-10-03,Male,Mumbai,186379.37,2024-08-17,191232,11173.99,37.7
T500232,C100667,1996-11-02,Female,Chennai,20940.54,2024-10-31,121320,3015.01,27.7
T501244,C100037,1994-03-09,Female,Delhi,33340.33,2024-12-27,15915,142.93,30.3
T505124,C100155,,Male,Chennai,47693.35,2024-07-23,204842,243915.0,40.7
T501543,C100764,1966-06-14,Male,Jaipur,62112.48,2024-01-06,23215,1043.02,58.0
T500073,C100743,1968-05-24,Male,Unknown,121700.99,2024-10-05,164816,1292.71,56.1
T505753,C100188,1981-12-18,Male,Pune,34870.27,2024-11-23,231931,1390.8,42.5
T504584,C100733,2001-03-05,Female,Bangalore,244077.09,2024-07-17,125946,7400.67,23.3
T501354,C100620,1967-06-27,Unknown,Chennai,22920.89,2024-11-01,135503,802.16,57.0
T504483,C100310,1984-08-23,Male,Hyderabad,323760.11,2024-05-26,45210,12254.14,39.9
T504138,C100032,1977-10-16,Female,Kolkata,27810.1,2024-06-17,182316,594.28,46.7
T503508,C100527,,Male,Ahmedabad,6830.51,2024-01-03,224619,1069.86,40.7
T503763,C100178,1996-02-12,Female,Mumbai,18046.45,2024-10-14,210922,2387.45,28.4
T502937,C100407,,Female,Jaipur,11790.29,2024-03-02,195936,5282.45,40.7
T501166,C100161,1999-05-26,Male,Lucknow,68566.76,2024-08-19,165255,3122.58,25.1
T503476,C100545,1965-11-14,Female,Mumbai,76933.29,2024-06-03,225145,505.82,58.6
T504710,C100761,1989-02-09,Female,Surat,25607.8,2024-05-03,183832,2211.22,35.4
T505454,C100556,,Female,Hyderabad,92723.33,2024-05-05,151721,209.76,40.7
T504899,C100556,,Female,Hyderabad,92723.33,2024-10-01,54741,5473.32,40.7
T502919,C100421,1985-01-17,Male,Chennai,123501.29,2024-11-16,140309,773.99,39.4
T502457,C100644,1991-12-17,Male,Pune,10681.0,2024-12-14,32144,2057.3999999999996,32.5
T504889,C100596,1972-04-07,Male,Mumbai,240531.19,2024-04-09,124124,3902.08,52.2
T504554,C100652,1991-12-20,Male,Unknown,58919.28,2024-10-07,182609,8197.58,32.5
T503319,C100702,,Female,Mumbai,2914.57,2024-07-13,92545,537.56,40.7
T505403,C100546,1993-05-20,Male,Delhi,76684.14,2024-09-22,2149,3736.4,31.1
T504975,C100278,1989-05-16,Male,Bangalore,113740.31,2024-07-26,123401,796.0,35.1
T502585,C100558,1958-07-13,Female,Hyderabad,43904.78,2024-03-21,145543,2057.3999999999996,66.0
T504095,C100292,,Female,Mumbai,9547.79,2024-10-27,43257,706.78,40.7
T501282,C100543,1989-02-25,Male,Chennai,28641.23,2024-11-11,140035,4988.73,35.3
T500080,C100690,,Male,Bangalore,120392.94,2024-05-28,150244,9957.63,40.7
T501740,C100044,1962-08-19,Male,Hyderabad,43950.32,2024-08-05,175330,12694.39,61.9
T500405,C100693,1988-10-11,Female,Jaipur,247886.54,2024-05-11,155959,11506.59,35.7
T504659,C100280,1996-06-03,Male,Kolkata,61078.77,2024-09-01,230801,1527.21,28.1
T505318,C100379,1983-04-05,Male,Mumbai,71283.08,2024-12-07,143905,211.37,41.2
T503709,C100681,1967-05-15,Female,Lucknow,239151.47,2024-02-06,51740,1600.7,57.1
T503356,C100162,1997-09-24,Male,Delhi,42810.3,2024-04-10,173126,3663.8,26.8
T501586,C100510,2000-08-03,Female,Ahmedabad,235563.0,2024-06-08,24342,1133.37,23.9
T503756,C100205,1967-04-14,Female,Pune,35559.48,2024-02-12,61748,263.96,57.2
T505875,C100723,1971-06-05,Male,Surat,78759.05,2024-07-29,43240,3320.2,53.1
T501429,C100316,1994-03-18,Male,Mumbai,11959.24,2024-11-07,73754,2297.85,30.3
T503438,C100123,1996-09-14,Male,Hyderabad,24576.12,2024-08-24,82452,518.08,27.8
T504810,C100241,1972-06-24,Male,Pune,46874.59,2024-11-11,90202,1683.05,52.0
T502959,C100368,1991-10-16,Female,Jaipur,144315.15,2024-01-08,131649,17330.33,32.7
T500960,C100312,1971-03-04,Female,Nagpur,52253.95,2024-01-07,152250,820.86,53.3
T502519,C100069,1969-07-10,Male,Unknown,884.62,2024-12-13,64537,1029.86,55.0
T501450,C100210,1956-12-04,Female,Delhi,112806.44,2024-12-08,172807,3954.8,67.6
T504282,C100687,1961-01-23,Female,Jaipur,52253.95,2024-01-26,124141,960.93,63.4
T502926,C100155,,Male,Chennai,47693.35,2024-08-27,212055,262960.0,40.7
T500921,C100429,1992-05-17,Female,Delhi,40293.13,2024-08-06,204108,1849.41,32.1
T503357,C100634,1987-06-04,Female,Mumbai,31133.41,2024-11-06,54832,64.89,37.1
T505873,C100731,1992-02-17,Male,Hyderabad,47693.35,2024-01-21,51854,1520.8,32.4
T505232,C100556,,Female,Hyderabad,92723.33,2024-07-28,92141,1279.36,40.7
T502790,C100414,2002-02-15,Female,Pune,61143.12,2024-07-10,41418,2057.3999999999996,22.4
T502317,C100021,1996-01-24,Male,Hyderabad,51078.01,2024-06-01,214542,1965.87,28.4
T503462,C100611,,Male,Bangalore,47693.35,2024-11-29,181534,16627.38,40.7
T505347,C100486,1993-04-07,Female,Pune,3302.51,2024-05-21,40245,1163.35,31.2
T503082,C100209,,Female,Unknown,38752.88,2024-07-05,53436,67.46,40.7
T502911,C100480,1993-09-08,Female,Mumbai,37940.98,2024-06-25,24643,1143.53,30.8
T502572,C100010,1989-09-06,Female,Kolkata,239001.2,2024-10-18,102013,6158.12,34.8
T503098,C100372,1983-12-19,Female,Mumbai,59995.96,2024-07-21,150853,696.9,40.5
T504250,C100035,1992-05-22,Male,Mumbai,47693.35,2024-03-28,91651,2511.42,32.1
T504274,C100390,,Female,Delhi,5005.43,2024-08-12,105028,1678.37,40.7
T505134,C100692,1971-01-16,Male,Surat,47693.35,2024-10-06,70241,2419.27,53.5
T503698,C100299,2003-07-15,Male,Jaipur,47693.35,2024-07-30,222245,6795.35,21.0
T505153,C100163,1970-08-04,Male,Kolkata,3126.03,2024-02-29,151126,2253.17,53.9
T501335,C100251,1957-05-01,Female,Pune,19062.18,2024-04-14,80156,4191.94,67.2
T501175,C100156,1992-03-25,Male,Nagpur,23214.84,2024-04-12,215549,450.65,32.3
T505792,C100379,1983-04-05,Male,Mumbai,71283.08,2024-10-28,174202,2315.01,41.2
T505807,C100262,,Female,Hyderabad,52253.95,2024-08-09,62214,505.71,40.7
T500651,C100564,1959-09-18,Female,Ahmedabad,33632.16,2024-02-18,13841,568.57,64.8
T502604,C100104,1987-03-19,Female,Unknown,20769.58,2024-03-19,42358,83.68,37.3
T502024,C100175,1997-09-06,Unknown,Jaipur,66674.74,2024-01-18,91534,423.25,26.8
T503186,C100781,,Female,Lucknow,52253.95,2024-04-29,104101,3403.22,40.7
T503728,C100750,1976-09-20,Male,Mumbai,140121.33,2024-08-09,232813,4044.79,47.8
T505445,C100497,,Male,Hyderabad,28147.07,2024-06-05,131330,2057.3999999999996,40.7
T500213,C100653,1965-07-06,Female,Ahmedabad,305029.15,2024-09-07,1436,16106.82,59.0
T503813,C100560,,Female,Jaipur,25797.87,2024-05-02,122940,2222.81,40.7
T500603,C100278,1989-05-16,Male,Bangalore,113740.31,2024-11-21,200755,6165.17,35.1
T505038,C100028,1973-05-26,Unknown,Hyderabad,51367.71,2024-12-17,132830,5264.71,51.1
T504754,C100476,1964-07-27,Female,Pune,66112.87,2024-03-22,164801,2553.72,59.9
T503667,C100690,,Male,Bangalore,120392.94,2024-02-29,234029,15667.17,40.7
T500368,C100623,1972-11-07,Female,Nagpur,52253.95,2024-01-08,204523,6310.85,51.6
T500470,C100681,1967-05-15,Female,Lucknow,239151.47,2024-01-22,144624,2632.57,57.1
T500741,C100436,,Female,Jaipur,93354.27,2024-04-20,202843,16778.35,40.7
T501121,C100735,1971-11-02,Unknown,Hyderabad,55080.47,2024-11-27,222917,642.86,52.7
T501338,C100368,1991-10-16,Female,Jaipur,144315.15,2024-10-01,43246,1844.78,32.7
T500221,C100304,2001-11-15,Female,Ahmedabad,16445.74,2024-09-03,200825,1643.63,22.6
T500562,C100078,1963-07-19,Female,Chennai,51575.85,2024-10-25,74001,196.05,61.0
T504015,C100204,1969-02-01,Unknown,Jaipur,19428.09,2024-03-18,114008,2057.3999999999996,55.4
T503898,C100213,1989-03-26,Female,Kolkata,16101.96,2024-04-02,31356,2760.44,35.3
T502379,C100311,1973-01-02,Female,Hyderabad,63960.0,2024-03-12,42815,998.67,51.5
T502957,C100344,1963-04-13,Unknown,Unknown,4994.06,2024-03-09,24045,632.57,61.2
T504846,C100531,,Male,Chennai,38254.58,2024-10-09,2531,807.55,40.7
T502114,C100097,1991-02-26,Female,Pune,6498.69,2024-04-04,14253,614.09,33.3
T502779,C100379,1983-04-05,Male,Mumbai,71283.08,2024-04-09,214638,3035.7,41.2
T502079,C100350,1984-05-06,Male,Bengaluru,47693.35,2024-09-10,204517,3328.5,40.2
T504387,C100240,2003-12-24,Male,Mumbai,58083.3,2024-05-12,155006,878.71,20.5
T502536,C100491,1974-05-21,Female,Pune,8845.0,2024-03-03,172146,675.13,50.1
T503283,C100267,1964-03-24,Female,Bengaluru,100432.83,2024-09-14,175530,462.34,60.3
T503732,C100143,1981-07-23,Male,Pune,241385.44,2024-12-07,121237,3841.7,42.9
T505671,C100249,1980-02-06,Female,Bangalore,10242.73,2024-06-22,155307,1146.22,44.4
T504756,C100076,2001-07-05,Female,Ahmedabad,12298.94,2024-03-04,155346,1602.02,23.0
T503956,C100238,1981-10-25,Unknown,Pune,51367.71,2024-01-25,180225,2179.08,42.7
T503613,C100642,2004-06-16,Male,Surat,10108.04,2024-06-14,84614,1779.78,20.0
T502600,C100646,,Male,Delhi,56399.4,2024-02-19,175516,505.02,40.7
T505367,C100750,1976-09-20,Male,Mumbai,140121.33,2024-03-28,175414,34.28,47.8
T503571,C100537,1963-01-27,Female,Chennai,26621.54,2024-09-28,231932,7509.18,61.4
T504139,C100293,1989-05-13,Male,Bangalore,10023.2,2024-07-26,13737,157.1,35.1
T501817,C100254,1964-06-08,Female,Ahmedabad,184790.05,2024-01-14,163100,11390.31,60.1
T501698,C100594,1990-02-24,Male,Hyderabad,73506.23,2024-05-08,144456,2057.3999999999996,34.3
T500100,C100352,1998-02-03,Female,Delhi,52253.95,2024-12-24,162711,4625.13,26.4
T501524,C100737,1961-06-03,Female,Delhi,71291.17,2024-08-27,4126,3661.92,63.1
T502571,C100555,1993-03-27,Female,Ahmedabad,66420.28,2024-05-02,151611,1565.22,31.3
T503691,C100044,1962-08-19,Male,Hyderabad,43950.32,2024-07-13,75432,1938.5,61.9
T505414,C100419,,Male,Delhi,26055.1,2024-08-06,90756,1448.61,40.7
T501227,C100428,1981-03-17,Male,Pune,163084.05,2024-09-11,110613,10422.2,43.3
T502120,C100712,1984-12-18,Male,Nagpur,7145.18,2024-11-10,81905,156.31,39.5
T505795,C100313,1960-05-13,Female,Bangalore,7441.04,2024-02-14,94352,1592.4,64.1
T505228,C100756,1960-11-09,Male,Surat,19451.56,2024-04-18,51412,852.07,63.6
T501153,C100481,1988-05-22,Male,Jaipur,1624.3,2024-07-27,42226,445.98,36.1
T500067,C100696,1975-05-18,Male,Unknown,295142.68,2024-05-22,201054,16449.47,49.1
T502450,C100443,2004-05-13,Female,Nagpur,102909.31,2024-01-03,12833,1765.65,20.1
T500875,C100780,,Female,Surat,1632.01,2024-05-20,130742,519.83,40.7
T503550,C100495,1977-03-09,Male,Mumbai,638.04,2024-08-16,100552,810.85,47.3
T503439,C100504,1999-12-20,Male,Jaipur,97634.59,2024-10-06,72839,7557.22,24.5
T502783,C100548,1982-08-07,Female,Nagpur,53292.45,2024-11-26,133645,787.48,41.9
T503581,C100346,1993-08-22,Male,Pune,134207.78,2024-09-23,45110,9983.99,30.9
T501640,C100261,1960-11-11,Unknown,Ahmedabad,4697.32,2024-12-22,65838,483.86,63.6
T504692,C100522,,Male,Chennai,35215.42,2024-02-26,143135,2396.99,40.7
T502334,C100070,1994-10-17,Female,Lucknow,29489.38,2024-03-09,144808,2573.42,29.7
T500372,C100608,1978-05-11,Male,Nagpur,49274.28,2024-01-10,204004,2242.56,46.1
T501545,C100383,1990-04-20,Male,Bangalore,38999.36,2024-01-31,54935,7002.68,34.2
T501306,C100300,1990-07-09,Male,Chennai,47693.35,2024-10-11,161236,2057.3999999999996,34.0
T505105,C100771,,Female,Kolkata,9840.47,2024-06-14,211600,1268.09,40.7
T503366,C100047,1966-07-11,Female,Hyderabad,22419.5,2024-06-27,75728,3872.46,58.0
T500147,C100532,2004-08-12,Male,Ahmedabad,47693.35,2024-06-21,73713,646.75,19.9
T500493,C100776,1964-01-07,Female,Bangalore,31244.52,2024-05-10,172616,3421.69,60.5
T501276,C100384,1998-07-13,Female,Kolkata,102416.63,2024-01-08,162432,3394.85,26.0
T503579,C100753,1958-12-05,Male,Ahmedabad,47693.35,2024-09-29,2453,7289.21,65.6
T505023,C100100,1984-03-05,Female,Bengaluru,21883.94,2024-01-26,60428,111.94,40.3
T503218,C100542,1995-07-05,Male,Pune,27050.64,2024-02-11,54100,100518.0,29.0
T502209,C100507,1989-04-26,Male,Hyderabad,8532.88,2024-05-21,115355,2275.43,35.2
T502707,C100202,1976-09-08,Female,Surat,57912.5,2024-07-31,113616,6647.52,47.8
T500665,C100232,1984-12-23,Unknown,Chennai,41614.26,2024-03-15,233710,676.06,39.5
T502299,C100263,,Female,Bangalore,52253.95,2024-03-01,153337,2473.66,40.7
T505851,C100079,2004-07-20,Male,Delhi,80811.92,2024-01-28,180606,8610.77,19.9
T504527,C100773,1982-04-10,Unknown,Kolkata,51367.71,2024-03-14,111657,12344.65,42.2
T503931,C100247,1986-05-17,Female,Unknown,60362.87,2024-09-12,110938,1325.65,38.1
T501146,C100242,1991-05-14,Male,Hyderabad,103866.17,2024-12-26,192121,748.45,33.1
T502413,C100798,2000-02-01,Male,Delhi,17004.51,2024-08-31,70211,416.62,24.4
T501430,C100380,,Female,Delhi,52253.95,2024-03-26,121931,1947.94,40.7
T502208,C100593,,Male,Ahmedabad,77632.67,2024-02-07,124211,2160.18,40.7
T500663,C100686,,Female,Delhi,52253.95,2024-06-22,95247,1526.7,40.7
T503350,C100234,1998-03-15,Female,Chennai,59188.47,2024-05-03,84248,3312.33,26.3
T503469,C100091,1994-12-19,Female,Kolkata,138944.05,2024-07-28,1132,2029.14,29.5
T502494,C100378,2003-11-06,Male,Chennai,47693.35,2024-07-13,50704,1423.92,20.6
T501209,C100372,1983-12-19,Female,Mumbai,59995.96,2024-11-07,100820,6192.97,40.5
T502714,C100674,1998-05-02,Male,Pune,3566.68,2024-11-03,42428,1214.08,26.2
T503484,C100125,1962-08-01,Male,Mumbai,17605.36,2024-02-18,133150,906.24,61.9
T504566,C100274,1973-07-26,Male,Kolkata,47693.35,2024-05-30,110802,4895.51,50.9
T502463,C100640,2003-11-22,Male,Ahmedabad,47693.35,2024-03-04,235908,2053.45,20.6
T504481,C100758,1995-09-16,Female,Pune,8457.46,2024-02-26,130905,375.38,28.8
T503814,C100527,,Male,Ahmedabad,6830.51,2024-06-22,213808,848.71,40.7
T501421,C100284,1987-04-12,Male,Lucknow,21229.49,2024-03-21,11946,267.84,37.2
T504675,C100155,,Male,Chennai,47693.35,2024-07-18,115252,1714.69,40.7
T504643,C100103,1991-02-14,Unknown,Delhi,51367.71,2024-10-30,211453,5888.02,33.4
T505425,C100623,1972-11-07,Female,Nagpur,52253.95,2024-01-30,202345,2137.78,51.6
T504196,C100546,1993-05-20,Male,Delhi,76684.14,2024-12-13,155758,3451.47,31.1
T500531,C100631,1970-03-15,Male,Delhi,47693.35,2024-05-29,90327,306.55,54.3
T500078,C100504,1999-12-20,Male,Jaipur,97634.59,2024-07-24,10446,5270.11,24.5
T503750,C100610,1976-06-03,Male,Unknown,125370.42,2024-10-20,70530,9148.88,48.1
T503355,C100525,1969-05-10,Female,Chennai,212533.64,2024-06-21,62150,8059.32,55.1
T501704,C100538,1970-08-11,Male,Ahmedabad,47693.35,2024-11-23,143726,100.04,53.9
T503523,C100532,2004-08-12,Male,Ahmedabad,47693.35,2024-04-18,32138,3981.99,19.9
T503522,C100193,1986-11-26,Male,Delhi,16440.96,2024-01-29,134819,1114.16,37.6
T504563,C100249,1980-02-06,Female,Bangalore,10242.73,2024-03-13,192257,1364.57,44.4
T504706,C100580,1993-07-18,Female,Mumbai,29452.82,2024-07-03,153112,3319.48,31.0
T505877,C100554,1980-01-24,Male,Surat,31094.72,2024-10-21,61516,698.85,44.4
T504850,C100414,2002-02-15,Female,Pune,61143.12,2024-09-30,181437,1659.68,22.4
T505441,C100274,1973-07-26,Male,Kolkata,47693.35,2024-06-19,31602,1164.19,50.9
T505991,C100264,1984-06-01,Male,Hyderabad,47693.35,2024-07-22,133018,21754.35,40.1
T500079,C100436,,Female,Jaipur,93354.27,2024-08-05,42759,2119.92,40.7
T501320,C100041,1982-06-22,Male,Bangalore,22606.16,2024-03-22,3223,960.34,42.0
T501235,C100557,1988-09-20,Female,Unknown,20249.85,2024-06-08,81515,2057.3999999999996,35.8
T504734,C100631,1970-03-15,Male,Delhi,47693.35,2024-04-07,72736,2870.29,54.3
T502335,C100028,1973-05-26,Unknown,Hyderabad,51367.71,2024-08-26,61738,8044.23,51.1
T505150,C100593,,Male,Ahmedabad,77632.67,2024-05-24,121401,633.56,40.7
T501506,C100126,1992-08-14,Unknown,Jaipur,17927.78,2024-10-11,3526,3271.26,31.9
T505897,C100475,,Female,Bengaluru,89827.75,2024-06-25,12714,3773.17,40.7
T505890,C100248,1970-05-12,Male,Kolkata,89559.95,2024-11-11,195455,92.57,54.1
T503834,C100032,1977-10-16,Female,Kolkata,27810.1,2024-07-29,92718,519.19,46.7
T505436,C100510,2000-08-03,Female,Ahmedabad,235563.0,2024-04-27,193216,600.69,23.9
T504423,C100393,1981-11-11,Female,Mumbai,15018.25,2024-10-26,2112,771.83,42.6
T502573,C100337,1987-03-24,Female,Ahmedabad,120535.8,2024-10-19,152853,5899.12,37.3
T503576,C100262,,Female,Hyderabad,52253.95,2024-01-25,223400,1324.79,40.7
T505689,C100086,1987-10-15,Unknown,Lucknow,11228.91,2024-05-09,113111,361.88,36.7
T505757,C100355,1977-08-11,Male,Pune,47693.35,2024-04-27,154222,596.31,46.9
T505303,C100608,1978-05-11,Male,Nagpur,49274.28,2024-08-19,115708,1655.37,46.1
T500228,C100653,1965-07-06,Female,Ahmedabad,305029.15,2024-11-09,24430,703.81,59.0
T505619,C100795,1986-10-21,Female,Pune,43684.44,2024-12-08,153514,121.39,37.7
T500742,C100510,2000-08-03,Female,Ahmedabad,235563.0,2024-06-30,32841,19891.71,23.9
T503807,C100779,,Female,Kolkata,297969.29,2024-06-17,181034,2156.15,40.7
T502921,C100680,1964-12-27,Male,Chennai,83125.23,2024-10-12,170940,6757.27,59.5
T502310,C100109,,Male,Mumbai,83476.96,2024-09-20,122152,6007.57,40.7
T501644,C100257,,Unknown,Jaipur,88380.56,2024-09-22,153437,588.66,40.7
T503997,C100608,1978-05-11,Male,Nagpur,49274.28,2024-08-21,51559,1460.37,46.1
T505464,C100470,1997-02-05,Female,Nagpur,155474.78,2024-01-29,153847,7068.46,27.4
T503396,C100340,1974-11-10,Male,Mumbai,11896.1,2024-09-02,114231,225.85,49.6
T502443,C100238,1981-10-25,Unknown,Pune,51367.71,2024-05-25,33333,1626.28,42.7
T505049,C100126,1992-08-14,Unknown,Jaipur,17927.78,2024-10-09,212901,2793.21,31.9
T502948,C100449,2001-08-09,Male,Chennai,47693.35,2024-11-17,81636,8374.1,22.9
T500134,C100350,1984-05-06,Male,Bengaluru,47693.35,2024-04-10,145135,2057.3999999999996,40.2
T502558,C100748,1989-07-05,Male,Mumbai,63573.89,2024-04-11,52306,5109.48,35.0
T501127,C100640,2003-11-22,Male,Ahmedabad,47693.35,2024-03-24,175351,1295.53,20.6
T505397,C100476,1964-07-27,Female,Pune,66112.87,2024-03-09,223615,2586.96,59.9
T505317,C100202,1976-09-08,Female,Surat,57912.5,2024-09-17,205333,12692.59,47.8
T503601,C100375,1999-11-27,Male,Nagpur,267588.1,2024-07-01,1822,7467.67,24.6
T504164,C100696,1975-05-18,Male,Unknown,295142.68,2024-03-04,132536,11914.51,49.1
T505398,C100735,1971-11-02,Unknown,Hyderabad,55080.47,2024-06-23,112722,916.19,52.7
T502622,C100489,1990-06-02,Male,Mumbai,72526.62,2024-12-01,193718,889.4,34.1
T503473,C100479,1980-10-22,Female,Kolkata,98501.77,2024-06-05,133229,2344.76,43.7
T504076,C100164,1997-11-15,Female,Delhi,20966.32,2024-11-13,85532,1791.13,26.6
T500713,C100338,1977-03-17,Male,Chennai,34108.53,2024-08-14,143246,2658.24,47.3
T500195,C100381,2000-06-26,Female,Ahmedabad,34569.41,2024-07-07,140053,6073.36,24.0
T503143,C100724,1982-07-07,Unknown,Delhi,41634.26,2024-09-18,184455,3461.59,42.0
T504380,C100451,2002-01-19,Male,Chennai,24527.13,2024-06-16,145418,443.64,22.4
T501394,C100563,,Unknown,Delhi,51367.71,2024-10-14,132246,3634.64,40.7
T504535,C100758,1995-09-16,Female,Pune,8457.46,2024-01-02,2050,4867.27,28.8
T500904,C100745,2002-11-16,Female,Ahmedabad,53359.6,2024-11-27,60039,2393.21,21.6
T500867,C100042,1968-12-11,Male,Mumbai,41014.43,2024-04-06,103320,1282.4,55.6
T501078,C100420,1978-09-17,Male,Delhi,25796.51,2024-04-21,223607,652.91,45.8
T502607,C100068,2003-08-22,Unknown,Bengaluru,51367.71,2024-02-22,181206,2134.25,20.9
T501132,C100431,,Male,Surat,10914.09,2024-02-28,143739,1471.31,40.7
T503242,C100749,,Male,Mumbai,372624.79,2024-03-17,194938,3951.48,40.7
T503644,C100631,1970-03-15,Male,Delhi,47693.35,2024-06-05,758,4247.87,54.3
T502142,C100039,1975-06-13,Female,Bangalore,269975.33,2024-09-17,203821,10130.73,49.0
T502756,C100593,,Male,Ahmedabad,77632.67,2024-07-18,190723,14086.05,40.7
T503208,C100622,1963-08-04,Male,Pune,114620.95,2024-06-23,5334,3041.33,60.9
T500377,C100087,1996-06-22,Male,Mumbai,47693.35,2024-06-28,211441,806.67,28.0
T500474,C100161,1999-05-26,Male,Lucknow,68566.76,2024-07-20,11302,589.81,25.1
T504459,C100733,2001-03-05,Female,Bangalore,244077.09,2024-09-11,182847,15003.15,23.3
T503823,C100217,,Male,Pune,18308.71,2024-12-03,121615,3491.68,40.7
T505999,C100609,,Male,Mumbai,18375.7,2024-02-21,73511,60.01,40.7
T501854,C100696,1975-05-18,Male,Unknown,295142.68,2024-07-12,14513,2867.71,49.1
T505110,C100663,1961-03-24,Male,Unknown,600713.48,2024-02-24,64300,11289.7,63.3
T504716,C100019,,Unknown,Bengaluru,102437.46,2024-05-17,100514,2197.75,40.7
T500188,C100056,1973-08-20,Male,Chennai,116022.67,2024-05-25,215348,2159.96,50.9
T500063,C100608,1978-05-11,Male,Nagpur,49274.28,2024-05-02,200054,1176.0,46.1
T501107,C100025,1990-02-25,Male,Mumbai,14205.21,2024-09-20,141918,330.9,34.3
T503690,C100712,1984-12-18,Male,Nagpur,7145.18,2024-08-15,222909,2718.81,39.5
T503315,C100085,1983-10-17,Male,Pune,36223.4,2024-05-04,21432,4458.98,40.7
T505709,C100210,1956-12-04,Female,Delhi,112806.44,2024-03-04,50338,13778.2,67.6
T500716,C100657,1974-08-02,Male,Ahmedabad,71006.14,2024-04-30,11804,1561.17,49.9
T502744,C100200,1984-09-07,Female,Pune,99008.06,2024-12-18,51302,23938.34,39.8
T500328,C100610,1976-06-03,Male,Unknown,125370.42,2024-04-09,101312,2198.1,48.1
T504338,C100729,,Male,Lucknow,264299.97,2024-05-15,201819,10145.91,40.7
T504738,C100583,,Male,Nagpur,71828.0,2024-01-14,51654,1930.47,40.7
T500172,C100652,1991-12-20,Male,Unknown,58919.28,2024-07-11,123652,21980.79,32.5
T504080,C100195,1999-11-25,Female,Lucknow,52253.95,2024-12-11,170418,1632.71,24.6
T501649,C100598,1995-02-20,Female,Bengaluru,138205.32,2024-04-11,155101,1613.46,29.4
T505606,C100295,,Male,Bangalore,25848.99,2024-01-03,155850,913.87,40.7
T502269,C100517,2001-06-26,Male,Jaipur,53788.28,2024-01-17,171342,9070.32,23.0
T500701,C100396,,Male,Bangalore,8158.99,2024-09-27,103100,468.81,40.7
T501090,C100625,1969-02-04,Male,Lucknow,21865.24,2024-01-09,190127,2669.87,55.4
T504526,C100757,,Unknown,Nagpur,128307.71,2024-11-23,71831,2028.65,40.7
T504944,C100428,1981-03-17,Male,Pune,163084.05,2024-04-23,213840,6393.7,43.3
T504025,C100498,1999-12-16,Male,Lucknow,9148.77,2024-08-25,163414,810.53,24.5
T502057,C100378,2003-11-06,Male,Chennai,47693.35,2024-01-21,1510,8021.24,20.6
T503371,C100633,1960-05-16,Male,Jaipur,7650.67,2024-02-02,30230,1658.9,64.1
T500243,C100583,,Male,Nagpur,71828.0,2024-07-12,135008,5436.05,40.7
T503299,C100590,1974-06-03,Male,Hyderabad,26712.59,2024-01-28,62307,971.04,50.1
T505301,C100163,1970-08-04,Male,Kolkata,3126.03,2024-01-28,92941,930.1,53.9
T505392,C100550,1986-08-19,Female,Mumbai,121126.01,2024-02-06,232349,17920.66,37.9
T503346,C100378,2003-11-06,Male,Chennai,47693.35,2024-02-17,13618,5738.23,20.6
T503365,C100668,1978-07-21,Female,Bangalore,99681.03,2024-05-07,24959,4064.49,45.9
T502143,C100005,1966-11-23,Unknown,Mumbai,44083.6,2024-08-24,82316,1269.28,57.6
T501715,C100010,1989-09-06,Female,Kolkata,239001.2,2024-03-06,91902,16871.13,34.8
T500039,C100159,1997-08-16,Male,Unknown,37413.5,2024-05-26,191139,1147.7,26.9
T503150,C100015,1994-04-22,Male,Mumbai,47693.35,2024-02-27,42447,4773.49,30.2
T504861,C100525,1969-05-10,Female,Chennai,212533.64,2024-09-22,123059,5883.79,55.1
T503083,C100377,1965-07-07,Male,Bangalore,31307.17,2024-06-04,60251,8116.52,59.0
T505222,C100049,2002-11-07,Female,Pune,26295.53,2024-03-19,181732,5836.57,21.6
T500361,C100668,1978-07-21,Female,Bangalore,99681.03,2024-03-12,21503,1727.44,45.9
T505039,C100254,1964-06-08,Female,Ahmedabad,184790.05,2024-11-01,222847,7834.08,60.1
T504931,C100068,2003-08-22,Unknown,Bengaluru,51367.71,2024-06-02,95032,4912.59,20.9
T504065,C100277,1978-08-06,Female,Bengaluru,63815.79,2024-01-29,201825,2479.44,45.9
T504033,C100035,1992-05-22,Male,Mumbai,47693.35,2024-04-24,135101,1556.61,32.1
T502453,C100497,,Male,Hyderabad,28147.07,2024-10-30,73343,1510.77,40.7
T505789,C100387,1977-02-16,Male,Kolkata,20501.21,2024-01-11,114034,2057.3999999999996,47.4
T503546,C100354,1965-03-09,Male,Delhi,47693.35,2024-12-14,133840,34.13,59.3
T501246,C100181,,Male,Pune,46982.71,2024-07-13,220716,1166.39,40.7
T500444,C100639,1969-08-08,Female,Mumbai,7888.88,2024-07-03,23837,2057.3999999999996,54.9
T500640,C100186,,Female,Hyderabad,25324.25,2024-02-19,112001,308.71,40.7
T501690,C100453,,Female,Nagpur,5812.48,2024-05-29,132022,2009.43,40.7
T501832,C100720,,Male,Lucknow,53994.49,2024-02-26,170728,2880.89,40.7
T500459,C100140,1964-06-15,Unknown,Kolkata,699519.01,2024-10-09,231920,6913.53,60.0
T501680,C100370,2001-12-02,Female,Mumbai,25951.83,2024-11-20,191809,198.28,22.6
T504981,C100378,2003-11-06,Male,Chennai,47693.35,2024-10-31,63048,5061.16,20.6
T501754,C100696,1975-05-18,Male,Unknown,295142.68,2024-03-29,114627,5684.38,49.1
T505940,C100547,,Female,Delhi,49530.12,2024-10-21,180329,1734.58,40.7
T500587,C100001,1976-03-03,Unknown,Ahmedabad,43869.35,2024-04-18,112210,5749.71,48.3
T500625,C100334,1992-05-05,Unknown,Kolkata,92365.78,2024-04-17,223735,1078.43,32.2
T502039,C100332,1992-09-13,Female,Nagpur,1075.32,2024-04-15,210533,2086.33,31.8
T503573,C100380,,Female,Delhi,52253.95,2024-06-27,205248,7990.15,40.7
T503906,C100726,1966-07-04,Male,Kolkata,213622.83,2024-02-28,202155,3816.88,58.0
T501188,C100774,,Female,Pune,10948.71,2024-08-09,164441,555.47,40.7
T504120,C100230,,Female,Chennai,17144.19,2024-08-26,191906,1927.82,40.7
T500735,C100434,,Unknown,Hyderabad,17342.63,2024-09-08,213139,1446.08,40.7
T502629,C100671,1957-02-18,Male,Mumbai,60107.96,2024-02-15,145135,3352.69,67.4
T501955,C100517,2001-06-26,Male,Jaipur,53788.28,2024-06-11,114637,5932.81,23.0
T504233,C100152,2001-12-26,Unknown,Jaipur,4579.54,2024-02-28,160213,399.29,22.5
T505645,C100541,,Male,Ahmedabad,186265.55,2024-05-17,161924,1577.88,40.7
T502513,C100532,2004-08-12,Male,Ahmedabad,47693.35,2024-03-11,90433,1901.0,19.9
T503027,C100049,2002-11-07,Female,Pune,26295.53,2024-10-18,25314,978.85,21.6
T504617,C100776,1964-01-07,Female,Bangalore,31244.52,2024-11-17,115810,3472.62,60.5
T503885,C100288,1992-09-08,Unknown,Ahmedabad,35907.23,2024-11-05,201635,2375.4,31.8
T500336,C100311,1973-01-02,Female,Hyderabad,63960.0,2024-03-27,12443,2988.45,51.5
T503433,C100345,1983-05-01,Female,Kolkata,12276.92,2024-11-15,212939,926.58,41.2
T502967,C100580,1993-07-18,Female,Mumbai,29452.82,2024-05-30,193828,163.96,31.0
T503643,C100764,1966-06-14,Male,Jaipur,62112.48,2024-07-25,52848,7661.94,58.0
T500279,C100253,1978-03-27,Male,Bangalore,107511.5,2024-01-22,92018,5335.7,46.3
T503859,C100641,2004-09-15,Male,Pune,23713.23,2024-03-29,936,2005.97,19.8
T502725,C100085,1983-10-17,Male,Pune,36223.4,2024-01-05,125723,272883.0199999997,40.7
T503895,C100291,1975-08-14,Female,Pune,52253.95,2024-09-19,52453,1471.52,48.9
T500876,C100618,1967-10-10,Female,Surat,29639.57,2024-04-23,231942,2057.3999999999996,56.7
T505707,C100078,1963-07-19,Female,Chennai,51575.85,2024-07-13,4933,1010.68,61.0
T503153,C100564,1959-09-18,Female,Ahmedabad,33632.16,2024-07-31,192900,1578.59,64.8
T503414,C100654,1979-10-15,Male,Bengaluru,55160.82,2024-05-22,213836,881.69,44.7
T503170,C100589,,Female,Chennai,101026.53,2024-02-14,110832,9789.71,40.7
T505598,C100138,1972-07-16,Female,Bengaluru,13258.49,2024-04-20,34051,708.26,52.0
T500138,C100520,1979-07-13,Male,Bengaluru,57394.34,2024-11-07,101757,4112.41,45.0
T502735,C100203,2002-02-01,Female,Kolkata,3361.7,2024-07-25,224525,4328.11,22.4
T502900,C100117,1977-02-24,Male,Unknown,29662.35,2024-02-26,202153,1074.9,47.3
T500504,C100012,1993-10-12,Female,Unknown,50102.02,2024-09-11,155406,576.02,30.7
T501925,C100280,1996-06-03,Male,Kolkata,61078.77,2024-08-10,85116,3053.05,28.1
T502383,C100479,1980-10-22,Female,Kolkata,98501.77,2024-06-10,4439,8311.7,43.7
T502352,C100050,1981-01-09,Male,Unknown,3008.14,2024-04-30,151723,257.78,43.5
T504450,C100741,1966-04-24,Male,Kolkata,32097.85,2024-01-28,171737,466.76,58.2
T500913,C100484,1984-05-17,Male,Jaipur,12346.88,2024-05-10,15413,791.89,40.1
T504108,C100317,1983-03-05,Unknown,Surat,27760.8,2024-12-25,200606,3326.38,41.3
T505641,C100100,1984-03-05,Female,Bengaluru,21883.94,2024-07-10,121216,409.1,40.3
T500120,C100032,1977-10-16,Female,Kolkata,27810.1,2024-12-02,11201,5880.71,46.7
T500387,C100199,1983-08-12,Male,Mumbai,71799.72,2024-07-18,103610,1998.9,40.9
T504094,C100431,,Male,Surat,10914.09,2024-11-22,3909,376.7,40.7
T505181,C100397,1981-12-02,Female,Mumbai,1686.42,2024-11-08,173721,997.46,42.6
T500037,C100412,1985-10-02,Unknown,Mumbai,21748.09,2024-11-01,60934,4246.18,38.7
T504553,C100247,1986-05-17,Female,Unknown,60362.87,2024-06-26,175250,960.61,38.1
T502587,C100010,1989-09-06,Female,Kolkata,239001.2,2024-03-05,51605,2288.55,34.8
T501457,C100597,1972-09-02,Female,Pune,30467.88,2024-01-14,184738,2045.49,51.8
T505933,C100346,1993-08-22,Male,Pune,134207.78,2024-03-30,90417,2060.42,30.9
T505409,C100093,1965-10-15,Female,Unknown,157865.54,2024-07-15,153715,10971.56,58.7
T501263,C100331,1984-04-09,Male,Delhi,139917.52,2024-12-06,215839,1846.47,40.2
T501584,C100732,2001-04-02,Female,Chennai,14056.12,2024-05-28,181949,218.12,23.2
T501086,C100208,,Female,Bangalore,16479.19,2024-03-27,75111,2144.71,40.7
T502862,C100455,,Female,Surat,9423.4,2024-10-30,74705,2619.23,40.7
T504717,C100658,1996-06-17,Female,Chennai,62261.48,2024-04-10,225548,8042.68,28.0
T502001,C100142,1997-07-20,Female,Jaipur,52253.95,2024-10-17,124107,2196.01,26.9
T505907,C100082,,Unknown,Hyderabad,3621.26,2024-04-29,182300,529.43,40.7
T505898,C100670,1983-10-26,Female,Mumbai,371867.09,2024-06-18,223842,9247.69,40.7
T505261,C100170,1986-08-25,Male,Delhi,36174.63,2024-05-29,202138,1326.91,37.8
T504853,C100527,,Male,Ahmedabad,6830.51,2024-09-10,105151,728.74,40.7
T502441,C100065,2001-02-18,Male,Delhi,55990.05,2024-07-21,134825,3294.74,23.4
T505133,C100435,1982-06-13,Unknown,Delhi,58275.09,2024-02-23,121540,1018.25,42.0
T501521,C100350,1984-05-06,Male,Bengaluru,47693.35,2024-04-17,110658,3727.0,40.2
T504654,C100167,1989-12-06,Female,Bangalore,11248.7,2024-06-10,70033,4330.71,34.6
T502215,C100757,,Unknown,Nagpur,128307.71,2024-08-08,205331,8537.47,40.7
T503966,C100401,1997-12-22,Female,Chennai,24925.63,2024-05-06,210128,186.0,26.5
T502026,C100545,1965-11-14,Female,Mumbai,76933.29,2024-04-15,103623,8634.19,58.6
T504083,C100681,1967-05-15,Female,Lucknow,239151.47,2024-09-02,102504,10440.02,57.1
T501281,C100740,1978-08-22,Female,Jaipur,52253.95,2024-10-13,114323,2993.79,45.9
T500035,C100019,,Unknown,Bengaluru,102437.46,2024-09-05,210847,2644.16,40.7
T500631,C100538,1970-08-11,Male,Ahmedabad,47693.35,2024-08-02,191213,428.92,53.9
T505797,C100545,1965-11-14,Female,Mumbai,76933.29,2024-03-11,44040,3671.21,58.6
T502038,C100164,1997-11-15,Female,Delhi,20966.32,2024-06-03,35721,2542.63,26.6
T502557,C100143,1981-07-23,Male,Pune,241385.44,2024-04-26,175412,13418.68,42.9
T505449,C100664,1987-01-09,Unknown,Mumbai,99475.96,2024-09-14,223528,2421.13,37.5
T500728,C100457,1991-11-23,Male,Hyderabad,46885.9,2024-10-30,174848,1851.76,32.6
T504573,C100339,1966-04-20,Male,Pune,62182.35,2024-02-27,152155,296.93,58.2
T503122,C100134,1959-04-17,Male,Hyderabad,12808.18,2024-12-01,173842,1090.66,65.2
T501940,C100387,1977-02-16,Male,Kolkata,20501.21,2024-02-01,2333,13097.26,47.4
T504264,C100560,,Female,Jaipur,25797.87,2024-08-18,155854,10734.7,40.7
T505804,C100145,,Unknown,Mumbai,51367.71,2024-06-18,5940,4127.63,40.7
T500453,C100749,,Male,Mumbai,372624.79,2024-04-15,164954,19536.74,40.7
T501056,C100111,1961-02-13,Female,Bengaluru,31428.6,2024-05-10,15738,341.17,63.4
T504935,C100174,1972-07-21,Male,Bengaluru,97279.18,2024-05-15,163025,3629.15,51.9
T501981,C100202,1976-09-08,Female,Surat,57912.5,2024-05-16,215313,1493.63,47.8
T502427,C100196,1965-08-17,Female,Hyderabad,24873.57,2024-06-10,162522,515.24,58.9
T502642,C100046,1985-11-27,Female,Delhi,4232.4,2024-03-04,82016,335.18,38.6
T501058,C100202,1976-09-08,Female,Surat,57912.5,2024-01-23,124648,1553.32,47.8
T504002,C100051,1976-02-21,Male,Pune,169367.84,2024-07-05,221815,2875.9,48.4
T503111,C100653,1965-07-06,Female,Ahmedabad,305029.15,2024-01-08,235010,7520.57,59.0
T502236,C100437,1977-05-10,Female,Pune,58587.83,2024-12-13,185311,331.1,47.1
T503119,C100143,1981-07-23,Male,Pune,241385.44,2024-08-03,124402,12458.8,42.9
T505045,C100670,1983-10-26,Female,Mumbai,371867.09,2024-10-04,13540,926.3,40.7
T501675,C100067,,Unknown,Jaipur,36368.89,2024-09-30,234113,615.59,40.7
T502092,C100286,1981-05-16,Female,Jaipur,28080.8,2024-03-19,141610,1521.57,43.1
T504491,C100490,1992-01-23,Male,Lucknow,47693.35,2024-02-23,223606,6130.68,32.4
T501651,C100619,1979-10-27,Female,Jaipur,618590.11,2024-09-02,62332,6204.85,44.7
T505956,C100727,1978-08-19,Female,Jaipur,123863.27,2024-01-09,214737,181.97,45.9
T501447,C100275,1965-05-04,Female,Bangalore,175954.66,2024-07-13,31306,3487.46,59.2
T501874,C100540,,Female,Hyderabad,73271.8,2024-12-11,134102,31.0,40.7
T503213,C100622,1963-08-04,Male,Pune,114620.95,2024-03-05,200449,7811.83,60.9
T500448,C100638,1986-09-15,Female,Chennai,39836.78,2024-07-18,40700,2574.04,37.8
T500207,C100328,1993-09-23,Female,Mumbai,138849.89,2024-05-23,51525,22906.17,30.8
T504589,C100127,1957-03-24,Male,Jaipur,47693.35,2024-03-04,91703,1218.16,67.3
T504117,C100636,1969-07-07,Female,Surat,52253.95,2024-11-24,32949,5506.71,55.0
T503086,C100188,1981-12-18,Male,Pune,34870.27,2024-05-08,161633,2243.0,42.5
T500981,C100475,,Female,Bengaluru,89827.75,2024-04-17,115022,1570.67,40.7
T502522,C100125,1962-08-01,Male,Mumbai,17605.36,2024-07-10,92732,371.41,61.9
T503168,C100063,2001-02-14,Female,Chennai,67715.0,2024-07-22,13810,933.99,23.4
T504204,C100298,,Male,Mumbai,12653.3,2024-01-13,234457,1491.98,40.7
T500932,C100767,,Female,Unknown,70068.58,2024-12-30,62209,3895.87,40.7
T503609,C100637,1989-04-09,Female,Pune,52253.95,2024-02-22,32323,5486.82,35.2
T500085,C100455,,Female,Surat,9423.4,2024-01-24,161305,813.0,40.7
T503037,C100078,1963-07-19,Female,Chennai,51575.85,2024-04-10,25722,5451.41,61.0
T505743,C100541,,Male,Ahmedabad,186265.55,2024-06-26,220056,2411.86,40.7
T504425,C100279,1957-08-17,Male,Jaipur,45765.21,2024-06-30,24116,3995.87,66.9
T502938,C100093,1965-10-15,Female,Unknown,157865.54,2024-08-22,61104,20908.99,58.7
T501729,C100350,1984-05-06,Male,Bengaluru,47693.35,2024-07-13,25639,18435.76,40.2
T501670,C100223,,Female,Nagpur,7196.01,2024-02-26,123558,737.49,40.7
T500800,C100021,1996-01-24,Male,Hyderabad,51078.01,2024-03-12,94919,11562.04,28.4
T503329,C100788,1965-10-17,Male,Bengaluru,40994.26,2024-03-29,61625,141.92,58.7
T504530,C100724,1982-07-07,Unknown,Delhi,41634.26,2024-05-31,12237,4041.62,42.0
T503559,C100160,1987-08-02,Male,Unknown,4045.62,2024-04-05,95313,743.06,36.9
T503256,C100376,1973-05-09,Unknown,Delhi,51367.71,2024-11-22,163528,4909.32,51.1
T503320,C100270,,Male,Kolkata,40183.8,2024-12-19,223212,567.81,40.7
T505360,C100107,1982-06-20,Male,Hyderabad,47693.35,2024-05-09,113802,2057.3999999999996,42.0
T501514,C100064,1981-04-26,Male,Lucknow,47693.35,2024-10-07,122851,608.28,43.2
T503991,C100686,,Female,Delhi,52253.95,2024-01-21,115301,773.48,40.7
T505978,C100599,1960-07-23,Male,Surat,8719.83,2024-01-09,175833,663.07,63.9
T505310,C100585,,Female,Chennai,51724.58,2024-08-07,195142,2152.13,40.7
T504739,C100162,1997-09-24,Male,Delhi,42810.3,2024-11-09,2132,4065.33,26.8
T505826,C100664,1987-01-09,Unknown,Mumbai,99475.96,2024-08-14,61740,1322.93,37.5
T503351,C100222,1969-03-14,Female,Lucknow,77445.15,2024-11-13,51358,4225.53,55.3
T501178,C100727,1978-08-19,Female,Jaipur,123863.27,2024-01-06,132653,423.69,45.9
T501699,C100168,1970-08-05,Female,Bangalore,7540.9,2024-05-11,232310,249.71,53.9
T502354,C100345,1983-05-01,Female,Kolkata,12276.92,2024-10-23,160546,2939.45,41.2
T502293,C100161,1999-05-26,Male,Lucknow,68566.76,2024-02-14,230101,1938.83,25.1
T505389,C100280,1996-06-03,Male,Kolkata,61078.77,2024-03-05,140917,8631.22,28.1
T501767,C100147,1997-03-17,Male,Mumbai,34392.46,2024-05-07,225406,6069.96,27.3
T500723,C100172,1991-12-18,Unknown,Lucknow,180835.83,2024-01-19,231302,4745.95,32.5
T502971,C100185,1990-08-13,Female,Kolkata,119141.06,2024-08-10,213101,4501.32,33.9
T504421,C100663,1961-03-24,Male,Unknown,600713.48,2024-01-28,35917,4971.42,63.3
T505188,C100517,2001-06-26,Male,Jaipur,53788.28,2024-06-05,111334,4566.44,23.0
T502153,C100733,2001-03-05,Female,Bangalore,244077.09,2024-07-30,55906,1228.49,23.3
T503988,C100097,1991-02-26,Female,Pune,6498.69,2024-05-24,82235,803.9,33.3
T501730,C100651,1989-01-02,Female,Chennai,79050.49,2024-03-02,120609,5234.49,35.5
T503008,C100550,1986-08-19,Female,Mumbai,121126.01,2024-08-19,72049,6252.92,37.9
T504568,C100028,1973-05-26,Unknown,Hyderabad,51367.71,2024-02-12,144646,6252.13,51.1
T504391,C100636,1969-07-07,Female,Surat,52253.95,2024-01-04,52001,1352.61,55.0
T500314,C100026,1980-06-13,Female,Bangalore,42425.02,2024-06-09,132818,2057.3999999999996,44.0
T502161,C100435,1982-06-13,Unknown,Delhi,58275.09,2024-04-08,55347,4425.6,42.0
T502346,C100094,1981-03-20,Female,Bangalore,50521.45,2024-04-20,183215,2990.35,43.3
T503545,C100773,1982-04-10,Unknown,Kolkata,51367.71,2024-01-27,235200,3019.2,42.2
T503479,C100423,2004-10-23,Male,Chennai,138103.22,2024-01-11,152917,2524.25,19.7
T505438,C100397,1981-12-02,Female,Mumbai,1686.42,2024-06-11,145208,579.19,42.6
T500004,C100610,1976-06-03,Male,Unknown,125370.42,2024-03-14,194541,1475.46,48.1
T500766,C100083,,Female,Hyderabad,7606.81,2024-09-13,844,2954.64,40.7
T502586,C100010,1989-09-06,Female,Kolkata,239001.2,2024-09-26,174744,14335.07,34.8
T504979,C100791,1986-10-19,Female,Kolkata,91747.28,2024-03-13,84605,23862.69,37.7
T501402,C100175,1997-09-06,Unknown,Jaipur,66674.74,2024-01-04,133755,1001.7,26.8
T501444,C100373,1971-09-05,Male,Ahmedabad,1842.75,2024-03-07,184615,972.52,52.8
T500622,C100692,1971-01-16,Male,Surat,47693.35,2024-09-15,135017,11156.75,53.5
T500026,C100753,1958-12-05,Male,Ahmedabad,47693.35,2024-02-14,163603,858.16,65.6
T504660,C100753,1958-12-05,Male,Ahmedabad,47693.35,2024-01-02,95708,10268.14,65.6
T504225,C100189,1969-02-16,Female,Mumbai,7756.98,2024-09-21,35637,1044.7,55.4
T505942,C100419,,Male,Delhi,26055.1,2024-12-28,55437,764.26,40.7
T502410,C100131,2002-07-19,Female,Hyderabad,114687.04,2024-07-28,154100,7899.18,21.9
T505842,C100079,2004-07-20,Male,Delhi,80811.92,2024-10-23,214411,1160.2,19.9
T505644,C100051,1976-02-21,Male,Pune,169367.84,2024-01-11,92646,361.73,48.4
T501796,C100061,1984-01-20,Male,Mumbai,13029.33,2024-11-26,214606,1069.36,40.4
T502055,C100097,1991-02-26,Female,Pune,6498.69,2024-07-14,53421,827.04,33.3
T504368,C100408,1983-10-01,Male,Mumbai,30500.46,2024-09-19,170156,3996.99,40.7
T502331,C100622,1963-08-04,Male,Pune,114620.95,2024-07-21,164822,9824.34,60.9
T502639,C100542,1995-07-05,Male,Pune,27050.64,2024-02-14,95952,1714.62,29.0
T505669,C100466,,Male,Mumbai,11590.04,2024-08-18,205914,1699.61,40.7
T505159,C100321,,Male,Bangalore,66868.65,2024-12-06,4829,2902.68,40.7
T500130,C100512,1986-08-19,Male,Unknown,88055.27,2024-10-29,190835,3818.57,37.9
T502551,C100579,2003-07-08,Female,Jaipur,200313.27,2024-01-23,174821,2057.3999999999996,21.0
T504879,C100043,1955-11-15,Female,Chennai,3931.81,2024-08-09,65128,533.98,68.6
T502773,C100092,2000-06-15,Male,Ahmedabad,47693.35,2024-02-21,61524,2379.92,24.0
T502978,C100327,1959-06-23,Unknown,Bangalore,51367.71,2024-11-17,13258,726.24,65.0
T502374,C100560,,Female,Jaipur,25797.87,2024-12-23,63729,465.92,40.7
T502759,C100243,1981-10-26,Male,Ahmedabad,16321.79,2024-04-15,142157,2004.84,42.7
T505186,C100472,2000-01-07,Male,Chennai,13195.64,2024-07-30,144916,1407.06,24.5
T503706,C100512,1986-08-19,Male,Unknown,88055.27,2024-07-22,51343,17935.75,37.9
T501538,C100014,1995-01-22,Male,Lucknow,72097.18,2024-05-14,141621,4015.34,29.4
T500541,C100044,1962-08-19,Male,Hyderabad,43950.32,2024-01-24,65130,3143.12,61.9
T505676,C100662,,Male,Mumbai,64116.87,2024-04-05,75334,2662.35,40.7
T504920,C100588,2003-09-24,Unknown,Kolkata,10922.29,2024-03-18,14231,3395.85,20.8
T501585,C100668,1978-07-21,Female,Bangalore,99681.03,2024-03-15,211623,10591.24,45.9
T504906,C100759,1983-06-08,Female,Unknown,52253.95,2024-08-20,114901,7303.83,41.1
T500383,C100328,1993-09-23,Female,Mumbai,138849.89,2024-03-23,5731,3617.62,30.8
T500512,C100525,1969-05-10,Female,Chennai,212533.64,2024-01-21,55930,5404.93,55.1
T502568,C100603,2000-05-12,Male,Pune,3993.34,2024-01-11,72033,481.78,24.1
T501085,C100310,1984-08-23,Male,Hyderabad,323760.11,2024-10-16,33039,9629.36,39.9
T500699,C100535,1981-02-12,Female,Chennai,10577.18,2024-09-24,141121,3301.67,43.4
T501453,C100094,1981-03-20,Female,Bangalore,50521.45,2024-02-11,171745,5731.23,43.3
T505283,C100679,,Male,Kolkata,39458.8,2024-04-10,190324,8127.08,40.7
T503554,C100258,2000-05-26,Male,Unknown,16944.13,2024-06-10,235701,205.33,24.1
T502720,C100721,1984-04-01,Female,Delhi,9140.35,2024-02-03,225324,215.72,40.2
T500580,C100622,1963-08-04,Male,Pune,114620.95,2024-11-21,11411,5403.01,60.9
T503177,C100443,2004-05-13,Female,Nagpur,102909.31,2024-07-20,1435,107.57,20.1
T504457,C100705,1964-12-03,Female,Bengaluru,92850.2,2024-01-31,30948,3409.06,59.6
T502730,C100653,1965-07-06,Female,Ahmedabad,305029.15,2024-06-04,184748,3170.9,59.0
T504358,C100589,,Female,Chennai,101026.53,2024-12-24,14201,9370.45,40.7
T500916,C100705,1964-12-03,Female,Bengaluru,92850.2,2024-06-18,25635,2093.52,59.6
T504486,C100707,1993-12-17,Female,Delhi,19040.78,2024-06-07,75514,1526.3,30.5
T504321,C100291,1975-08-14,Female,Pune,52253.95,2024-01-30,92601,1735.88,48.9
T502190,C100291,1975-08-14,Female,Pune,52253.95,2024-11-23,210049,439.49,48.9
T500760,C100777,,Male,Hyderabad,13106.62,2024-02-21,202631,317.14,40.7
T500770,C100682,,Female,Nagpur,16190.39,2024-03-04,93839,151.06,40.7
T504291,C100412,1985-10-02,Unknown,Mumbai,21748.09,2024-08-16,140231,2713.63,38.7
T502523,C100755,1975-07-15,Female,Hyderabad,52253.95,2024-07-13,181222,2723.88,49.0
T503437,C100411,1980-10-24,Female,Lucknow,2108.17,2024-08-06,203029,2057.3999999999996,43.7
T504265,C100406,,Female,Chennai,70730.83,2024-06-09,220745,3389.08,40.7
T504719,C100028,1973-05-26,Unknown,Hyderabad,51367.71,2024-12-15,170628,5080.2,51.1
T501114,C100254,1964-06-08,Female,Ahmedabad,184790.05,2024-06-30,63752,9979.93,60.1
T504867,C100109,,Male,Mumbai,83476.96,2024-12-20,94835,534.51,40.7
T500798,C100006,1990-02-05,Female,Bangalore,40563.16,2024-05-13,5608,2935.96,34.4
T503061,C100387,1977-02-16,Male,Kolkata,20501.21,2024-09-06,51413,2198.92,47.4
T502436,C100515,1997-10-13,Male,Chennai,48437.97,2024-11-16,41012,728.14,26.7
T503544,C100266,1960-08-05,Female,Surat,201021.76,2024-12-10,83401,9727.62,63.9
T505504,C100754,1976-01-13,Male,Bangalore,22979.83,2024-01-10,35749,863.18,48.5
T500680,C100398,1994-03-14,Male,Lucknow,16335.93,2024-09-02,233540,241.16,30.3
T502728,C100163,1970-08-04,Male,Kolkata,3126.03,2024-06-27,73541,697.27,53.9
T503176,C100112,1984-02-13,Unknown,Chennai,51367.71,2024-03-09,11459,1080.69,40.4
T503416,C100766,2004-12-11,Female,Hyderabad,73693.65,2024-07-18,43330,4537.45,19.6
T501802,C100705,1964-12-03,Female,Bengaluru,92850.2,2024-06-10,80520,667.75,59.6
T500342,C100468,,Male,Chennai,84203.67,2024-07-23,130511,2695.71,40.7
T505281,C100090,1973-06-11,Male,Pune,17694.21,2024-07-03,220358,2345.38,51.1
T502387,C100649,1959-08-03,Unknown,Delhi,342978.92,2024-07-02,131925,4910.35,64.9
T505866,C100438,,Female,Bengaluru,52253.95,2024-02-10,233116,3668.06,40.7
T501701,C100503,1956-08-12,Female,Pune,146446.03,2024-02-16,135938,3650.73,67.9
T502553,C100795,1986-10-21,Female,Pune,43684.44,2024-05-11,143631,1048.29,37.7
T500140,C100281,2001-10-01,Male,Hyderabad,2716.26,2024-12-18,135656,2057.3999999999996,22.7
T501310,C100591,1975-05-16,Male,Jaipur,31294.72,2024-05-09,84536,6393.2,49.1
T505420,C100349,,Female,Pune,397135.49,2024-01-20,34549,3836.97,40.7
T503075,C100681,1967-05-15,Female,Lucknow,239151.47,2024-10-08,65350,20242.21,57.1
T503004,C100311,1973-01-02,Female,Hyderabad,63960.0,2024-02-11,195048,2251.16,51.5
T500227,C100612,1987-09-22,Unknown,Jaipur,378740.24,2024-03-15,65152,7459.08,36.8
T502816,C100047,1966-07-11,Female,Hyderabad,22419.5,2024-02-05,153516,738.48,58.0
T500578,C100729,,Male,Lucknow,264299.97,2024-04-18,171407,1713.57,40.7
T504811,C100435,1982-06-13,Unknown,Delhi,58275.09,2024-04-02,204226,2815.7,42.0
T502021,C100518,1981-02-02,Female,Pune,17929.39,2024-01-22,84215,866.19,43.4
T505629,C100153,1982-08-04,Female,Lucknow,379373.89,2024-01-11,162350,1538.16,41.9
T502705,C100343,1992-02-11,Female,Mumbai,60102.72,2024-11-24,140243,6063.28,32.4
T500163,C100509,1977-09-18,Male,Bangalore,26256.74,2024-04-13,102042,281.45,46.8
T503426,C100396,,Male,Bangalore,8158.99,2024-05-28,153533,956.64,40.7
T504435,C100280,1996-06-03,Male,Kolkata,61078.77,2024-08-23,52403,2087.66,28.1
T501741,C100391,1973-06-01,Female,Jaipur,18082.92,2024-01-09,135947,3427.55,51.1
T502684,C100327,1959-06-23,Unknown,Bangalore,51367.71,2024-10-13,23117,322.2,65.0
T503634,C100331,1984-04-09,Male,Delhi,139917.52,2024-10-03,173305,13979.83,40.2
T501489,C100731,1992-02-17,Male,Hyderabad,47693.35,2024-06-20,92938,3118.98,32.4
T503738,C100690,,Male,Bangalore,120392.94,2024-08-31,221421,5775.06,40.7
T502388,C100688,2001-10-21,Male,Hyderabad,28109.11,2024-03-20,42404,405.16,22.7
T502933,C100203,2002-02-01,Female,Kolkata,3361.7,2024-11-04,144134,854.9,22.4
T505477,C100144,1996-01-03,Female,Chennai,63913.1,2024-03-20,183544,878.85,28.5
T504010,C100387,1977-02-16,Male,Kolkata,20501.21,2024-04-24,50441,6218.61,47.4
T503250,C100536,,Male,Jaipur,17092.33,2024-01-17,14920,29.71,40.7
T500427,C100513,1992-02-06,Female,Bengaluru,14786.27,2024-10-11,183143,2660.2,32.4
T505312,C100436,,Female,Jaipur,93354.27,2024-10-26,14854,8320.17,40.7
T505846,C100149,2004-10-19,Female,Mumbai,31910.38,2024-02-14,161009,4909.55,19.7
T500449,C100199,1983-08-12,Male,Mumbai,71799.72,2024-05-07,63459,3332.48,40.9
T503262,C100745,2002-11-16,Female,Ahmedabad,53359.6,2024-07-03,144747,1696.17,21.6
T505453,C100516,1982-07-14,Female,Unknown,98173.58,2024-06-06,54900,1964.92,42.0
T505230,C100071,2001-06-04,Male,Pune,7466.77,2024-02-25,11347,1717.3,23.1
T504373,C100390,,Female,Delhi,5005.43,2024-06-29,120301,1190.11,40.7
T500313,C100698,1986-10-03,Male,Mumbai,186379.37,2024-05-01,163054,3850.96,37.7
T504189,C100050,1981-01-09,Male,Unknown,3008.14,2024-12-28,71823,14860.0,43.5
T503920,C100387,1977-02-16,Male,Kolkata,20501.21,2024-01-04,4650,2109.27,47.4
T500369,C100210,1956-12-04,Female,Delhi,112806.44,2024-01-16,144003,2561.65,67.6
T503059,C100065,2001-02-18,Male,Delhi,55990.05,2024-01-21,214011,21645.4,23.4
T502667,C100338,1977-03-17,Male,Chennai,34108.53,2024-03-17,30701,8941.79,47.3
T504074,C100384,1998-07-13,Female,Kolkata,102416.63,2024-10-20,202045,1348.18,26.0
T500664,C100143,1981-07-23,Male,Pune,241385.44,2024-08-31,120528,16724.67,42.9
T502554,C100166,1986-04-06,Male,Nagpur,8813.64,2024-05-20,151312,398.9,38.2
T503961,C100531,,Male,Chennai,38254.58,2024-01-02,44108,1212.02,40.7
T504528,C100357,1977-01-06,Female,Mumbai,76877.42,2024-07-10,30843,2057.3999999999996,47.5
T503548,C100698,1986-10-03,Male,Mumbai,186379.37,2024-03-16,220125,7772.06,37.7
T502713,C100368,1991-10-16,Female,Jaipur,144315.15,2024-12-16,60946,24580.43,32.7
T505834,C100674,1998-05-02,Male,Pune,3566.68,2024-03-12,110540,1269.19,26.2
T504230,C100178,1996-02-12,Female,Mumbai,18046.45,2024-09-16,102102,8149.82,28.4
T503028,C100749,,Male,Mumbai,372624.79,2024-08-05,122811,1565.89,40.7
T504348,C100215,,Male,Jaipur,51679.23,2024-08-09,163059,245.37,40.7
T504696,C100735,1971-11-02,Unknown,Hyderabad,55080.47,2024-11-10,82211,1238.9,52.7
T502845,C100546,1993-05-20,Male,Delhi,76684.14,2024-03-08,224333,1350.8,31.1
T500678,C100431,,Male,Surat,10914.09,2024-09-25,43452,775.87,40.7
T503938,C100199,1983-08-12,Male,Mumbai,71799.72,2024-09-28,110520,8457.18,40.9
T500126,C100316,1994-03-18,Male,Mumbai,11959.24,2024-01-25,222816,2522.29,30.3
T502928,C100564,1959-09-18,Female,Ahmedabad,33632.16,2024-11-18,120833,8186.0,64.8
T501547,C100173,2003-09-18,Female,Pune,28296.42,2024-03-03,111542,9521.73,20.8
T505657,C100234,1998-03-15,Female,Chennai,59188.47,2024-11-23,93435,425.4,26.3
T504648,C100135,1976-12-12,Female,Mumbai,52253.95,2024-12-12,14800,4515.74,47.5
T501921,C100027,1989-08-17,Unknown,Ahmedabad,11262.83,2024-11-03,135418,2957.1,34.9
T503910,C100078,1963-07-19,Female,Chennai,51575.85,2024-01-27,214840,8050.67,61.0
T504978,C100584,1997-02-27,Female,Chennai,16020.27,2024-11-10,20321,820.66,27.3
T504974,C100299,2003-07-15,Male,Jaipur,47693.35,2024-04-13,152945,2358.12,21.0
T500370,C100274,1973-07-26,Male,Kolkata,47693.35,2024-04-27,10144,2625.34,50.9
T504529,C100244,1983-09-24,Female,Delhi,52253.95,2024-05-28,132852,250.13,40.8
T504635,C100400,1961-12-17,Female,Pune,52253.95,2024-08-27,232214,1567.11,62.5
T501272,C100303,1973-05-06,Male,Bangalore,16218.38,2024-06-23,201133,220.22,51.2
T500285,C100305,1995-05-22,Male,Delhi,6386.69,2024-03-17,50022,178.61,29.1
T500095,C100346,1993-08-22,Male,Pune,134207.78,2024-05-11,100500,2764.85,30.9
T501170,C100724,1982-07-07,Unknown,Delhi,41634.26,2024-11-02,150756,2240.35,42.0
T503235,C100504,1999-12-20,Male,Jaipur,97634.59,2024-09-01,54200,9567.08,24.5
T504290,C100510,2000-08-03,Female,Ahmedabad,235563.0,2024-07-26,93156,9079.08,23.9
T501228,C100601,1967-01-26,Male,Bengaluru,5370.73,2024-09-09,81756,1442.81,57.4
T502242,C100519,1980-10-12,Male,Kolkata,103786.19,2024-03-07,104551,7070.27,43.7
T502609,C100047,1966-07-11,Female,Hyderabad,22419.5,2024-03-13,212403,272883.0199999997,58.0
T505254,C100434,,Unknown,Hyderabad,17342.63,2024-04-18,153620,870.93,40.7
T500171,C100328,1993-09-23,Female,Mumbai,138849.89,2024-11-30,145010,2677.75,30.8
T502589,C100522,,Male,Chennai,35215.42,2024-10-07,95014,1402.69,40.7
T502610,C100569,1967-08-06,Unknown,Kolkata,51367.71,2024-02-25,81532,894.43,56.9
T501003,C100663,1961-03-24,Male,Unknown,600713.48,2024-04-11,142819,2888.42,63.3
T502748,C100727,1978-08-19,Female,Jaipur,123863.27,2024-04-04,194642,1767.19,45.9
T505523,C100214,1998-06-09,Female,Lucknow,68205.42,2024-09-21,204139,1239.61,26.1
T505755,C100632,1999-08-02,Female,Chennai,70747.64,2024-09-05,201308,1484.5,24.9
T503234,C100394,,Male,Delhi,27830.78,2024-03-11,103643,165.43,40.7
T503125,C100283,1977-10-18,Male,Surat,54219.8,2024-08-12,12154,5219.3,46.7
T502614,C100021,1996-01-24,Male,Hyderabad,51078.01,2024-07-13,35114,1565.66,28.4
T500250,C100290,1991-09-11,Unknown,Delhi,21647.56,2024-05-05,192616,1534.04,32.8
T502481,C100649,1959-08-03,Unknown,Delhi,342978.92,2024-12-20,13635,2441.04,64.9
T505165,C100418,1960-01-14,Unknown,Hyderabad,51367.71,2024-09-08,102252,11665.62,64.5
T502880,C100494,1999-10-07,Male,Ahmedabad,11661.72,2024-01-02,120139,519.25,24.7
T500048,C100625,1969-02-04,Male,Lucknow,21865.24,2024-04-25,212945,6222.02,55.4
T501352,C100664,1987-01-09,Unknown,Mumbai,99475.96,2024-02-03,75912,1168.65,37.5
T500111,C100674,1998-05-02,Male,Pune,3566.68,2024-12-08,231835,1532.14,26.2
T503686,C100764,1966-06-14,Male,Jaipur,62112.48,2024-09-15,191000,6261.43,58.0
T500950,C100603,2000-05-12,Male,Pune,3993.34,2024-08-22,160208,956.12,24.1
T500193,C100310,1984-08-23,Male,Hyderabad,323760.11,2024-06-09,224600,3873.77,39.9
T502680,C100533,1959-07-05,Unknown,Lucknow,11799.16,2024-03-02,194030,532.15,65.0
T500612,C100608,1978-05-11,Male,Nagpur,49274.28,2024-11-07,80900,1764.36,46.1
T503465,C100065,2001-02-18,Male,Delhi,55990.05,2024-04-22,202249,18887.06,23.4
T502843,C100039,1975-06-13,Female,Bangalore,269975.33,2024-01-03,25646,3652.74,49.0
T500152,C100356,,Male,Mumbai,62027.26,2024-12-27,72619,1771.64,40.7
T500109,C100637,1989-04-09,Female,Pune,52253.95,2024-04-18,10028,1022.55,35.2
T505330,C100438,,Female,Bengaluru,52253.95,2024-10-31,60229,4521.54,40.7
T500672,C100044,1962-08-19,Male,Hyderabad,43950.32,2024-01-15,133417,5344.62,61.9
T503998,C100243,1981-10-26,Male,Ahmedabad,16321.79,2024-10-02,202008,2292.96,42.7
T505266,C100737,1961-06-03,Female,Delhi,71291.17,2024-03-13,72947,3874.46,63.1
T505969,C100428,1981-03-17,Male,Pune,163084.05,2024-02-08,83948,2827.01,43.3
T503070,C100371,1960-12-25,Male,Pune,10182.0,2024-07-20,130312,253.1,63.5
T505103,C100408,1983-10-01,Male,Mumbai,30500.46,2024-09-29,215335,5464.39,40.7
T503353,C100217,,Male,Pune,18308.71,2024-05-10,13032,1222.09,40.7
T502370,C100583,,Male,Nagpur,71828.0,2024-05-16,162239,599.05,40.7
T503730,C100028,1973-05-26,Unknown,Hyderabad,51367.71,2024-08-25,125605,2339.85,51.1
T504840,C100223,,Female,Nagpur,7196.01,2024-09-15,182729,2820.89,40.7
T501308,C100559,2001-12-04,Unknown,Mumbai,83977.32,2024-01-25,101833,2235.19,22.6
T501157,C100653,1965-07-06,Female,Ahmedabad,305029.15,2024-11-28,83701,14789.47,59.0
T504469,C100748,1989-07-05,Male,Mumbai,63573.89,2024-08-29,100732,5751.07,35.0
T502425,C100482,1995-05-12,Female,Bengaluru,52253.95,2024-12-01,191341,799.62,29.1
T504516,C100444,1984-06-13,Female,Surat,14948.14,2024-02-22,113325,974.27,40.0
T505541,C100605,,Male,Lucknow,79326.66,2024-10-28,90133,2016.1,40.7
T504924,C100198,1955-02-04,Male,Jaipur,22189.66,2024-01-27,33113,1465.43,69.4
T504184,C100670,1983-10-26,Female,Mumbai,371867.09,2024-10-04,24418,7065.66,40.7
T502772,C100698,1986-10-03,Male,Mumbai,186379.37,2024-07-16,5041,4058.3,37.7
T503076,C100468,,Male,Chennai,84203.67,2024-01-24,210140,272883.0199999997,40.7
T501440,C100333,1986-03-18,Female,Lucknow,52253.95,2024-01-31,10220,227480.00000000003,38.3
T501337,C100427,1973-05-14,Female,Hyderabad,13652.98,2024-02-17,34843,5012.28,51.1
T505315,C100172,1991-12-18,Unknown,Lucknow,180835.83,2024-09-24,193118,2870.42,32.5
T503403,C100253,1978-03-27,Male,Bangalore,107511.5,2024-10-17,180356,5070.8,46.3
T503517,C100451,2002-01-19,Male,Chennai,24527.13,2024-01-20,14543,3255.29,22.4
T502258,C100450,1992-01-17,Female,Delhi,111417.27,2024-07-25,13023,9772.16,32.5
T505622,C100289,2004-03-09,Male,Jaipur,26392.12,2024-06-05,63631,820.93,20.3
T501746,C100341,1990-12-17,Male,Nagpur,1305.73,2024-03-18,192730,2091.09,33.5
T503780,C100503,1956-08-12,Female,Pune,146446.03,2024-10-24,113810,4529.86,67.9
T500882,C100612,1987-09-22,Unknown,Jaipur,378740.24,2024-06-16,192709,1098.52,36.8
T504817,C100250,1964-10-04,Female,Ahmedabad,12840.3,2024-12-24,4707,540.58,59.7
T500567,C100652,1991-12-20,Male,Unknown,58919.28,2024-07-23,70625,2539.68,32.5
T502004,C100240,2003-12-24,Male,Mumbai,58083.3,2024-09-15,105613,2682.08,20.5
T504843,C100622,1963-08-04,Male,Pune,114620.95,2024-08-29,33421,6367.11,60.9
T505960,C100681,1967-05-15,Female,Lucknow,239151.47,2024-04-14,174044,11860.52,57.1
T503953,C100467,1981-10-18,Male,Pune,13616.23,2024-03-07,131323,1414.94,42.7
T502287,C100255,1959-07-12,Female,Pune,52253.95,2024-03-05,124328,1881.48,65.0
T505785,C100761,1989-02-09,Female,Surat,25607.8,2024-05-03,122156,1652.39,35.4
T504705,C100775,1994-07-25,Female,Surat,45130.4,2024-02-11,115452,942.29,29.9
T505492,C100343,1992-02-11,Female,Mumbai,60102.72,2024-07-15,84048,2614.71,32.4
T501537,C100398,1994-03-14,Male,Lucknow,16335.93,2024-07-20,222928,1098.05,30.3
T500315,C100640,2003-11-22,Male,Ahmedabad,47693.35,2024-12-17,170343,2177.97,20.6
T500572,C100374,1997-06-01,Female,Jaipur,55312.12,2024-09-28,221519,581.82,27.1
T501549,C100184,1988-07-10,Female,Bangalore,45597.09,2024-05-09,230021,86.28,36.0
T502464,C100209,,Female,Unknown,38752.88,2024-03-25,15047,3767.21,40.7
T504369,C100408,1983-10-01,Male,Mumbai,30500.46,2024-11-05,70754,1404.79,40.7
T503277,C100625,1969-02-04,Male,Lucknow,21865.24,2024-07-09,143847,637.42,55.4
T501769,C100203,2002-02-01,Female,Kolkata,3361.7,2024-10-26,70359,168.48,22.4
T503307,C100352,1998-02-03,Female,Delhi,52253.95,2024-01-03,123428,9576.13,26.4
T504941,C100709,2001-12-15,Female,Nagpur,253403.83,2024-12-07,4326,3446.67,22.5
T501726,C100683,1974-10-06,Female,Mumbai,51370.71,2024-12-29,153112,2451.35,49.7
T501974,C100645,1981-11-02,Male,Unknown,47693.35,2024-03-29,150641,11542.59,42.7
T505922,C100305,1995-05-22,Male,Delhi,6386.69,2024-06-19,201149,1543.46,29.1
T501141,C100135,1976-12-12,Female,Mumbai,52253.95,2024-08-20,71625,3285.9,47.5
T504841,C100522,,Male,Chennai,35215.42,2024-08-19,145003,3157.62,40.7
T505300,C100642,2004-06-16,Male,Surat,10108.04,2024-02-19,144648,722.82,20.0
T505575,C100419,,Male,Delhi,26055.1,2024-10-04,121219,3461.12,40.7
T503519,C100325,1983-11-25,Male,Jaipur,47693.35,2024-07-01,173021,571.55,40.6
T504185,C100688,2001-10-21,Male,Hyderabad,28109.11,2024-03-10,73105,1296.63,22.7
T501017,C100510,2000-08-03,Female,Ahmedabad,235563.0,2024-11-06,175542,2325.92,23.9
T501772,C100668,1978-07-21,Female,Bangalore,99681.03,2024-08-27,233256,7131.48,45.9
T500929,C100218,1979-08-01,Male,Ahmedabad,470799.86,2024-11-06,201930,5015.48,44.9
T504632,C100614,1968-08-13,Male,Chennai,11618.4,2024-11-26,191834,110.15,55.9
T500748,C100079,2004-07-20,Male,Delhi,80811.92,2024-12-16,184059,801.71,19.9
T501648,C100344,1963-04-13,Unknown,Unknown,4994.06,2024-05-28,81818,548.4,61.2
T500623,C100305,1995-05-22,Male,Delhi,6386.69,2024-10-01,170739,1317.2,29.1
T505869,C100161,1999-05-26,Male,Lucknow,68566.76,2024-03-03,112648,1865.41,25.1
T505026,C100229,2004-07-25,Female,Chennai,47420.96,2024-05-03,125707,4327.3,19.9
T501344,C100035,1992-05-22,Male,Mumbai,47693.35,2024-01-24,142623,548.59,32.1
T504239,C100489,1990-06-02,Male,Mumbai,72526.62,2024-12-26,113841,1541.63,34.1
T502736,C100350,1984-05-06,Male,Bengaluru,47693.35,2024-03-27,194949,6198.22,40.2
T501057,C100665,1963-12-08,Male,Ahmedabad,100878.91,2024-06-09,35557,5628.9,60.6
T501064,C100108,1974-12-26,Male,Jaipur,53397.38,2024-06-27,51642,1510.98,49.5
T502035,C100503,1956-08-12,Female,Pune,146446.03,2024-11-27,201210,6299.27,67.9
T501073,C100748,1989-07-05,Male,Mumbai,63573.89,2024-02-20,2106,869.71,35.0
T505291,C100065,2001-02-18,Male,Delhi,55990.05,2024-12-22,134028,11006.42,23.4
T502411,C100556,,Female,Hyderabad,92723.33,2024-01-06,113834,1434.68,40.7
T504016,C100543,1989-02-25,Male,Chennai,28641.23,2024-11-16,83644,2772.21,35.3
T502395,C100690,,Male,Bangalore,120392.94,2024-06-08,94225,106.74,40.7
T500479,C100670,1983-10-26,Female,Mumbai,371867.09,2024-02-28,104016,4183.38,40.7
T501707,C100612,1987-09-22,Unknown,Jaipur,378740.24,2024-12-16,152341,11642.55,36.8
T500229,C100583,,Male,Nagpur,71828.0,2024-08-18,112220,2113.34,40.7
T502297,C100217,,Male,Pune,18308.71,2024-11-30,72426,1450.25,40.7
T502321,C100785,2000-02-01,Male,Chennai,102157.68,2024-07-01,45516,1626.53,24.4
T505958,C100438,,Female,Bengaluru,52253.95,2024-03-18,100535,1985.74,40.7
T505507,C100020,1982-04-12,Male,Ahmedabad,3015.98,2024-04-07,2802,297.18,42.2
T505850,C100305,1995-05-22,Male,Delhi,6386.69,2024-08-03,155220,313.19,29.1
T503828,C100083,,Female,Hyderabad,7606.81,2024-12-20,141711,2057.3999999999996,40.7
T501554,C100043,1955-11-15,Female,Chennai,3931.81,2024-01-11,100735,768.62,68.6
T502643,C100645,1981-11-02,Male,Unknown,47693.35,2024-09-14,125657,970.84,42.7
T501229,C100764,1966-06-14,Male,Jaipur,62112.48,2024-10-11,144142,5271.93,58.0
T503853,C100146,1976-10-20,Male,Mumbai,113306.25,2024-10-01,55543,5895.46,47.7
T503527,C100331,1984-04-09,Male,Delhi,139917.52,2024-08-26,201553,9106.02,40.2
T502527,C100306,1967-04-23,Male,Pune,63186.77,2024-07-03,22950,1373.75,57.2
T504458,C100789,1972-02-08,Female,Delhi,52253.95,2024-12-14,192815,105.45,52.4
T500594,C100493,,Female,Ahmedabad,102129.94,2024-01-07,211224,4388.23,40.7
T503389,C100244,1983-09-24,Female,Delhi,52253.95,2024-05-16,31425,4513.18,40.8
T502559,C100775,1994-07-25,Female,Surat,45130.4,2024-12-19,230409,3041.42,29.9
T502799,C100032,1977-10-16,Female,Kolkata,27810.1,2024-04-14,42826,5038.43,46.7
T503567,C100195,1999-11-25,Female,Lucknow,52253.95,2024-11-13,114725,2057.3999999999996,24.6
T505415,C100684,,Unknown,Ahmedabad,27777.54,2024-04-15,215310,347.73,40.7
T503324,C100209,,Female,Unknown,38752.88,2024-02-18,193209,2800.23,40.7
T501592,C100759,1983-06-08,Female,Unknown,52253.95,2024-10-03,23652,2917.26,41.1
T501788,C100232,1984-12-23,Unknown,Chennai,41614.26,2024-12-15,32313,5057.82,39.5
T503963,C100702,,Female,Mumbai,2914.57,2024-02-04,1549,10018.35,40.7
T505218,C100218,1979-08-01,Male,Ahmedabad,470799.86,2024-04-07,43508,3739.8,44.9
T502338,C100116,1960-09-25,Female,Pune,220401.55,2024-12-11,32609,8417.3,63.8
T503801,C100612,1987-09-22,Unknown,Jaipur,378740.24,2024-04-02,133516,16374.16,36.8
T501343,C100418,1960-01-14,Unknown,Hyderabad,51367.71,2024-11-08,174655,1759.05,64.5
T502925,C100594,1990-02-24,Male,Hyderabad,73506.23,2024-11-15,213611,2192.77,34.3
T502173,C100597,1972-09-02,Female,Pune,30467.88,2024-08-19,211927,4419.47,51.8
T505636,C100788,1965-10-17,Male,Bengaluru,40994.26,2024-09-28,23859,6074.84,58.7
T500799,C100548,1982-08-07,Female,Nagpur,53292.45,2024-09-02,214438,2761.67,41.9
T500280,C100067,,Unknown,Jaipur,36368.89,2024-12-27,65520,414.15,40.7
T505617,C100659,2000-11-01,Female,Jaipur,86238.94,2024-06-25,1601,768.26,23.7
T500731,C100240,2003-12-24,Male,Mumbai,58083.3,2024-11-10,231027,281.84,20.5
T505841,C100640,2003-11-22,Male,Ahmedabad,47693.35,2024-08-30,24810,2127.01,20.6
T505861,C100185,1990-08-13,Female,Kolkata,119141.06,2024-08-30,122158,1014.23,33.9
T503300,C100149,2004-10-19,Female,Mumbai,31910.38,2024-08-17,160803,742.18,19.7
T503534,C100060,2001-09-21,Male,Hyderabad,4623.6,2024-08-30,174531,1393.4,22.8
T501129,C100683,1974-10-06,Female,Mumbai,51370.71,2024-05-09,61019,1568.07,49.7
T502221,C100197,1987-04-09,Male,Bengaluru,12957.49,2024-10-18,122757,1341.67,37.2
T503673,C100596,1972-04-07,Male,Mumbai,240531.19,2024-09-09,184451,1895.23,52.2
T503408,C100130,1977-02-07,Female,Pune,7572.86,2024-02-29,150822,1535.38,47.4
T502449,C100046,1985-11-27,Female,Delhi,4232.4,2024-12-19,5211,614.9,38.6
T503445,C100576,,Female,Nagpur,52253.95,2024-04-16,91434,845.7,40.7
T502561,C100578,1972-02-22,Male,Hyderabad,68047.49,2024-03-31,183300,942.11,52.4
T505069,C100515,1997-10-13,Male,Chennai,48437.97,2024-02-10,212858,2442.83,26.7
T500180,C100001,1976-03-03,Unknown,Ahmedabad,43869.35,2024-04-12,80831,12577.98,48.3
T500024,C100093,1965-10-15,Female,Unknown,157865.54,2024-02-25,160727,4531.5,58.7
T505219,C100475,,Female,Bengaluru,89827.75,2024-09-28,163631,2881.2,40.7
T501564,C100733,2001-03-05,Female,Bangalore,244077.09,2024-06-01,1509,4857.51,23.3
T504154,C100300,1990-07-09,Male,Chennai,47693.35,2024-07-19,184533,4496.15,34.0
T505337,C100410,,Male,Bangalore,9932.03,2024-08-20,150700,374.22,40.7
T502043,C100764,1966-06-14,Male,Jaipur,62112.48,2024-05-12,110310,17027.14,58.0
T505216,C100036,1957-08-04,Unknown,Lucknow,119884.19,2024-07-15,145254,3342.26,66.9
T502267,C100614,1968-08-13,Male,Chennai,11618.4,2024-03-13,105655,235.34,55.9
T500431,C100180,1993-05-22,Female,Mumbai,19984.97,2024-05-16,34221,341.6,31.1
T502972,C100338,1977-03-17,Male,Chennai,34108.53,2024-10-02,180312,2392.49,47.3
T500569,C100246,1992-12-11,Male,Delhi,459949.04,2024-12-05,43913,943.84,31.6
T503668,C100715,1966-07-01,Male,Ahmedabad,5484.47,2024-09-20,42950,1557.01,58.0
T502000,C100225,1991-10-09,Male,Chennai,181650.06,2024-03-05,55611,207.83,32.7
T502544,C100700,1988-03-06,Male,Pune,47693.35,2024-01-01,34011,6344.96,36.3
T501818,C100372,1983-12-19,Female,Mumbai,59995.96,2024-06-05,191543,3418.27,40.5
T503199,C100065,2001-02-18,Male,Delhi,55990.05,2024-02-09,212113,289.34,23.4
T504156,C100576,,Female,Nagpur,52253.95,2024-05-27,181300,912.19,40.7
T505780,C100555,1993-03-27,Female,Ahmedabad,66420.28,2024-01-07,2809,1535.56,31.3
T504634,C100123,1996-09-14,Male,Hyderabad,24576.12,2024-06-06,122753,887.4,27.8
T502950,C100484,1984-05-17,Male,Jaipur,12346.88,2024-04-11,140444,1281.68,40.1
T501365,C100679,,Male,Kolkata,39458.8,2024-11-22,235107,1812.69,40.7
T504831,C100360,1979-10-16,Female,Kolkata,46783.67,2024-10-07,185036,7479.43,44.7
T505405,C100583,,Male,Nagpur,71828.0,2024-10-21,181827,892.37,40.7
T504913,C100409,,Female,Bangalore,20193.51,2024-06-07,24049,863.24,40.7
T504112,C100575,,Male,Jaipur,28676.46,2024-09-05,2659,1385.39,40.7
T505032,C100764,1966-06-14,Male,Jaipur,62112.48,2024-08-10,122116,13920.67,58.0
T504202,C100659,2000-11-01,Female,Jaipur,86238.94,2024-06-13,170657,740.05,23.7
T503491,C100296,1971-12-24,Male,Pune,47693.35,2024-05-30,224024,1371.1,52.5
T502386,C100592,1965-07-19,Male,Surat,57107.77,2024-04-16,151119,727.02,58.9
T501857,C100479,1980-10-22,Female,Kolkata,98501.77,2024-09-27,132215,2057.3999999999996,43.7
T500132,C100293,1989-05-13,Male,Bangalore,10023.2,2024-03-14,111721,392.99,35.1
T503236,C100163,1970-08-04,Male,Kolkata,3126.03,2024-05-10,234410,1828.62,53.9
T501791,C100693,1988-10-11,Female,Jaipur,247886.54,2024-05-05,82617,16520.77,35.7
T505700,C100131,2002-07-19,Female,Hyderabad,114687.04,2024-02-11,113132,2604.3,21.9
T502883,C100304,2001-11-15,Female,Ahmedabad,16445.74,2024-11-09,13706,377.93,22.6
T500855,C100148,1980-03-12,Female,Chennai,52253.95,2024-10-11,121258,15898.69,44.3
T500264,C100116,1960-09-25,Female,Pune,220401.55,2024-07-18,42508,3903.22,63.8
T502757,C100550,1986-08-19,Female,Mumbai,121126.01,2024-05-09,91407,20511.84,37.9
T501096,C100701,1973-08-26,Male,Delhi,26855.95,2024-05-09,81551,1072.21,50.8
T502368,C100520,1979-07-13,Male,Bengaluru,57394.34,2024-04-07,21614,3951.0,45.0
T503092,C100064,1981-04-26,Male,Lucknow,47693.35,2024-05-30,170202,695.14,43.2
T505035,C100159,1997-08-16,Male,Unknown,37413.5,2024-09-03,212607,626.04,26.9
T505302,C100681,1967-05-15,Female,Lucknow,239151.47,2024-08-19,43025,2953.19,57.1
T502982,C100061,1984-01-20,Male,Mumbai,13029.33,2024-03-21,212636,2057.3999999999996,40.4
T505926,C100433,1963-10-04,Male,Mumbai,11449.4,2024-02-23,54940,1454.91,60.7
T503561,C100131,2002-07-19,Female,Hyderabad,114687.04,2024-09-11,2816,7141.74,21.9
T501189,C100698,1986-10-03,Male,Mumbai,186379.37,2024-05-05,95819,2057.3999999999996,37.7
T501374,C100565,2004-09-19,Female,Bangalore,67225.87,2024-12-08,44035,8057.01,19.8
T500426,C100533,1959-07-05,Unknown,Lucknow,11799.16,2024-03-26,2840,586.98,65.0
T502460,C100450,1992-01-17,Female,Delhi,111417.27,2024-03-26,235633,3932.31,32.5
T505025,C100575,,Male,Jaipur,28676.46,2024-11-11,180232,4084.63,40.7
T504468,C100703,1984-05-15,Female,Jaipur,125815.19,2024-10-24,212910,2035.15,40.1
T504602,C100468,,Male,Chennai,84203.67,2024-12-10,95601,4466.41,40.7
T505146,C100788,1965-10-17,Male,Bengaluru,40994.26,2024-05-20,33417,477.75,58.7
T503197,C100214,1998-06-09,Female,Lucknow,68205.42,2024-06-04,210724,646.06,26.1
T502633,C100661,1965-06-14,Unknown,Jaipur,105161.33,2024-09-07,23848,15127.000000000002,59.0
T504366,C100340,1974-11-10,Male,Mumbai,11896.1,2024-05-11,81336,209.95,49.6
T504884,C100075,2001-02-25,Female,Hyderabad,13759.87,2024-05-19,3416,408.56,23.3
T502193,C100628,1990-09-03,Male,Pune,109284.74,2024-02-27,33518,2086.64,33.8
T503799,C100143,1981-07-23,Male,Pune,241385.44,2024-11-14,253,2973.27,42.9
T504925,C100264,1984-06-01,Male,Hyderabad,47693.35,2024-02-07,102833,14870.55,40.1
T504394,C100220,1967-12-16,Female,Kolkata,36055.65,2024-04-20,62239,1421.33,56.5
T503063,C100036,1957-08-04,Unknown,Lucknow,119884.19,2024-10-14,203121,2057.3999999999996,66.9
T503085,C100735,1971-11-02,Unknown,Hyderabad,55080.47,2024-12-27,63517,1755.41,52.7
T503894,C100748,1989-07-05,Male,Mumbai,63573.89,2024-06-12,62806,2943.83,35.0
T505396,C100617,,Female,Jaipur,9784.54,2024-10-29,61807,1004.34,40.7
T500841,C100534,1980-09-21,Female,Mumbai,52253.95,2024-06-17,215729,2565.03,43.8
T500689,C100494,1999-10-07,Male,Ahmedabad,11661.72,2024-10-13,65539,592.29,24.7
T500595,C100071,2001-06-04,Male,Pune,7466.77,2024-08-04,154311,6402.85,23.1
T501811,C100104,1987-03-19,Female,Unknown,20769.58,2024-08-13,71028,587.24,37.3
T505017,C100769,1990-07-04,Female,Chennai,29909.5,2024-01-31,185031,603.01,34.0
T500131,C100494,1999-10-07,Male,Ahmedabad,11661.72,2024-11-20,3106,160.69,24.7
T501163,C100594,1990-02-24,Male,Hyderabad,73506.23,2024-03-18,151558,3284.21,34.3
T505560,C100149,2004-10-19,Female,Mumbai,31910.38,2024-03-07,223609,2057.3999999999996,19.7
T501858,C100206,1997-02-18,Unknown,Pune,34211.98,2024-03-16,162936,973.15,27.4
T504570,C100785,2000-02-01,Male,Chennai,102157.68,2024-03-31,231141,4923.99,24.4
T501637,C100517,2001-06-26,Male,Jaipur,53788.28,2024-04-08,53440,1196.98,23.0
T500245,C100319,1956-01-12,Female,Mumbai,418468.01,2024-02-23,164850,3630.87,68.5
T501435,C100444,1984-06-13,Female,Surat,14948.14,2024-04-19,73656,1708.45,40.0
T503748,C100610,1976-06-03,Male,Unknown,125370.42,2024-12-30,80613,826.4,48.1
T504316,C100324,,Male,Ahmedabad,8250.81,2024-05-23,70355,2052.03,40.7
T505352,C100207,1974-06-06,Male,Delhi,68660.4,2024-02-02,165350,2057.3999999999996,50.1
T504722,C100475,,Female,Bengaluru,89827.75,2024-05-17,203936,644.45,40.7
T501763,C100538,1970-08-11,Male,Ahmedabad,47693.35,2024-01-08,74309,137.11,53.9
T502896,C100371,1960-12-25,Male,Pune,10182.0,2024-10-22,15050,139.97,63.5
T501291,C100176,2003-08-03,Male,Jaipur,26967.93,2024-05-16,30207,2057.3999999999996,20.9
T503207,C100284,1987-04-12,Male,Lucknow,21229.49,2024-11-08,74550,302.49,37.2
T501953,C100732,2001-04-02,Female,Chennai,14056.12,2024-01-31,105235,468.65,23.2
T503091,C100777,,Male,Hyderabad,13106.62,2024-03-22,2830,515.21,40.7
T501167,C100228,2001-01-15,Female,Delhi,31081.44,2024-04-12,201553,381.61,23.5
T505802,C100162,1997-09-24,Male,Delhi,42810.3,2024-11-12,121630,3213.57,26.8
T504251,C100556,,Female,Hyderabad,92723.33,2024-03-01,194607,1657.51,40.7
T505364,C100727,1978-08-19,Female,Jaipur,123863.27,2024-05-15,35856,7724.61,45.9
T501677,C100686,,Female,Delhi,52253.95,2024-10-16,74943,424.47,40.7
T503404,C100329,1958-11-08,Male,Ahmedabad,37113.65,2024-12-07,25539,120.91,65.6
T502470,C100383,1990-04-20,Male,Bangalore,38999.36,2024-06-15,161819,8469.5,34.2
T500118,C100590,1974-06-03,Male,Hyderabad,26712.59,2024-05-22,110701,445.87,50.1
T504296,C100619,1979-10-27,Female,Jaipur,618590.11,2024-12-04,35835,2697.15,44.7
T504883,C100319,1956-01-12,Female,Mumbai,418468.01,2024-06-24,235834,5847.27,68.5
T503209,C100550,1986-08-19,Female,Mumbai,121126.01,2024-10-06,105256,6001.48,37.9
T500089,C100437,1977-05-10,Female,Pune,58587.83,2024-04-10,64829,784.7,47.1
T504174,C100239,1978-10-02,Male,Chennai,30783.15,2024-03-26,64559,396.91,45.7
T503909,C100729,,Male,Lucknow,264299.97,2024-01-01,75725,3076.88,40.7
T501837,C100420,1978-09-17,Male,Delhi,25796.51,2024-06-19,175125,249.02,45.8
T505051,C100729,,Male,Lucknow,264299.97,2024-05-03,210350,4348.82,40.7
T504988,C100352,1998-02-03,Female,Delhi,52253.95,2024-07-25,113915,3154.59,26.4
T504449,C100605,,Male,Lucknow,79326.66,2024-03-23,121017,3173.16,40.7
T500588,C100057,1998-12-21,Male,Hyderabad,108663.77,2024-05-01,220904,1791.89,25.5
T502510,C100709,2001-12-15,Female,Nagpur,253403.83,2024-06-14,140236,15436.79,22.5
T503452,C100357,1977-01-06,Female,Mumbai,76877.42,2024-07-17,10846,2313.0,47.5
T501708,C100295,,Male,Bangalore,25848.99,2024-07-25,170443,366.91,40.7
T504731,C100237,,Male,Pune,47693.35,2024-05-25,52627,8435.65,40.7
T501610,C100643,,Female,Mumbai,10735.73,2024-01-24,153436,3097.52,40.7
T501641,C100386,,Unknown,Jaipur,12445.0,2024-10-05,213623,1405.44,40.7
T501629,C100797,1984-08-09,Female,Lucknow,21946.42,2024-07-14,181631,214.15,39.9
T501106,C100276,2000-08-02,Unknown,Jaipur,56892.89,2024-03-03,91323,1226.5,23.9
T500943,C100312,1971-03-04,Female,Nagpur,52253.95,2024-03-01,11701,664.37,53.3
T500681,C100479,1980-10-22,Female,Kolkata,98501.77,2024-06-19,163223,4338.07,43.7
T500708,C100663,1961-03-24,Male,Unknown,600713.48,2024-12-17,180653,6540.33,63.3
T503804,C100153,1982-08-04,Female,Lucknow,379373.89,2024-05-17,110322,1310.58,41.9
T505119,C100734,1985-06-24,Female,Pune,29158.72,2024-07-13,225835,2895.61,39.0
T501963,C100068,2003-08-22,Unknown,Bengaluru,51367.71,2024-09-21,70242,882.27,20.9
T500412,C100797,1984-08-09,Female,Lucknow,21946.42,2024-06-01,85928,213.32,39.9
T503214,C100638,1986-09-15,Female,Chennai,39836.78,2024-06-08,31338,4854.07,37.8
T504549,C100749,,Male,Mumbai,372624.79,2024-03-03,133848,2132.45,40.7
T502040,C100758,1995-09-16,Female,Pune,8457.46,2024-02-27,222918,141.14,28.8
T501706,C100618,1967-10-10,Female,Surat,29639.57,2024-05-12,75627,978.59,56.7
T502751,C100247,1986-05-17,Female,Unknown,60362.87,2024-11-18,114434,1637.77,38.1
T501289,C100623,1972-11-07,Female,Nagpur,52253.95,2024-05-24,75342,1783.98,51.6
T502916,C100086,1987-10-15,Unknown,Lucknow,11228.91,2024-11-14,141855,273.16,36.7
T500977,C100575,,Male,Jaipur,28676.46,2024-02-04,103843,1634.57,40.7
T505290,C100645,1981-11-02,Male,Unknown,47693.35,2024-10-04,32424,6019.36,42.7
T501546,C100333,1986-03-18,Female,Lucknow,52253.95,2024-03-13,131658,2911.73,38.3
T505480,C100181,,Male,Pune,46982.71,2024-02-28,235117,1425.21,40.7
T504356,C100575,,Male,Jaipur,28676.46,2024-01-06,34328,2218.84,40.7
T502579,C100412,1985-10-02,Unknown,Mumbai,21748.09,2024-03-21,150835,2057.3999999999996,38.7
T501544,C100614,1968-08-13,Male,Chennai,11618.4,2024-09-26,105539,545.58,55.9
T501892,C100384,1998-07-13,Female,Kolkata,102416.63,2024-12-09,12039,5384.94,26.0
T504398,C100380,,Female,Delhi,52253.95,2024-07-02,1437,4170.05,40.7
T502761,C100716,,Female,Unknown,240805.5,2024-01-13,134627,272883.0199999997,40.7
T505024,C100095,1980-11-25,Female,Ahmedabad,52253.95,2024-07-15,231015,4748.43,43.6
T502842,C100667,1996-11-02,Female,Chennai,20940.54,2024-09-01,91441,705.05,27.7
T502998,C100503,1956-08-12,Female,Pune,146446.03,2024-02-12,20330,7937.04,67.9
T502961,C100041,1982-06-22,Male,Bangalore,22606.16,2024-11-23,92352,1160.39,42.0
T502746,C100754,1976-01-13,Male,Bangalore,22979.83,2024-04-26,103547,63.61,48.5
T503984,C100525,1969-05-10,Female,Chennai,212533.64,2024-11-10,125829,2571.58,55.1
T504191,C100604,1974-03-04,Male,Pune,47693.35,2024-11-25,232820,413.17,50.3
T503444,C100065,2001-02-18,Male,Delhi,55990.05,2024-08-16,23806,16939.94,23.4
T502766,C100515,1997-10-13,Male,Chennai,48437.97,2024-12-28,153301,1807.06,26.7
T500421,C100222,1969-03-14,Female,Lucknow,77445.15,2024-08-21,73639,292.15,55.3
T503635,C100177,,Unknown,Ahmedabad,208320.55,2024-06-14,174935,4298.36,40.7
T503023,C100530,2001-09-23,Female,Nagpur,16179.84,2024-06-21,81106,212.3,22.8
T500356,C100697,1969-10-22,Male,Mumbai,47693.35,2024-07-04,232828,851.26,54.7
T503955,C100127,1957-03-24,Male,Jaipur,47693.35,2024-03-03,92155,1310.45,67.3
T501323,C100276,2000-08-02,Unknown,Jaipur,56892.89,2024-02-24,124337,1488.01,23.9
T502414,C100381,2000-06-26,Female,Ahmedabad,34569.41,2024-08-25,182106,3221.75,24.0
T502863,C100372,1983-12-19,Female,Mumbai,59995.96,2024-06-29,211453,1339.14,40.5
T501459,C100130,1977-02-07,Female,Pune,7572.86,2024-11-09,164651,453.65,47.4
T505989,C100593,,Male,Ahmedabad,77632.67,2024-04-30,13016,16744.47,40.7
T500486,C100470,1997-02-05,Female,Nagpur,155474.78,2024-10-02,65557,7334.57,27.4
T504140,C100531,,Male,Chennai,38254.58,2024-08-30,153203,2559.64,40.7
T503117,C100437,1977-05-10,Female,Pune,58587.83,2024-05-09,122617,3145.09,47.1
T502991,C100322,1957-04-22,Female,Delhi,12582.93,2024-11-27,105753,1668.85,67.2
T505713,C100529,1991-11-11,Female,Bengaluru,104328.62,2024-07-12,202316,5446.88,32.6
T503734,C100701,1973-08-26,Male,Delhi,26855.95,2024-11-01,41504,4012.89,50.8
T501526,C100709,2001-12-15,Female,Nagpur,253403.83,2024-02-02,93742,7988.09,22.5
T504067,C100310,1984-08-23,Male,Hyderabad,323760.11,2024-02-10,194910,5336.55,39.9
T500399,C100436,,Female,Jaipur,93354.27,2024-03-09,213306,12807.92,40.7
T500638,C100418,1960-01-14,Unknown,Hyderabad,51367.71,2024-02-28,34513,11017.68,64.5
T504426,C100093,1965-10-15,Female,Unknown,157865.54,2024-11-02,65359,1049.3,58.7
T504993,C100260,1982-07-05,Male,Mumbai,47216.74,2024-05-17,82155,2520.04,42.0
T503687,C100709,2001-12-15,Female,Nagpur,253403.83,2024-12-16,143717,13615.37,22.5
T501261,C100387,1977-02-16,Male,Kolkata,20501.21,2024-09-23,80441,272883.0199999997,47.4
T505871,C100698,1986-10-03,Male,Mumbai,186379.37,2024-01-25,10708,2356.54,37.7
T503311,C100658,1996-06-17,Female,Chennai,62261.48,2024-12-16,141108,550.76,28.0
T504410,C100616,1998-12-12,Male,Lucknow,68502.33,2024-03-28,13659,908.49,25.5
T500917,C100651,1989-01-02,Female,Chennai,79050.49,2024-04-09,211114,9332.59,35.5
T503132,C100219,1997-11-21,Female,Bengaluru,20875.12,2024-01-02,123800,1030.78,26.6
T504395,C100210,1956-12-04,Female,Delhi,112806.44,2024-09-05,182718,8087.03,67.6
T503062,C100597,1972-09-02,Female,Pune,30467.88,2024-01-23,203938,1503.55,51.8
T500392,C100634,1987-06-04,Female,Mumbai,31133.41,2024-12-09,185732,2324.79,37.1
T501143,C100209,,Female,Unknown,38752.88,2024-05-09,153228,4651.07,40.7
T500887,C100380,,Female,Delhi,52253.95,2024-02-05,101912,1888.08,40.7
T505931,C100052,,Female,Mumbai,54071.44,2024-12-01,44654,1186.23,40.7
T500006,C100497,,Male,Hyderabad,28147.07,2024-05-18,103226,5860.81,40.7
T504058,C100690,,Male,Bangalore,120392.94,2024-10-28,214937,4724.91,40.7
T503293,C100573,1976-01-19,Male,Hyderabad,41943.84,2024-11-29,44542,15310.99,48.4
T500267,C100782,1960-01-16,Female,Hyderabad,34036.97,2024-01-11,114851,1758.64,64.5
T503073,C100776,1964-01-07,Female,Bangalore,31244.52,2024-09-18,135853,278.8,60.5
T501499,C100450,1992-01-17,Female,Delhi,111417.27,2024-09-13,55122,5294.9,32.5
T501313,C100115,1993-02-11,Male,Kolkata,11109.49,2024-04-25,231552,169.88,31.4
T505550,C100519,1980-10-12,Male,Kolkata,103786.19,2024-07-08,170657,10089.68,43.7
T501375,C100253,1978-03-27,Male,Bangalore,107511.5,2024-12-22,191711,1463.47,46.3
T505375,C100261,1960-11-11,Unknown,Ahmedabad,4697.32,2024-02-28,50028,608.98,63.6
T503922,C100190,1979-11-06,Male,Jaipur,39923.71,2024-07-21,215243,828.19,44.6
T502798,C100616,1998-12-12,Male,Lucknow,68502.33,2024-10-26,223613,1392.99,25.5
T505016,C100248,1970-05-12,Male,Kolkata,89559.95,2024-07-15,225500,4133.07,54.1
T500571,C100729,,Male,Lucknow,264299.97,2024-05-04,204237,10820.88,40.7
T502222,C100572,1969-12-09,Female,Mumbai,8282.21,2024-09-28,185010,167.83,54.6
T501747,C100065,2001-02-18,Male,Delhi,55990.05,2024-05-27,110412,5093.8,23.4
T502466,C100126,1992-08-14,Unknown,Jaipur,17927.78,2024-08-28,210515,1436.82,31.9
T504838,C100695,,Male,Unknown,26555.71,2024-09-01,124146,1247.6,40.7
T503036,C100266,1960-08-05,Female,Surat,201021.76,2024-11-12,220705,4577.08,63.9
T504168,C100163,1970-08-04,Male,Kolkata,3126.03,2024-08-04,60622,779.84,53.9
T505549,C100753,1958-12-05,Male,Ahmedabad,47693.35,2024-02-10,81914,7380.09,65.6
T500881,C100706,1997-05-23,Male,Mumbai,7105.83,2024-11-06,71108,3088.81,27.1
T503685,C100493,,Female,Ahmedabad,102129.94,2024-03-26,152504,582.7,40.7
T500792,C100017,1960-11-16,Male,Chennai,12706.37,2024-01-08,101507,641.07,63.6
T504629,C100346,1993-08-22,Male,Pune,134207.78,2024-11-11,102409,5071.62,30.9
T500517,C100510,2000-08-03,Female,Ahmedabad,235563.0,2024-02-07,95923,7497.55,23.9
T500786,C100706,1997-05-23,Male,Mumbai,7105.83,2024-01-24,113739,2283.57,27.1
T504698,C100199,1983-08-12,Male,Mumbai,71799.72,2024-03-26,114523,351.47,40.9
T501373,C100777,,Male,Hyderabad,13106.62,2024-09-19,185258,184.33,40.7
T504190,C100603,2000-05-12,Male,Pune,3993.34,2024-10-06,122759,7027.5,24.1
T502277,C100378,2003-11-06,Male,Chennai,47693.35,2024-05-04,92129,6251.03,20.6
T502013,C100757,,Unknown,Nagpur,128307.71,2024-09-05,125824,5831.88,40.7
T502012,C100010,1989-09-06,Female,Kolkata,239001.2,2024-10-07,164617,12520.98,34.8
T504060,C100116,1960-09-25,Female,Pune,220401.55,2024-08-12,151546,3255.06,63.8
T505430,C100174,1972-07-21,Male,Bengaluru,97279.18,2024-04-23,85704,1729.62,51.9
T502175,C100779,,Female,Kolkata,297969.29,2024-07-03,52217,12251.76,40.7
T502289,C100696,1975-05-18,Male,Unknown,295142.68,2024-01-20,35623,10895.72,49.1
T500051,C100447,1994-09-02,Male,Ahmedabad,11950.03,2024-05-31,32316,2398.64,29.8
T503666,C100634,1987-06-04,Female,Mumbai,31133.41,2024-06-16,73012,2008.76,37.1
T504047,C100384,1998-07-13,Female,Kolkata,102416.63,2024-03-15,232500,2862.48,26.0
T505030,C100399,,Female,Jaipur,32377.8,2024-05-04,93659,154.78,40.7
T500511,C100488,1977-03-25,Male,Bangalore,29268.42,2024-06-21,103116,3395.05,47.3
T504547,C100432,,Female,Jaipur,52253.95,2024-03-15,151238,189.75,40.7
T503331,C100276,2000-08-02,Unknown,Jaipur,56892.89,2024-02-16,130929,1221.21,23.9
T505335,C100136,2002-08-17,Unknown,Ahmedabad,51367.71,2024-08-06,144850,9721.88,21.9
T502167,C100504,1999-12-20,Male,Jaipur,97634.59,2024-03-11,140835,11069.15,24.5
T501778,C100513,1992-02-06,Female,Bengaluru,14786.27,2024-04-10,172858,1658.71,32.4
T503526,C100260,1982-07-05,Male,Mumbai,47216.74,2024-04-07,11339,2365.77,42.0
T500674,C100320,1980-02-27,Male,Lucknow,23034.86,2024-04-30,83710,2057.3999999999996,44.3
T503487,C100727,1978-08-19,Female,Jaipur,123863.27,2024-12-30,193708,1136.61,45.9
T503701,C100131,2002-07-19,Female,Hyderabad,114687.04,2024-01-25,224655,9287.63,21.9
T500650,C100028,1973-05-26,Unknown,Hyderabad,51367.71,2024-12-08,121010,7437.84,51.1
T502662,C100405,1959-09-13,Male,Nagpur,5646.11,2024-01-21,135855,357.02,64.8
T500212,C100379,1983-04-05,Male,Mumbai,71283.08,2024-03-02,44505,5690.78,41.2
T501872,C100761,1989-02-09,Female,Surat,25607.8,2024-03-21,51454,2935.33,35.4
T504916,C100214,1998-06-09,Female,Lucknow,68205.42,2024-09-02,161946,3821.81,26.1
T501627,C100009,1989-01-13,Female,Pune,52253.95,2024-03-01,201629,3642.38,35.5
T505822,C100234,1998-03-15,Female,Chennai,59188.47,2024-01-26,92118,272883.0199999997,26.3
T503227,C100447,1994-09-02,Male,Ahmedabad,11950.03,2024-01-05,24015,420.19,29.8
T500060,C100360,1979-10-16,Female,Kolkata,46783.67,2024-02-20,50952,9793.67,44.7
T505175,C100057,1998-12-21,Male,Hyderabad,108663.77,2024-06-09,54059,6598.16,25.5
T503827,C100174,1972-07-21,Male,Bengaluru,97279.18,2024-10-01,132232,10553.71,51.9
T503419,C100125,1962-08-01,Male,Mumbai,17605.36,2024-02-22,73302,323.67,61.9
T500491,C100322,1957-04-22,Female,Delhi,12582.93,2024-11-11,122356,3398.12,67.2
T500396,C100246,1992-12-11,Male,Delhi,459949.04,2024-10-20,214849,489.31,31.6
T502219,C100569,1967-08-06,Unknown,Kolkata,51367.71,2024-04-29,61222,7683.35,56.9
T500278,C100146,1976-10-20,Male,Mumbai,113306.25,2024-01-17,141259,2684.86,47.7
T503025,C100442,1956-11-17,Female,Ahmedabad,8610.61,2024-02-26,205512,1933.82,67.6
T505957,C100611,,Male,Bangalore,47693.35,2024-04-26,30549,217.84,40.7
T503746,C100790,1994-02-03,Female,Pune,108574.79,2024-12-30,151806,4589.74,30.4
T503697,C100631,1970-03-15,Male,Delhi,47693.35,2024-11-02,637,2321.6,54.3
T500181,C100668,1978-07-21,Female,Bangalore,99681.03,2024-08-12,113255,206.99,45.9
T500422,C100668,1978-07-21,Female,Bangalore,99681.03,2024-02-11,20139,7309.72,45.9
T502366,C100558,1958-07-13,Female,Hyderabad,43904.78,2024-08-07,30548,215.47,66.0
T501060,C100601,1967-01-26,Male,Bengaluru,5370.73,2024-08-22,1757,7695.81,57.4
T501230,C100123,1996-09-14,Male,Hyderabad,24576.12,2024-07-17,70033,434.49,27.8
T500661,C100058,1976-02-26,Male,Surat,47693.35,2024-07-20,65010,2000.74,48.3
T504376,C100177,,Unknown,Ahmedabad,208320.55,2024-10-21,73819,9770.55,40.7
T501985,C100779,,Female,Kolkata,297969.29,2024-12-04,33218,5567.63,40.7
T505799,C100343,1992-02-11,Female,Mumbai,60102.72,2024-07-21,114051,885.76,32.4
T504646,C100342,1969-06-07,Male,Surat,9262.22,2024-09-26,72658,1060.68,55.1
T500350,C100532,2004-08-12,Male,Ahmedabad,47693.35,2024-06-16,201801,15968.02,19.9
T500062,C100164,1997-11-15,Female,Delhi,20966.32,2024-04-25,3157,3325.2,26.6
T505484,C100086,1987-10-15,Unknown,Lucknow,11228.91,2024-01-31,211627,703.63,36.7
T500609,C100333,1986-03-18,Female,Lucknow,52253.95,2024-08-19,103251,9631.31,38.3
T502034,C100532,2004-08-12,Male,Ahmedabad,47693.35,2024-09-21,203205,2471.11,19.9
T504084,C100207,1974-06-06,Male,Delhi,68660.4,2024-08-22,161530,14039.36,50.1
T500077,C100434,,Unknown,Hyderabad,17342.63,2024-09-09,11643,2057.3999999999996,40.7
T502701,C100746,1972-05-02,Male,Mumbai,66601.54,2024-10-05,160720,981.54,52.2
T504905,C100398,1994-03-14,Male,Lucknow,16335.93,2024-10-14,81743,1306.63,30.3
T501256,C100512,1986-08-19,Male,Unknown,88055.27,2024-03-09,95148,1806.1,37.9
T501046,C100589,,Female,Chennai,101026.53,2024-02-15,195243,3632.06,40.7
T500823,C100567,1992-01-23,Female,Nagpur,11762.16,2024-04-07,1855,198.17,32.4
T505559,C100225,1991-10-09,Male,Chennai,181650.06,2024-03-21,213629,6174.66,32.7
T502687,C100340,1974-11-10,Male,Mumbai,11896.1,2024-01-18,95220,982.71,49.6
T500695,C100183,1989-11-17,Female,Pune,17926.98,2024-07-06,60642,1112.5,34.6
T501271,C100573,1976-01-19,Male,Hyderabad,41943.84,2024-10-02,44856,1317.07,48.4
T505661,C100565,2004-09-19,Female,Bangalore,67225.87,2024-02-24,81930,1421.88,19.8
T502739,C100691,1998-08-13,Male,Pune,47693.35,2024-02-26,60748,11145.4,25.9
T505508,C100006,1990-02-05,Female,Bangalore,40563.16,2024-03-10,11206,3292.15,34.4
T500186,C100591,1975-05-16,Male,Jaipur,31294.72,2024-02-21,192515,4193.36,49.1
T504404,C100435,1982-06-13,Unknown,Delhi,58275.09,2024-11-27,133546,596.14,42.0
T503840,C100015,1994-04-22,Male,Mumbai,47693.35,2024-08-23,55033,1336.68,30.2
T504194,C100233,1962-03-23,Male,Unknown,47693.35,2024-11-09,10052,1810.87,62.3
T500546,C100757,,Unknown,Nagpur,128307.71,2024-07-10,43353,6738.87,40.7
T500635,C100433,1963-10-04,Male,Mumbai,11449.4,2024-08-13,91818,2057.3999999999996,60.7
T505209,C100754,1976-01-13,Male,Bangalore,22979.83,2024-01-31,113607,99.59,48.5
T503161,C100748,1989-07-05,Male,Mumbai,63573.89,2024-08-04,230224,8431.76,35.0
T501377,C100163,1970-08-04,Male,Kolkata,3126.03,2024-08-20,71705,127.36,53.9
T504232,C100063,2001-02-14,Female,Chennai,67715.0,2024-08-22,14203,6154.21,23.4
T503148,C100121,,Unknown,Delhi,51367.71,2024-07-12,2036,3115.72,40.7
T500687,C100636,1969-07-07,Female,Surat,52253.95,2024-07-13,132533,2371.59,55.0
T504679,C100174,1972-07-21,Male,Bengaluru,97279.18,2024-04-20,52227,3577.54,51.9
T505212,C100322,1957-04-22,Female,Delhi,12582.93,2024-06-02,163844,4703.55,67.2
T505325,C100275,1965-05-04,Female,Bangalore,175954.66,2024-03-22,182551,1807.63,59.2
T501840,C100597,1972-09-02,Female,Pune,30467.88,2024-03-18,161007,2558.05,51.8
T500767,C100412,1985-10-02,Unknown,Mumbai,21748.09,2024-06-23,43049,4569.06,38.7
T505692,C100271,1977-11-07,Male,Bengaluru,8306.59,2024-09-01,184119,1675.8,46.6
T500255,C100479,1980-10-22,Female,Kolkata,98501.77,2024-06-07,10028,7569.71,43.7
T502806,C100274,1973-07-26,Male,Kolkata,47693.35,2024-07-01,44304,2071.03,50.9
T504277,C100616,1998-12-12,Male,Lucknow,68502.33,2024-03-01,21716,3380.89,25.5
T503123,C100200,1984-09-07,Female,Pune,99008.06,2024-06-05,145039,2903.32,39.8
T502185,C100278,1989-05-16,Male,Bangalore,113740.31,2024-11-06,204818,105.91,35.1
T503628,C100331,1984-04-09,Male,Delhi,139917.52,2024-01-31,173824,4118.02,40.2
T501647,C100695,,Male,Unknown,26555.71,2024-07-01,192710,3046.35,40.7
T502381,C100791,1986-10-19,Female,Kolkata,91747.28,2024-03-24,45824,11702.2,37.7
T500951,C100283,1977-10-18,Male,Surat,54219.8,2024-08-24,627,2676.29,46.7
T505338,C100665,1963-12-08,Male,Ahmedabad,100878.91,2024-12-15,53105,6452.99,60.6
T504382,C100200,1984-09-07,Female,Pune,99008.06,2024-01-19,231119,1184.6,39.8
T502955,C100559,2001-12-04,Unknown,Mumbai,83977.32,2024-09-14,133456,2057.3999999999996,22.6
T504548,C100473,1982-04-03,Female,Bengaluru,52253.95,2024-01-16,71625,2839.17,42.2
T501012,C100363,1995-11-08,Male,Surat,6950.01,2024-04-05,63054,1187.04,28.6
T502028,C100175,1997-09-06,Unknown,Jaipur,66674.74,2024-10-11,15031,7881.6,26.8
T504964,C100697,1969-10-22,Male,Mumbai,47693.35,2024-03-02,132551,1498.54,54.7
T502644,C100406,,Female,Chennai,70730.83,2024-12-05,151231,2374.72,40.7
T503856,C100302,1974-11-07,Female,Pune,45783.91,2024-03-02,83009,597.04,49.6
T502015,C100701,1973-08-26,Male,Delhi,26855.95,2024-07-21,53942,2536.51,50.8
T503903,C100385,1986-09-04,Female,Pune,31830.7,2024-05-23,14245,6019.5,37.8
T503891,C100183,1989-11-17,Female,Pune,17926.98,2024-08-21,71240,519.99,34.6
T500360,C100258,2000-05-26,Male,Unknown,16944.13,2024-11-25,215912,8458.13,24.1
T501820,C100149,2004-10-19,Female,Mumbai,31910.38,2024-08-06,10621,4948.86,19.7
T501061,C100393,1981-11-11,Female,Mumbai,15018.25,2024-12-21,235219,2079.79,42.6
T501557,C100159,1997-08-16,Male,Unknown,37413.5,2024-07-17,15943,4345.77,26.9
T500909,C100387,1977-02-16,Male,Kolkata,20501.21,2024-11-24,221502,1769.34,47.4
T505936,C100620,1967-06-27,Unknown,Chennai,22920.89,2024-09-03,175919,211.67,57.0
T500584,C100155,,Male,Chennai,47693.35,2024-03-16,164407,1156.25,40.7
T501905,C100441,1973-01-26,Male,Lucknow,109974.75,2024-12-07,71556,5151.87,51.4
T503586,C100761,1989-02-09,Female,Surat,25607.8,2024-08-02,4556,772.75,35.4
T501873,C100311,1973-01-02,Female,Hyderabad,63960.0,2024-01-21,73222,707.56,51.5
T503787,C100175,1997-09-06,Unknown,Jaipur,66674.74,2024-04-09,230808,2245.43,26.8
T502838,C100002,1990-10-14,Female,Bangalore,4740.87,2024-09-09,103553,279.53,33.7
T504690,C100575,,Male,Jaipur,28676.46,2024-02-26,80947,845.25,40.7
T502305,C100481,1988-05-22,Male,Jaipur,1624.3,2024-01-04,72919,447.03,36.1
T502886,C100185,1990-08-13,Female,Kolkata,119141.06,2024-02-17,104055,16803.2,33.9
T500378,C100242,1991-05-14,Male,Hyderabad,103866.17,2024-12-09,113744,5885.41,33.1
T500667,C100760,1974-03-14,Female,Mumbai,286147.6,2024-01-20,65154,7676.2,50.3
T503535,C100636,1969-07-07,Female,Surat,52253.95,2024-07-02,123018,1720.08,55.0
T501984,C100586,2002-01-03,Unknown,Hyderabad,69749.17,2024-05-09,71845,2408.0,22.5
T504821,C100105,1995-10-18,Female,Lucknow,21507.37,2024-06-09,144613,8798.77,28.7
T504932,C100015,1994-04-22,Male,Mumbai,47693.35,2024-10-28,163231,963.24,30.2
T505546,C100412,1985-10-02,Unknown,Mumbai,21748.09,2024-01-15,100139,3473.86,38.7
T503929,C100527,,Male,Ahmedabad,6830.51,2024-01-29,20418,1013.9,40.7
T502281,C100342,1969-06-07,Male,Surat,9262.22,2024-01-02,4727,2811.58,55.1
T505832,C100573,1976-01-19,Male,Hyderabad,41943.84,2024-11-27,31407,4732.46,48.4
T505199,C100418,1960-01-14,Unknown,Hyderabad,51367.71,2024-05-12,234911,7366.11,64.5
T501152,C100460,1995-05-21,Female,Nagpur,1024.77,2024-03-30,152801,2057.3999999999996,29.1
T505527,C100190,1979-11-06,Male,Jaipur,39923.71,2024-03-03,194013,272883.0199999997,44.6
T504490,C100702,,Female,Mumbai,2914.57,2024-06-27,145145,1424.26,40.7
T504052,C100668,1978-07-21,Female,Bangalore,99681.03,2024-08-17,151726,9509.01,45.9
T501192,C100061,1984-01-20,Male,Mumbai,13029.33,2024-08-06,134625,4882.92,40.4
T505638,C100274,1973-07-26,Male,Kolkata,47693.35,2024-03-11,205246,2057.3999999999996,50.9
T500423,C100240,2003-12-24,Male,Mumbai,58083.3,2024-12-02,11101,3667.42,20.5
T505894,C100776,1964-01-07,Female,Bangalore,31244.52,2024-01-31,195349,1384.07,60.5
T500139,C100400,1961-12-17,Female,Pune,52253.95,2024-06-25,223933,3366.83,62.5
T503507,C100339,1966-04-20,Male,Pune,62182.35,2024-07-09,61335,586.23,58.2
T500414,C100546,1993-05-20,Male,Delhi,76684.14,2024-10-14,110007,1172.11,31.1
T502685,C100733,2001-03-05,Female,Bangalore,244077.09,2024-01-20,103727,6668.07,23.3
T502469,C100006,1990-02-05,Female,Bangalore,40563.16,2024-03-15,43239,4637.82,34.4
T501423,C100652,1991-12-20,Male,Unknown,58919.28,2024-03-14,72159,9956.16,32.5
T502125,C100280,1996-06-03,Male,Kolkata,61078.77,2024-05-01,11503,2057.3999999999996,28.1
T503825,C100266,1960-08-05,Female,Surat,201021.76,2024-12-05,90540,12704.77,63.9
T502316,C100056,1973-08-20,Male,Chennai,116022.67,2024-11-13,35245,2297.07,50.9
T504891,C100339,1966-04-20,Male,Pune,62182.35,2024-06-30,100040,2057.3999999999996,58.2
T503777,C100189,1969-02-16,Female,Mumbai,7756.98,2024-02-28,80246,6866.76,55.4
T500984,C100792,1983-12-13,Male,Bengaluru,147204.05,2024-09-22,122311,2037.64,40.5
T501074,C100203,2002-02-01,Female,Kolkata,3361.7,2024-02-08,72615,836.16,22.4
T502575,C100405,1959-09-13,Male,Nagpur,5646.11,2024-08-07,33319,930.89,64.8
T504295,C100151,1955-05-06,Male,Kolkata,83391.84,2024-04-12,62106,5390.9,69.2
T504432,C100311,1973-01-02,Female,Hyderabad,63960.0,2024-10-07,15851,6456.33,51.5
T503406,C100519,1980-10-12,Male,Kolkata,103786.19,2024-05-18,35929,575.31,43.7
T505399,C100773,1982-04-10,Unknown,Kolkata,51367.71,2024-10-02,173415,5473.79,42.2
T503240,C100727,1978-08-19,Female,Jaipur,123863.27,2024-09-09,51718,1478.74,45.9
T502203,C100691,1998-08-13,Male,Pune,47693.35,2024-08-19,70446,7554.85,25.9
T501922,C100787,1997-04-22,Female,Delhi,16021.57,2024-05-24,183558,869.8,27.2
T505320,C100213,1989-03-26,Female,Kolkata,16101.96,2024-01-13,104214,3854.4,35.3
T504968,C100032,1977-10-16,Female,Kolkata,27810.1,2024-06-19,222429,483.65,46.7
T500460,C100132,,Unknown,Delhi,51367.71,2024-06-02,204643,220.34,40.7
T500156,C100065,2001-02-18,Male,Delhi,55990.05,2024-08-21,102,8912.92,23.4
T505055,C100368,1991-10-16,Female,Jaipur,144315.15,2024-01-02,54107,6654.25,32.7
T504103,C100699,2003-11-15,Female,Kolkata,20709.46,2024-03-21,133510,4855.91,20.6
T503636,C100432,,Female,Jaipur,52253.95,2024-03-19,14421,1309.86,40.7
T501718,C100079,2004-07-20,Male,Delhi,80811.92,2024-06-07,94037,8134.72,19.9
T500529,C100057,1998-12-21,Male,Hyderabad,108663.77,2024-08-01,73401,2419.14,25.5
T500492,C100565,2004-09-19,Female,Bangalore,67225.87,2024-03-21,54330,10123.49,19.8
T502780,C100733,2001-03-05,Female,Bangalore,244077.09,2024-06-10,101754,1437.2,23.3
T505718,C100129,1964-07-22,Male,Delhi,39437.66,2024-06-03,193116,632.55,59.9
T502091,C100052,,Female,Mumbai,54071.44,2024-01-03,23402,2201.24,40.7
T500721,C100740,1978-08-22,Female,Jaipur,52253.95,2024-11-01,155147,2291.96,45.9
T505880,C100648,,Female,Hyderabad,9700.19,2024-06-24,113741,294.19,40.7
T501124,C100065,2001-02-18,Male,Delhi,55990.05,2024-12-08,93756,2201.54,23.4
T500087,C100349,,Female,Pune,397135.49,2024-07-23,232840,3098.75,40.7
T504104,C100254,1964-06-08,Female,Ahmedabad,184790.05,2024-06-15,5653,2324.09,60.1
T504827,C100421,1985-01-17,Male,Chennai,123501.29,2024-11-14,174845,2932.25,39.4
T500940,C100770,1995-12-02,Female,Jaipur,52253.95,2024-03-22,192715,3404.19,28.6
T502844,C100379,1983-04-05,Male,Mumbai,71283.08,2024-10-16,201544,2452.21,41.2
T502811,C100714,1967-02-19,Male,Bengaluru,13233.37,2024-09-11,171241,2546.21,57.4
T504378,C100246,1992-12-11,Male,Delhi,459949.04,2024-04-07,161400,2057.3999999999996,31.6
T503071,C100790,1994-02-03,Female,Pune,108574.79,2024-05-09,35931,221.38,30.4
T500513,C100278,1989-05-16,Male,Bangalore,113740.31,2024-09-16,113717,2461.87,35.1
T505820,C100518,1981-02-02,Female,Pune,17929.39,2024-06-07,160635,208275.0,43.4
T503159,C100069,1969-07-10,Male,Unknown,884.62,2024-10-20,71349,558.38,55.0
T500668,C100048,2003-04-06,Male,Chennai,13288.01,2024-02-18,225348,55.27,21.2
T500644,C100534,1980-09-21,Female,Mumbai,52253.95,2024-05-01,104839,1378.85,43.8
T505611,C100143,1981-07-23,Male,Pune,241385.44,2024-06-05,143825,16767.84,42.9
T505884,C100414,2002-02-15,Female,Pune,61143.12,2024-11-10,4146,3319.5,22.4
T500214,C100174,1972-07-21,Male,Bengaluru,97279.18,2024-03-27,185925,2339.03,51.9
T501909,C100783,1999-07-19,Male,Bangalore,23913.12,2024-01-29,101541,687.51,25.0
T501111,C100468,,Male,Chennai,84203.67,2024-08-19,103512,2057.3999999999996,40.7
T504038,C100652,1991-12-20,Male,Unknown,58919.28,2024-10-29,61908,6119.56,32.5
T501876,C100747,1969-08-14,Female,Mumbai,52638.76,2024-04-28,181711,227.06,54.9
T501297,C100653,1965-07-06,Female,Ahmedabad,305029.15,2024-03-26,20820,10147.63,59.0
T505997,C100043,1955-11-15,Female,Chennai,3931.81,2024-11-30,125213,3821.1,68.6
T503412,C100042,1968-12-11,Male,Mumbai,41014.43,2024-05-31,93656,1421.61,55.6
T503785,C100423,2004-10-23,Male,Chennai,138103.22,2024-06-14,111526,12830.05,19.7
T504984,C100229,2004-07-25,Female,Chennai,47420.96,2024-08-03,142027,1389.34,19.9
T503836,C100637,1989-04-09,Female,Pune,52253.95,2024-06-24,104426,6029.69,35.2
T505491,C100413,1975-06-17,Male,Chennai,47693.35,2024-04-28,41548,2949.61,49.0
T502794,C100532,2004-08-12,Male,Ahmedabad,47693.35,2024-08-15,71719,5530.93,19.9
T500075,C100197,1987-04-09,Male,Bengaluru,12957.49,2024-09-06,41632,543.36,37.2
T502234,C100079,2004-07-20,Male,Delhi,80811.92,2024-09-24,193347,7594.48,19.9
T502116,C100531,,Male,Chennai,38254.58,2024-06-23,82514,1961.3,40.7
T502419,C100164,1997-11-15,Female,Delhi,20966.32,2024-06-07,222008,1094.91,26.6
T501536,C100235,1981-09-21,Female,Pune,15017.22,2024-03-02,231101,2509.49,42.8
T502526,C100600,1981-01-05,Female,Jaipur,67373.79,2024-09-30,92005,1022.83,43.5
T501381,C100503,1956-08-12,Female,Pune,146446.03,2024-07-30,141000,7769.13,67.9
T501493,C100357,1977-01-06,Female,Mumbai,76877.42,2024-10-12,34202,368.7,47.5
T504336,C100136,2002-08-17,Unknown,Ahmedabad,51367.71,2024-02-10,230404,9826.62,21.9
T503897,C100301,1990-12-15,Female,Delhi,30265.49,2024-05-30,212830,3296.29,33.5
T502311,C100625,1969-02-04,Male,Lucknow,21865.24,2024-12-09,223610,781.52,55.4
T501645,C100567,1992-01-23,Female,Nagpur,11762.16,2024-11-10,152734,698.04,32.4
T503721,C100303,1973-05-06,Male,Bangalore,16218.38,2024-10-10,84651,684.11,51.2
T505342,C100538,1970-08-11,Male,Ahmedabad,47693.35,2024-03-10,111904,4397.47,53.9
T501879,C100737,1961-06-03,Female,Delhi,71291.17,2024-09-29,63051,1780.37,63.1
T505642,C100200,1984-09-07,Female,Pune,99008.06,2024-03-25,134932,6221.27,39.8
T505800,C100493,,Female,Ahmedabad,102129.94,2024-03-24,51201,2399.03,40.7
T501258,C100449,2001-08-09,Male,Chennai,47693.35,2024-03-19,164717,8522.37,22.9
T505857,C100006,1990-02-05,Female,Bangalore,40563.16,2024-05-12,60437,1569.33,34.4
T503363,C100086,1987-10-15,Unknown,Lucknow,11228.91,2024-09-08,35548,907.03,36.7
T505849,C100380,,Female,Delhi,52253.95,2024-06-30,200424,1551.03,40.7
T502019,C100283,1977-10-18,Male,Surat,54219.8,2024-06-23,231719,19.09,46.7
T505160,C100212,2000-06-24,Female,Nagpur,119741.09,2024-04-23,2424,5248.08,24.0
T505370,C100183,1989-11-17,Female,Pune,17926.98,2024-12-21,50549,2285.65,34.6
T504030,C100266,1960-08-05,Female,Surat,201021.76,2024-07-03,72730,2057.3999999999996,63.9
T500789,C100679,,Male,Kolkata,39458.8,2024-11-06,193044,4669.0,40.7
T505104,C100549,1985-03-20,Female,Delhi,92675.9,2024-01-29,32916,1404.24,39.3
T504275,C100001,1976-03-03,Unknown,Ahmedabad,43869.35,2024-04-08,43800,19011.43,48.3
T500294,C100095,1980-11-25,Female,Ahmedabad,52253.95,2024-12-23,42418,3499.74,43.6
T504538,C100033,,Female,Chennai,54600.09,2024-10-24,185036,2121.01,40.7
T501632,C100487,1993-04-18,Male,Delhi,5364.64,2024-05-17,81256,586.81,31.2
T503375,C100576,,Female,Nagpur,52253.95,2024-11-05,648,177.35,40.7
T505071,C100298,,Male,Mumbai,12653.3,2024-02-12,23253,985.21,40.7
T504235,C100295,,Male,Bangalore,25848.99,2024-03-25,182944,272.32,40.7
T505206,C100393,1981-11-11,Female,Mumbai,15018.25,2024-06-10,82321,478.41,42.6
T503113,C100038,2001-08-16,Male,Kolkata,38387.92,2024-10-05,145259,6041.14,22.9
T503762,C100077,1990-01-06,Female,Ahmedabad,28809.7,2024-01-06,191144,1839.6,34.5
T502421,C100690,,Male,Bangalore,120392.94,2024-09-07,134058,9545.84,40.7
T501145,C100716,,Female,Unknown,240805.5,2024-01-04,45646,16854.64,40.7
T501960,C100078,1963-07-19,Female,Chennai,51575.85,2024-01-21,24814,384.84,61.0
T502098,C100522,,Male,Chennai,35215.42,2024-06-21,154055,3677.91,40.7
T500002,C100623,1972-11-07,Female,Nagpur,52253.95,2024-12-05,170327,1077.92,51.6
T500964,C100645,1981-11-02,Male,Unknown,47693.35,2024-10-04,201247,13237.93,42.7
T505413,C100722,1955-06-15,Male,Delhi,9982.58,2024-09-26,21527,828.58,69.0
T504415,C100136,2002-08-17,Unknown,Ahmedabad,51367.71,2024-03-26,170436,12827.17,21.9
T500653,C100443,2004-05-13,Female,Nagpur,102909.31,2024-06-18,35631,100.15,20.1
T502661,C100393,1981-11-11,Female,Mumbai,15018.25,2024-04-25,115736,147.0,42.6
T504664,C100264,1984-06-01,Male,Hyderabad,47693.35,2024-11-20,235743,7085.98,40.1
T500744,C100554,1980-01-24,Male,Surat,31094.72,2024-05-02,153732,996.41,44.4
T500259,C100418,1960-01-14,Unknown,Hyderabad,51367.71,2024-02-26,220801,3256.47,64.5
T503001,C100571,1961-01-15,Male,Jaipur,15548.64,2024-01-13,204452,350.66,63.5
T500533,C100493,,Female,Ahmedabad,102129.94,2024-10-18,31418,2054.09,40.7
T500633,C100637,1989-04-09,Female,Pune,52253.95,2024-03-13,42427,8280.86,35.2
T500556,C100555,1993-03-27,Female,Ahmedabad,66420.28,2024-06-22,30620,3129.07,31.3
T500590,C100279,1957-08-17,Male,Jaipur,45765.21,2024-07-29,101422,2892.3,66.9
T504037,C100559,2001-12-04,Unknown,Mumbai,83977.32,2024-01-10,54651,1066.07,22.6
T500886,C100561,1991-08-26,Female,Mumbai,39563.93,2024-03-27,102956,456.32,32.8
T504507,C100794,1959-07-15,Female,Pune,32969.19,2024-02-29,1947,2663.3,65.0
T500495,C100651,1989-01-02,Female,Chennai,79050.49,2024-03-11,184754,12699.35,35.5
T505116,C100038,2001-08-16,Male,Kolkata,38387.92,2024-12-25,163741,2783.29,22.9
T500362,C100511,1977-05-08,Female,Unknown,10555.44,2024-07-08,192424,70.35,47.1
T502027,C100162,1997-09-24,Male,Delhi,42810.3,2024-02-14,202419,569.15,26.8
T504332,C100510,2000-08-03,Female,Ahmedabad,235563.0,2024-09-30,15222,8271.46,23.9
T501150,C100630,,Male,Ahmedabad,47693.35,2024-06-20,30701,664.78,40.7
T503441,C100184,1988-07-10,Female,Bangalore,45597.09,2024-01-16,183732,1128.35,36.0
T502989,C100082,,Unknown,Hyderabad,3621.26,2024-11-25,71657,380.31,40.7
T504217,C100214,1998-06-09,Female,Lucknow,68205.42,2024-10-25,112723,4805.31,26.1
T503999,C100701,1973-08-26,Male,Delhi,26855.95,2024-07-31,164524,573.29,50.8
T500662,C100599,1960-07-23,Male,Surat,8719.83,2024-06-19,152052,1700.04,63.9
T500993,C100680,1964-12-27,Male,Chennai,83125.23,2024-05-06,235022,986.92,59.5
T500648,C100591,1975-05-16,Male,Jaipur,31294.72,2024-05-27,84432,758.32,49.1
T502082,C100349,,Female,Pune,397135.49,2024-12-23,171738,5261.99,40.7
T501712,C100560,,Female,Jaipur,25797.87,2024-08-06,92312,4092.77,40.7
T500070,C100212,2000-06-24,Female,Nagpur,119741.09,2024-01-22,163419,2057.3999999999996,24.0
T504953,C100421,1985-01-17,Male,Chennai,123501.29,2024-09-02,140138,2633.86,39.4
T503602,C100729,,Male,Lucknow,264299.97,2024-04-29,114737,10839.77,40.7
T504482,C100096,1961-08-20,Male,Lucknow,76980.73,2024-04-03,215339,1105.56,62.9
T503683,C100652,1991-12-20,Male,Unknown,58919.28,2024-12-24,124728,4434.51,32.5
T501686,C100588,2003-09-24,Unknown,Kolkata,10922.29,2024-06-17,90724,3102.08,20.8
T504636,C100121,,Unknown,Delhi,51367.71,2024-04-02,225740,1431.45,40.7
T501312,C100094,1981-03-20,Female,Bangalore,50521.45,2024-03-21,124134,4345.08,43.3
T505258,C100297,,Female,Hyderabad,7611.24,2024-01-13,53432,2131.12,40.7
T500906,C100692,1971-01-16,Male,Surat,47693.35,2024-04-28,200500,4132.73,53.5
T503003,C100146,1976-10-20,Male,Mumbai,113306.25,2024-07-09,134810,1832.05,47.7
T503621,C100645,1981-11-02,Male,Unknown,47693.35,2024-10-29,220508,1946.22,42.7
T503492,C100173,2003-09-18,Female,Pune,28296.42,2024-10-14,30448,1292.28,20.8
T505158,C100184,1988-07-10,Female,Bangalore,45597.09,2024-10-09,65502,1288.24,36.0
T502970,C100541,,Male,Ahmedabad,186265.55,2024-06-10,71111,12223.79,40.7
T504355,C100184,1988-07-10,Female,Bangalore,45597.09,2024-10-27,72840,1054.35,36.0
T505383,C100140,1964-06-15,Unknown,Kolkata,699519.01,2024-05-13,23506,4876.76,60.0
T504611,C100779,,Female,Kolkata,297969.29,2024-12-17,205031,1000.96,40.7
T504725,C100570,1960-04-04,Female,Kolkata,8280.19,2024-03-21,190539,251.3,64.2
T500009,C100698,1986-10-03,Male,Mumbai,186379.37,2024-05-30,73245,2281.94,37.7
T500873,C100588,2003-09-24,Unknown,Kolkata,10922.29,2024-07-25,80838,1552.35,20.8
T503773,C100318,1976-04-19,Unknown,Jaipur,171947.48,2024-08-07,52753,8220.86,48.2
T505304,C100339,1966-04-20,Male,Pune,62182.35,2024-09-25,12054,2049.24,58.2
T504000,C100563,,Unknown,Delhi,51367.71,2024-05-25,125814,7570.07,40.7
T504762,C100089,1985-03-10,Male,Chennai,47693.35,2024-11-08,23526,7064.3,39.3
T502389,C100099,1959-04-20,Female,Ahmedabad,5650.19,2024-01-30,95837,498.58,65.2
T504397,C100794,1959-07-15,Female,Pune,32969.19,2024-09-01,165745,3101.9,65.0
T505460,C100414,2002-02-15,Female,Pune,61143.12,2024-10-04,225810,1429.64,22.4
T505623,C100699,2003-11-15,Female,Kolkata,20709.46,2024-10-08,90347,7640.45,20.6
T504289,C100377,1965-07-07,Male,Bangalore,31307.17,2024-08-07,55101,4255.17,59.0
T505343,C100636,1969-07-07,Female,Surat,52253.95,2024-09-13,193840,2409.14,55.0
T504456,C100724,1982-07-07,Unknown,Delhi,41634.26,2024-03-18,125006,5928.1,42.0
T500284,C100701,1973-08-26,Male,Delhi,26855.95,2024-12-19,152205,872.26,50.8
T502036,C100219,1997-11-21,Female,Bengaluru,20875.12,2024-10-14,100321,1741.89,26.6
T503797,C100439,1967-03-08,Female,Bangalore,48286.94,2024-07-03,71035,381.08,57.3
T505143,C100737,1961-06-03,Female,Delhi,71291.17,2024-07-18,121657,2463.95,63.1
T502698,C100780,,Female,Surat,1632.01,2024-05-12,164730,798.88,40.7
T501897,C100603,2000-05-12,Male,Pune,3993.34,2024-02-03,161346,2186.12,24.1
T502534,C100622,1963-08-04,Male,Pune,114620.95,2024-11-07,44145,2947.24,60.9
T502855,C100797,1984-08-09,Female,Lucknow,21946.42,2024-11-09,154636,321.48,39.9
T502428,C100792,1983-12-13,Male,Bengaluru,147204.05,2024-04-06,35520,1800.74,40.5
T502901,C100089,1985-03-10,Male,Chennai,47693.35,2024-09-01,24926,166.43,39.3
T503817,C100155,,Male,Chennai,47693.35,2024-05-28,50112,4142.47,40.7
T502827,C100064,1981-04-26,Male,Lucknow,47693.35,2024-11-21,230351,685.84,43.2
T500498,C100671,1957-02-18,Male,Mumbai,60107.96,2024-06-01,212625,2327.1,67.4
T503228,C100622,1963-08-04,Male,Pune,114620.95,2024-03-28,135603,13840.06,60.9
T505008,C100489,1990-06-02,Male,Mumbai,72526.62,2024-07-05,174853,2353.29,34.1
T502172,C100750,1976-09-20,Male,Mumbai,140121.33,2024-11-11,91043,2057.3999999999996,47.8
T500379,C100545,1965-11-14,Female,Mumbai,76933.29,2024-12-05,155358,1170.59,58.6
T504420,C100042,1968-12-11,Male,Mumbai,41014.43,2024-06-04,91941,2404.2,55.6
T504967,C100510,2000-08-03,Female,Ahmedabad,235563.0,2024-11-05,94409,25335.59,23.9
T501052,C100091,1994-12-19,Female,Kolkata,138944.05,2024-12-23,72328,229.27,29.5
T500190,C100294,1977-04-19,Female,Hyderabad,52253.95,2024-03-24,192805,980.78,47.2
T502675,C100750,1976-09-20,Male,Mumbai,140121.33,2024-07-06,91138,3671.05,47.8
T501720,C100560,,Female,Jaipur,25797.87,2024-02-04,214449,3377.67,40.7
T502805,C100798,2000-02-01,Male,Delhi,17004.51,2024-09-09,94350,207.93,24.4
T504578,C100607,,Male,Kolkata,11588.68,2024-05-11,130255,366.79,40.7
T500020,C100416,1988-10-20,Male,Jaipur,77721.72,2024-05-27,45237,2855.48,35.7
T503223,C100709,2001-12-15,Female,Nagpur,253403.83,2024-10-24,51303,2512.44,22.5
T502235,C100589,,Female,Chennai,101026.53,2024-07-29,103944,1613.88,40.7
T503173,C100504,1999-12-20,Male,Jaipur,97634.59,2024-07-20,95817,4979.25,24.5
T502020,C100519,1980-10-12,Male,Kolkata,103786.19,2024-11-28,143348,2026.45,43.7
T505977,C100517,2001-06-26,Male,Jaipur,53788.28,2024-07-25,162754,3156.38,23.0
T504319,C100222,1969-03-14,Female,Lucknow,77445.15,2024-09-21,75152,1934.45,55.3
T504814,C100474,1985-02-22,Male,Chennai,20972.53,2024-03-29,200205,579.45,39.4
T500208,C100563,,Unknown,Delhi,51367.71,2024-12-19,90634,2057.3999999999996,40.7
T505783,C100389,1975-07-12,Female,Kolkata,52253.95,2024-01-31,113214,10243.0,49.0
T504534,C100372,1983-12-19,Female,Mumbai,59995.96,2024-05-09,74854,1729.72,40.5
T504306,C100554,1980-01-24,Male,Surat,31094.72,2024-01-11,180533,4340.9,44.4
T504374,C100112,1984-02-13,Unknown,Chennai,51367.71,2024-08-19,224538,1649.92,40.4
T500150,C100307,2004-10-07,Male,Lucknow,43413.56,2024-09-04,25252,841.05,19.7
T500022,C100641,2004-09-15,Male,Pune,23713.23,2024-08-31,151758,956.28,19.8
T504786,C100014,1995-01-22,Male,Lucknow,72097.18,2024-10-04,103607,2510.79,29.4
T502825,C100046,1985-11-27,Female,Delhi,4232.4,2024-02-13,144318,902.92,38.6
T504800,C100450,1992-01-17,Female,Delhi,111417.27,2024-09-24,60926,6430.75,32.5
T501331,C100772,,Female,Chennai,14449.91,2024-01-26,30156,2057.3999999999996,40.7
T504081,C100243,1981-10-26,Male,Ahmedabad,16321.79,2024-02-07,101604,3660.28,42.7
T500657,C100506,,Female,Mumbai,26364.3,2024-06-12,80153,380.85,40.7
T502657,C100095,1980-11-25,Female,Ahmedabad,52253.95,2024-04-24,170224,1377.94,43.6
T501382,C100700,1988-03-06,Male,Pune,47693.35,2024-06-12,155145,2057.3999999999996,36.3
T501807,C100621,2001-07-16,Female,Hyderabad,58120.95,2024-05-28,23143,2400.38,23.0
T503044,C100668,1978-07-21,Female,Bangalore,99681.03,2024-05-06,154453,5399.37,45.9
T501962,C100653,1965-07-06,Female,Ahmedabad,305029.15,2024-07-23,53756,6209.93,59.0
T502376,C100648,,Female,Hyderabad,9700.19,2024-07-30,55444,305.23,40.7
T503772,C100293,1989-05-13,Male,Bangalore,10023.2,2024-03-24,209,486.41,35.1
T504227,C100483,2004-08-13,Male,Mumbai,47693.35,2024-08-08,213358,2624.39,19.9
T504499,C100294,1977-04-19,Female,Hyderabad,52253.95,2024-03-21,124125,514.49,47.2
T502788,C100471,1963-11-03,Male,Bangalore,47693.35,2024-10-23,175550,516.0,60.7
T500939,C100260,1982-07-05,Male,Mumbai,47216.74,2024-08-29,163603,2004.67,42.0
T503564,C100048,2003-04-06,Male,Chennai,13288.01,2024-03-13,2412,279.66,21.2
T505091,C100531,,Male,Chennai,38254.58,2024-06-24,42759,2613.29,40.7
T504377,C100419,,Male,Delhi,26055.1,2024-02-29,225450,537.48,40.7
T502103,C100245,1955-03-12,Male,Pune,7617.01,2024-04-29,84715,821.87,69.3
T501527,C100763,1994-09-10,Male,Mumbai,47693.35,2024-04-05,233654,2943.83,29.8
T500340,C100163,1970-08-04,Male,Kolkata,3126.03,2024-03-25,44003,300.5,53.9
T504537,C100300,1990-07-09,Male,Chennai,47693.35,2024-06-20,101738,728.41,34.0
T500420,C100733,2001-03-05,Female,Bangalore,244077.09,2024-12-18,165014,9639.6,23.3
T500761,C100150,2001-08-10,Female,Kolkata,80031.58,2024-07-16,4208,1145.04,22.9
T502540,C100436,,Female,Jaipur,93354.27,2024-09-25,43118,212.35,40.7
T503337,C100349,,Female,Pune,397135.49,2024-11-05,21307,4008.75,40.7
T504063,C100622,1963-08-04,Male,Pune,114620.95,2024-04-17,72807,2057.3999999999996,60.9
T501868,C100447,1994-09-02,Male,Ahmedabad,11950.03,2024-12-19,43911,352.91,29.8
T502703,C100082,,Unknown,Hyderabad,3621.26,2024-10-21,202144,322.04,40.7
T502894,C100058,1976-02-26,Male,Surat,47693.35,2024-11-11,120358,2933.4,48.3
T503826,C100223,,Female,Nagpur,7196.01,2024-08-10,222431,1717.81,40.7
T503744,C100178,1996-02-12,Female,Mumbai,18046.45,2024-02-03,120946,2221.47,28.4
T500884,C100712,1984-12-18,Male,Nagpur,7145.18,2024-02-25,40743,1557.9,39.5
T504715,C100584,1997-02-27,Female,Chennai,16020.27,2024-04-19,171055,108.02,27.3
T502702,C100045,,Male,Unknown,50615.7,2024-01-30,5813,885.43,40.7
T505517,C100729,,Male,Lucknow,264299.97,2024-03-15,24929,4934.27,40.7
T501286,C100473,1982-04-03,Female,Bengaluru,52253.95,2024-10-10,54042,203.44,42.2
T503202,C100255,1959-07-12,Female,Pune,52253.95,2024-12-23,105217,3340.51,65.0
T505273,C100091,1994-12-19,Female,Kolkata,138944.05,2024-05-30,134044,10028.83,29.5
T500710,C100306,1967-04-23,Male,Pune,63186.77,2024-08-01,214051,823.92,57.2
T505764,C100459,1999-07-20,Unknown,Lucknow,5482.84,2024-01-04,33233,93.97,24.9
T500098,C100442,1956-11-17,Female,Ahmedabad,8610.61,2024-10-25,60419,808.4,67.6
T500890,C100342,1969-06-07,Male,Surat,9262.22,2024-02-17,115508,1537.89,55.1
T504339,C100676,,Unknown,Nagpur,44650.65,2024-11-05,145317,17225.96,40.7
T501982,C100012,1993-10-12,Female,Unknown,50102.02,2024-02-21,94603,609.95,30.7
T502261,C100377,1965-07-07,Male,Bangalore,31307.17,2024-12-21,123511,2057.3999999999996,59.0
T504249,C100743,1968-05-24,Male,Unknown,121700.99,2024-10-13,113902,4402.3,56.1
T502625,C100123,1996-09-14,Male,Hyderabad,24576.12,2024-05-10,181930,283.4,27.8
T501039,C100003,1961-03-26,Unknown,Kolkata,48217.77,2024-03-06,24844,2001.67,63.3
T503631,C100745,2002-11-16,Female,Ahmedabad,53359.6,2024-06-21,32157,2532.12,21.6
T505714,C100765,1958-11-07,Male,Chennai,22571.43,2024-07-16,5952,881.33,65.6
T504389,C100796,1985-01-13,Female,Chennai,22196.84,2024-10-11,182704,607.18,39.5
T501062,C100723,1971-06-05,Male,Surat,78759.05,2024-06-07,75827,1533.97,53.1
T502632,C100741,1966-04-24,Male,Kolkata,32097.85,2024-02-05,25158,3473.89,58.2
T503530,C100136,2002-08-17,Unknown,Ahmedabad,51367.71,2024-01-17,195604,17707.84,21.9
T503620,C100379,1983-04-05,Male,Mumbai,71283.08,2024-07-30,134554,4690.65,41.2
T501465,C100019,,Unknown,Bengaluru,102437.46,2024-12-13,21658,5876.93,40.7
T505083,C100297,,Female,Hyderabad,7611.24,2024-08-28,5352,121.21,40.7
T505107,C100051,1976-02-21,Male,Pune,169367.84,2024-12-24,184416,9965.76,48.4
T501991,C100734,1985-06-24,Female,Pune,29158.72,2024-10-08,73710,415.23,39.0
T505205,C100512,1986-08-19,Male,Unknown,88055.27,2024-03-03,348,10321.07,37.9
T501398,C100076,2001-07-05,Female,Ahmedabad,12298.94,2024-05-12,5501,1112.06,23.0
T500670,C100475,,Female,Bengaluru,89827.75,2024-06-14,71336,248.75,40.7
T501262,C100083,,Female,Hyderabad,7606.81,2024-02-19,64455,1419.0,40.7
T504596,C100259,2002-04-07,Female,Ahmedabad,22163.71,2024-01-27,145541,1503.3,22.2
T502405,C100329,1958-11-08,Male,Ahmedabad,37113.65,2024-12-16,190633,7575.78,65.6
T505200,C100070,1994-10-17,Female,Lucknow,29489.38,2024-09-12,195813,1914.06,29.7
T502022,C100493,,Female,Ahmedabad,102129.94,2024-03-24,202225,1906.98,40.7
T501196,C100331,1984-04-09,Male,Delhi,139917.52,2024-07-23,231254,1544.66,40.2
T500416,C100490,1992-01-23,Male,Lucknow,47693.35,2024-10-10,125152,201.45,32.4
T504287,C100556,,Female,Hyderabad,92723.33,2024-02-07,163929,7584.11,40.7
T503192,C100552,,Unknown,Ahmedabad,34675.53,2024-05-07,140025,159.39,40.7
T504769,C100278,1989-05-16,Male,Bangalore,113740.31,2024-03-04,64429,2879.13,35.1
T503383,C100440,1990-04-24,Unknown,Delhi,1809.61,2024-12-30,81649,544.62,34.2
T503870,C100150,2001-08-10,Female,Kolkata,80031.58,2024-07-14,170658,244.72,22.9
T503054,C100594,1990-02-24,Male,Hyderabad,73506.23,2024-01-19,11040,4527.75,34.3
T501011,C100218,1979-08-01,Male,Ahmedabad,470799.86,2024-02-08,102730,2247.15,44.9
T503278,C100214,1998-06-09,Female,Lucknow,68205.42,2024-02-26,63603,145.32,26.1
T501236,C100629,1993-12-25,Female,Delhi,24299.3,2024-04-23,75552,1755.08,30.5
T501703,C100243,1981-10-26,Male,Ahmedabad,16321.79,2024-03-28,225453,365.12,42.7
T505488,C100717,1983-04-25,Female,Mumbai,52253.95,2024-01-27,112214,3100.49,41.2
T500898,C100373,1971-09-05,Male,Ahmedabad,1842.75,2024-02-24,174215,242.16,52.8
T500200,C100680,1964-12-27,Male,Chennai,83125.23,2024-06-21,141803,12048.52,59.5
T501727,C100783,1999-07-19,Male,Bangalore,23913.12,2024-03-20,92322,1227.78,25.0
T502864,C100386,,Unknown,Jaipur,12445.0,2024-03-28,231114,199.2,40.7
T503362,C100237,,Male,Pune,47693.35,2024-11-01,24304,2225.99,40.7
T500734,C100640,2003-11-22,Male,Ahmedabad,47693.35,2024-03-03,25346,1879.46,20.6
T504402,C100663,1961-03-24,Male,Unknown,600713.48,2024-03-15,25348,1873.47,63.3
T501206,C100191,1979-01-02,Male,Pune,70003.54,2024-06-15,102511,2057.3999999999996,45.5
T502905,C100061,1984-01-20,Male,Mumbai,13029.33,2024-12-11,195606,11431.77,40.4
T500599,C100769,1990-07-04,Female,Chennai,29909.5,2024-08-27,12315,670.81,34.0
T504178,C100199,1983-08-12,Male,Mumbai,71799.72,2024-08-03,174245,1143.68,40.9
T500400,C100244,1983-09-24,Female,Delhi,52253.95,2024-06-29,111733,2557.21,40.8
T505168,C100089,1985-03-10,Male,Chennai,47693.35,2024-01-20,145621,4006.18,39.3
T501776,C100064,1981-04-26,Male,Lucknow,47693.35,2024-06-28,3801,174.54,43.2
T505418,C100158,1979-01-03,Female,Mumbai,2998.95,2024-04-07,5856,1240.3,45.5
T500514,C100386,,Unknown,Jaipur,12445.0,2024-02-21,175934,589.79,40.7
T502930,C100001,1976-03-03,Unknown,Ahmedabad,43869.35,2024-10-07,74216,2914.66,48.3
T504465,C100140,1964-06-15,Unknown,Kolkata,699519.01,2024-08-31,235248,2386.85,60.0
T504766,C100172,1991-12-18,Unknown,Lucknow,180835.83,2024-12-11,201637,6591.02,32.5
T500814,C100606,2004-10-15,Unknown,Kolkata,51367.71,2024-02-18,161020,264.68,19.7
T503309,C100619,1979-10-27,Female,Jaipur,618590.11,2024-02-06,12959,4623.69,44.7
T502206,C100483,2004-08-13,Male,Mumbai,47693.35,2024-06-24,62945,2603.55,19.9
T500891,C100336,1997-02-27,Male,Nagpur,75339.25,2024-04-25,23554,13996.33,27.3
T501505,C100347,1963-10-13,Male,Mumbai,37311.99,2024-12-07,233748,5172.4,60.7
T505245,C100480,1993-09-08,Female,Mumbai,37940.98,2024-06-28,211752,2014.34,30.8
T505294,C100140,1964-06-15,Unknown,Kolkata,699519.01,2024-04-18,101832,5432.32,60.0
T503397,C100374,1997-06-01,Female,Jaipur,55312.12,2024-09-21,21522,2188.2,27.1
T503989,C100745,2002-11-16,Female,Ahmedabad,53359.6,2024-11-10,105850,3921.28,21.6
T501035,C100479,1980-10-22,Female,Kolkata,98501.77,2024-05-07,233058,14181.15,43.7
T503556,C100620,1967-06-27,Unknown,Chennai,22920.89,2024-04-08,31722,2057.3999999999996,57.0
T500219,C100470,1997-02-05,Female,Nagpur,155474.78,2024-11-20,205349,8951.63,27.4
T502265,C100726,1966-07-04,Male,Kolkata,213622.83,2024-01-31,162636,4606.62,58.0
T503605,C100240,2003-12-24,Male,Mumbai,58083.3,2024-07-17,55708,1650.63,20.5
T502741,C100658,1996-06-17,Female,Chennai,62261.48,2024-01-05,133,7254.7,28.0
T503837,C100012,1993-10-12,Female,Unknown,50102.02,2024-07-04,121537,5232.17,30.7
T500133,C100776,1964-01-07,Female,Bangalore,31244.52,2024-07-24,161040,5150.52,60.5
T505109,C100680,1964-12-27,Male,Chennai,83125.23,2024-08-08,91615,17052.43,59.5
T505450,C100413,1975-06-17,Male,Chennai,47693.35,2024-11-20,165233,1067.58,49.0
T500821,C100451,2002-01-19,Male,Chennai,24527.13,2024-10-06,191743,330.01,22.4
T502688,C100718,1957-11-26,Female,Delhi,17142.08,2024-05-14,124452,3791.22,66.6
T501509,C100345,1983-05-01,Female,Kolkata,12276.92,2024-06-09,31317,1880.7,41.2
T501414,C100451,2002-01-19,Male,Chennai,24527.13,2024-02-09,215527,1111.35,22.4
T504551,C100127,1957-03-24,Male,Jaipur,47693.35,2024-11-22,215943,8053.07,67.3
T502775,C100441,1973-01-26,Male,Lucknow,109974.75,2024-11-02,221450,4174.39,51.4
T504146,C100310,1984-08-23,Male,Hyderabad,323760.11,2024-10-17,152119,3311.13,39.9
T503597,C100350,1984-05-06,Male,Bengaluru,47693.35,2024-09-10,230206,12586.44,40.2
T505673,C100501,,Female,Delhi,98637.64,2024-11-14,210716,2246.72,40.7
T503373,C100781,,Female,Lucknow,52253.95,2024-01-30,212619,991.67,40.7
T502562,C100646,,Male,Delhi,56399.4,2024-12-07,160400,297.11,40.7
T503106,C100368,1991-10-16,Female,Jaipur,144315.15,2024-12-19,30306,9448.67,32.7
T505033,C100217,,Male,Pune,18308.71,2024-11-02,12846,2930.6,40.7
T500600,C100028,1973-05-26,Unknown,Hyderabad,51367.71,2024-08-02,215936,3040.0,51.1
T505813,C100401,1997-12-22,Female,Chennai,24925.63,2024-06-02,92137,199.63,26.5
T504269,C100239,1978-10-02,Male,Chennai,30783.15,2024-03-19,94806,3386.0,45.7
T505860,C100418,1960-01-14,Unknown,Hyderabad,51367.71,2024-03-10,85540,17705.98,64.5
T503110,C100234,1998-03-15,Female,Chennai,59188.47,2024-09-11,35235,438.2,26.3
T503219,C100554,1980-01-24,Male,Surat,31094.72,2024-06-04,181134,561.52,44.4
T500854,C100027,1989-08-17,Unknown,Ahmedabad,11262.83,2024-10-03,92705,304.31,34.9
T500487,C100767,,Female,Unknown,70068.58,2024-12-30,42628,2057.3999999999996,40.7
T504416,C100001,1976-03-03,Unknown,Ahmedabad,43869.35,2024-10-15,185949,10661.57,48.3
T502566,C100387,1977-02-16,Male,Kolkata,20501.21,2024-09-13,73537,6399.66,47.4
T500592,C100110,2004-06-04,Unknown,Chennai,188084.65,2024-06-07,22528,4309.67,20.1
T501608,C100284,1987-04-12,Male,Lucknow,21229.49,2024-09-25,346,529.27,37.2
T505183,C100147,1997-03-17,Male,Mumbai,34392.46,2024-03-19,42644,6176.59,27.3
T504150,C100264,1984-06-01,Male,Hyderabad,47693.35,2024-08-31,24212,752.43,40.1
T505752,C100037,1994-03-09,Female,Delhi,33340.33,2024-02-29,181713,783.51,30.3
T500099,C100278,1989-05-16,Male,Bangalore,113740.31,2024-01-13,181741,2311.22,35.1
T503126,C100001,1976-03-03,Unknown,Ahmedabad,43869.35,2024-07-07,174831,111584.99999999999,48.3
T504672,C100546,1993-05-20,Male,Delhi,76684.14,2024-09-08,163009,4385.15,31.1
T502132,C100345,1983-05-01,Female,Kolkata,12276.92,2024-09-17,125928,1394.55,41.2
T503386,C100283,1977-10-18,Male,Surat,54219.8,2024-08-30,64232,11772.11,46.7
T500413,C100386,,Unknown,Jaipur,12445.0,2024-02-03,182601,366.75,40.7
T500357,C100291,1975-08-14,Female,Pune,52253.95,2024-02-03,55202,2510.95,48.9
T503952,C100368,1991-10-16,Female,Jaipur,144315.15,2024-05-12,200815,8686.57,32.7
T502424,C100387,1977-02-16,Male,Kolkata,20501.21,2024-12-03,131456,8794.5,47.4
T504592,C100314,2004-01-12,Male,Mumbai,47693.35,2024-07-29,123106,1050.7,20.5
T503594,C100782,1960-01-16,Female,Hyderabad,34036.97,2024-05-10,65433,272883.0199999997,64.5
T500015,C100267,1964-03-24,Female,Bengaluru,100432.83,2024-02-22,91931,187915.0,60.3
T501961,C100589,,Female,Chennai,101026.53,2024-05-28,133135,3818.94,40.7
T500203,C100546,1993-05-20,Male,Delhi,76684.14,2024-11-04,81423,5415.94,31.1
T500036,C100396,,Male,Bangalore,8158.99,2024-09-28,140615,230.43,40.7
T500435,C100255,1959-07-12,Female,Pune,52253.95,2024-01-27,151153,963.56,65.0
T500589,C100393,1981-11-11,Female,Mumbai,15018.25,2024-11-13,50857,763.83,42.6
T501965,C100520,1979-07-13,Male,Bengaluru,57394.34,2024-12-22,225906,4353.82,45.0
T502893,C100407,,Female,Jaipur,11790.29,2024-11-08,173224,2057.3999999999996,40.7
T503788,C100374,1997-06-01,Female,Jaipur,55312.12,2024-06-01,61419,5623.69,27.1
T500012,C100026,1980-06-13,Female,Bangalore,42425.02,2024-10-31,25024,632.0,44.0
T505117,C100763,1994-09-10,Male,Mumbai,47693.35,2024-03-18,43855,1913.42,29.8
T501448,C100477,1992-08-08,Male,Ahmedabad,72921.71,2024-06-30,54120,5799.67,31.9
T504167,C100279,1957-08-17,Male,Jaipur,45765.21,2024-11-20,154305,671.15,66.9
T502670,C100389,1975-07-12,Female,Kolkata,52253.95,2024-07-20,55811,11047.7,49.0
T505855,C100157,1964-04-06,Male,Pune,47693.35,2024-06-04,103217,949.87,60.2
T501530,C100239,1978-10-02,Male,Chennai,30783.15,2024-03-02,211827,511.42,45.7
T500540,C100722,1955-06-15,Male,Delhi,9982.58,2024-08-11,120412,2057.3999999999996,69.0
T504614,C100160,1987-08-02,Male,Unknown,4045.62,2024-05-13,124146,740.38,36.9
T504247,C100349,,Female,Pune,397135.49,2024-10-05,115816,4782.25,40.7
T504938,C100741,1966-04-24,Male,Kolkata,32097.85,2024-10-23,170211,384.36,58.2
T505859,C100715,1966-07-01,Male,Ahmedabad,5484.47,2024-11-30,191303,329.68,58.0
T505027,C100480,1993-09-08,Female,Mumbai,37940.98,2024-12-15,130351,71.06,30.8
T501495,C100039,1975-06-13,Female,Bangalore,269975.33,2024-03-20,51123,1109.56,49.0
T503967,C100567,1992-01-23,Female,Nagpur,11762.16,2024-05-28,140000,476.47,32.4
T505941,C100589,,Female,Chennai,101026.53,2024-05-21,103007,2057.3999999999996,40.7
T505950,C100788,1965-10-17,Male,Bengaluru,40994.26,2024-07-05,235242,2414.45,58.7
T505457,C100283,1977-10-18,Male,Surat,54219.8,2024-02-29,62148,2662.81,46.7
T504313,C100499,,Male,Hyderabad,29516.2,2024-09-10,141442,879.54,40.7
T503743,C100076,2001-07-05,Female,Ahmedabad,12298.94,2024-11-26,90724,1859.16,23.0
T502201,C100103,1991-02-14,Unknown,Delhi,51367.71,2024-10-01,224502,2450.87,33.4
T503387,C100674,1998-05-02,Male,Pune,3566.68,2024-09-18,209,1428.05,26.2
T504844,C100782,1960-01-16,Female,Hyderabad,34036.97,2024-05-04,102749,1917.21,64.5
T502547,C100031,1977-11-04,Unknown,Delhi,51367.71,2024-08-30,84830,5541.52,46.7
T502307,C100109,,Male,Mumbai,83476.96,2024-02-29,14525,629.46,40.7
T501968,C100092,2000-06-15,Male,Ahmedabad,47693.35,2024-02-20,71141,2983.33,24.0
T500705,C100535,1981-02-12,Female,Chennai,10577.18,2024-07-30,35934,1756.3,43.4
T502588,C100735,1971-11-02,Unknown,Hyderabad,55080.47,2024-08-09,45101,3550.26,52.7
T503882,C100535,1981-02-12,Female,Chennai,10577.18,2024-08-06,144249,5300.05,43.4
T501980,C100278,1989-05-16,Male,Bangalore,113740.31,2024-12-10,21451,2223.04,35.1
T500439,C100209,,Female,Unknown,38752.88,2024-05-13,164419,4441.57,40.7
T505204,C100235,1981-09-21,Female,Pune,15017.22,2024-04-19,181530,910.57,42.8
T502117,C100690,,Male,Bangalore,120392.94,2024-04-30,70316,3857.12,40.7
T503019,C100407,,Female,Jaipur,11790.29,2024-10-25,40425,1090.83,40.7
T500924,C100369,1981-10-27,Male,Bangalore,26549.63,2024-04-12,144553,1626.96,42.7
T501688,C100525,1969-05-10,Female,Chennai,212533.64,2024-06-20,204351,20212.61,55.1
T503918,C100595,1957-11-12,Female,Mumbai,17193.93,2024-12-12,80112,238.69,66.6
T505878,C100606,2004-10-15,Unknown,Kolkata,51367.71,2024-03-10,121111,826.48,19.7
T505253,C100229,2004-07-25,Female,Chennai,47420.96,2024-12-20,162501,3373.3,19.9
T503006,C100656,1996-01-11,Male,Ahmedabad,14274.08,2024-01-25,132837,79.47,28.5
T501134,C100349,,Female,Pune,397135.49,2024-07-12,40716,7860.67,40.7
T502578,C100184,1988-07-10,Female,Bangalore,45597.09,2024-01-28,45201,761.14,36.0
T501108,C100537,1963-01-27,Female,Chennai,26621.54,2024-01-10,230127,3734.56,61.4
T504100,C100741,1966-04-24,Male,Kolkata,32097.85,2024-10-11,2442,4743.2,58.2
T505528,C100714,1967-02-19,Male,Bengaluru,13233.37,2024-10-13,111403,1178.12,57.4
T504586,C100573,1976-01-19,Male,Hyderabad,41943.84,2024-10-23,235347,2746.67,48.4
T502635,C100471,1963-11-03,Male,Bangalore,47693.35,2024-01-21,11858,2987.38,60.7
T505248,C100047,1966-07-11,Female,Hyderabad,22419.5,2024-10-01,53033,2057.3999999999996,58.0
T500768,C100057,1998-12-21,Male,Hyderabad,108663.77,2024-04-01,10659,1750.69,25.5
T503722,C100088,,Female,Hyderabad,1631.44,2024-03-27,101506,1612.85,40.7
T505965,C100087,1996-06-22,Male,Mumbai,47693.35,2024-07-14,153058,1178.1,28.0
T503151,C100109,,Male,Mumbai,83476.96,2024-04-19,55419,1554.1,40.7
T503279,C100191,1979-01-02,Male,Pune,70003.54,2024-08-05,114434,4247.62,45.5
T501919,C100237,,Male,Pune,47693.35,2024-08-14,35717,632.04,40.7
T502138,C100644,1991-12-17,Male,Pune,10681.0,2024-03-25,175446,1458.52,32.5
T503553,C100270,,Male,Kolkata,40183.8,2024-05-19,211943,4587.63,40.7
T500795,C100653,1965-07-06,Female,Ahmedabad,305029.15,2024-10-26,234631,4500.71,59.0
T502631,C100724,1982-07-07,Unknown,Delhi,41634.26,2024-02-26,170454,1703.25,42.0
T504748,C100698,1986-10-03,Male,Mumbai,186379.37,2024-11-01,40754,14745.18,37.7
T500637,C100436,,Female,Jaipur,93354.27,2024-09-25,30733,21893.57,40.7
T503203,C100292,,Female,Mumbai,9547.79,2024-04-26,142955,1251.5,40.7
T504046,C100740,1978-08-22,Female,Jaipur,52253.95,2024-09-09,54526,664.76,45.9
T504098,C100427,1973-05-14,Female,Hyderabad,13652.98,2024-03-05,130443,3826.27,51.1
T501325,C100035,1992-05-22,Male,Mumbai,47693.35,2024-09-13,145418,64.46,32.1
T505251,C100609,,Male,Mumbai,18375.7,2024-09-16,173348,170.33,40.7
T503710,C100061,1984-01-20,Male,Mumbai,13029.33,2024-05-31,141030,272883.0199999997,40.4
T502892,C100169,1990-12-22,Unknown,Ahmedabad,346738.24,2024-12-23,62649,2984.56,33.5
T505732,C100734,1985-06-24,Female,Pune,29158.72,2024-01-15,170913,357.92,39.0
T504740,C100733,2001-03-05,Female,Bangalore,244077.09,2024-10-13,202117,1038.77,23.3
T504017,C100709,2001-12-15,Female,Nagpur,253403.83,2024-04-19,154523,2805.4,22.5
T500157,C100161,1999-05-26,Male,Lucknow,68566.76,2024-04-17,221154,2057.3999999999996,25.1
T500438,C100101,1978-06-19,Male,Hyderabad,10568.41,2024-06-14,142055,22.08,46.0
T500763,C100308,1993-09-07,Male,Ahmedabad,11206.16,2024-06-10,34357,3308.7,30.8
T503664,C100207,1974-06-06,Male,Delhi,68660.4,2024-09-15,103239,5875.1,50.1
T501569,C100225,1991-10-09,Male,Chennai,181650.06,2024-08-12,123815,197.82,32.7
T501237,C100570,1960-04-04,Female,Kolkata,8280.19,2024-06-15,144006,387.47,64.2
T505128,C100730,1987-07-18,Female,Unknown,25757.03,2024-02-09,222312,3029.36,37.0
T502304,C100264,1984-06-01,Male,Hyderabad,47693.35,2024-06-28,211631,6626.1,40.1
T505916,C100355,1977-08-11,Male,Pune,47693.35,2024-06-20,21941,297.69,46.9
T502882,C100595,1957-11-12,Female,Mumbai,17193.93,2024-03-07,50829,3136.43,66.6
T504512,C100525,1969-05-10,Female,Chennai,212533.64,2024-04-24,62709,10019.6,55.1
T503566,C100435,1982-06-13,Unknown,Delhi,58275.09,2024-09-13,61828,2796.26,42.0
T504957,C100753,1958-12-05,Male,Ahmedabad,47693.35,2024-11-30,30932,2334.85,65.6
T504303,C100119,1962-01-23,Female,Pune,52253.95,2024-08-12,191907,1217.44,62.4
T504513,C100607,,Male,Kolkata,11588.68,2024-07-17,12430,2057.3999999999996,40.7
T502451,C100385,1986-09-04,Female,Pune,31830.7,2024-03-05,153106,4055.91,37.8
T503171,C100631,1970-03-15,Male,Delhi,47693.35,2024-07-22,63003,3081.61,54.3
T505295,C100230,,Female,Chennai,17144.19,2024-08-23,180343,2057.3999999999996,40.7
T503528,C100549,1985-03-20,Female,Delhi,92675.9,2024-10-22,172346,720.71,39.3
T501539,C100493,,Female,Ahmedabad,102129.94,2024-02-21,83812,7824.97,40.7
T504281,C100315,2001-02-16,Unknown,Pune,10487.31,2024-03-13,43406,275.38,23.4
T502505,C100441,1973-01-26,Male,Lucknow,109974.75,2024-07-06,80728,6701.19,51.4
T503328,C100131,2002-07-19,Female,Hyderabad,114687.04,2024-01-15,210228,1088.53,21.9
T500461,C100225,1991-10-09,Male,Chennai,181650.06,2024-06-04,174751,3713.98,32.7
T503538,C100078,1963-07-19,Female,Chennai,51575.85,2024-01-16,194238,239.12,61.0
T500813,C100603,2000-05-12,Male,Pune,3993.34,2024-07-13,202700,1263.86,24.1
T503916,C100649,1959-08-03,Unknown,Delhi,342978.92,2024-07-29,224237,12531.33,64.9
T503641,C100010,1989-09-06,Female,Kolkata,239001.2,2024-02-22,121055,4080.09,34.8
T501793,C100747,1969-08-14,Female,Mumbai,52638.76,2024-04-15,102618,5606.62,54.9
T501054,C100668,1978-07-21,Female,Bangalore,99681.03,2024-04-13,80414,4335.74,45.9
T502785,C100457,1991-11-23,Male,Hyderabad,46885.9,2024-12-19,51729,1414.01,32.6
T502462,C100039,1975-06-13,Female,Bangalore,269975.33,2024-06-08,193002,22593.76,49.0
T502218,C100037,1994-03-09,Female,Delhi,33340.33,2024-06-05,121210,1242.94,30.3
T501806,C100318,1976-04-19,Unknown,Jaipur,171947.48,2024-10-30,215711,8529.43,48.2
T503513,C100481,1988-05-22,Male,Jaipur,1624.3,2024-11-04,220849,2124.01,36.1
T505730,C100477,1992-08-08,Male,Ahmedabad,72921.71,2024-04-15,165555,1256.78,31.9
T504552,C100016,1956-02-07,Female,Mumbai,21454.12,2024-10-24,42822,1787.3,68.4
T501180,C100436,,Female,Jaipur,93354.27,2024-01-22,170540,3800.43,40.7
T500177,C100246,1992-12-11,Male,Delhi,459949.04,2024-04-05,214332,5760.62,31.6
T505416,C100354,1965-03-09,Male,Delhi,47693.35,2024-09-04,54602,1651.49,59.3
T502157,C100515,1997-10-13,Male,Chennai,48437.97,2024-12-23,233811,4798.93,26.7
T500736,C100492,,Male,Kolkata,3109.69,2024-10-18,144145,772.21,40.7
T505526,C100139,1990-08-09,Male,Jaipur,34813.1,2024-02-08,24954,1315.21,33.9
T503705,C100154,,Female,Chennai,20227.6,2024-04-11,185531,779.99,40.7
T505717,C100200,1984-09-07,Female,Pune,99008.06,2024-09-29,230945,565.99,39.8
T503453,C100720,,Male,Lucknow,53994.49,2024-02-20,225326,2175.72,40.7
T503783,C100136,2002-08-17,Unknown,Ahmedabad,51367.71,2024-01-30,73329,3019.64,21.9
T501533,C100087,1996-06-22,Male,Mumbai,47693.35,2024-01-02,12815,1239.1,28.0
T500191,C100380,,Female,Delhi,52253.95,2024-07-26,204452,2553.58,40.7
T502273,C100770,1995-12-02,Female,Jaipur,52253.95,2024-09-04,231007,433.35,28.6
T500652,C100181,,Male,Pune,46982.71,2024-10-01,171703,4584.18,40.7
T505115,C100563,,Unknown,Delhi,51367.71,2024-10-03,20842,8680.46,40.7
T504726,C100658,1996-06-17,Female,Chennai,62261.48,2024-08-31,95947,4176.01,28.0
T502087,C100136,2002-08-17,Unknown,Ahmedabad,51367.71,2024-03-09,164814,7628.92,21.9
T501458,C100393,1981-11-11,Female,Mumbai,15018.25,2024-08-31,44343,1511.89,42.6
T505845,C100000,,Male,Delhi,17012.07,2024-07-25,180106,1891.18,40.7
T503323,C100347,1963-10-13,Male,Mumbai,37311.99,2024-09-04,154953,2563.3,60.7
T500895,C100764,1966-06-14,Male,Jaipur,62112.48,2024-11-02,70317,2057.3999999999996,58.0
T504757,C100218,1979-08-01,Male,Ahmedabad,470799.86,2024-07-24,83617,5941.29,44.9
T501732,C100518,1981-02-02,Female,Pune,17929.39,2024-02-21,181909,462.48,43.4
T505090,C100074,,Female,Hyderabad,138675.48,2024-05-21,2200,9724.84,40.7
T502355,C100102,1981-07-14,Male,Kolkata,15311.0,2024-01-16,155657,663.45,43.0
T500127,C100037,1994-03-09,Female,Delhi,33340.33,2024-06-13,81121,1342.14,30.3
T502165,C100765,1958-11-07,Male,Chennai,22571.43,2024-09-25,120946,147.71,65.6
T502697,C100312,1971-03-04,Female,Nagpur,52253.95,2024-02-03,232505,307.22,53.3
T500819,C100624,1991-03-23,Female,Kolkata,34075.98,2024-10-12,22738,351.68,33.3
T503349,C100624,1991-03-23,Female,Kolkata,34075.98,2024-11-16,182349,5185.57,33.3
T505604,C100172,1991-12-18,Unknown,Lucknow,180835.83,2024-12-28,162446,5627.67,32.5
T504211,C100065,2001-02-18,Male,Delhi,55990.05,2024-03-06,122603,2471.82,23.4
T500030,C100291,1975-08-14,Female,Pune,52253.95,2024-08-27,959,387.21,48.9
T504003,C100071,2001-06-04,Male,Pune,7466.77,2024-05-14,211541,637.43,23.1
T505720,C100021,1996-01-24,Male,Hyderabad,51078.01,2024-11-25,172811,2785.75,28.4
T504286,C100555,1993-03-27,Female,Ahmedabad,66420.28,2024-11-17,222359,2359.36,31.3
T505738,C100418,1960-01-14,Unknown,Hyderabad,51367.71,2024-03-07,193029,2484.32,64.5
T502791,C100058,1976-02-26,Male,Surat,47693.35,2024-07-27,123754,1683.08,48.3
T502742,C100028,1973-05-26,Unknown,Hyderabad,51367.71,2024-09-24,53616,3599.34,51.1
T505066,C100353,2001-12-08,Male,Pune,47693.35,2024-04-07,141214,1560.33,22.6
T504983,C100185,1990-08-13,Female,Kolkata,119141.06,2024-09-01,21708,5328.61,33.9
T500927,C100169,1990-12-22,Unknown,Ahmedabad,346738.24,2024-08-05,195636,15026.23,33.5
T502599,C100585,,Female,Chennai,51724.58,2024-06-20,22311,2569.15,40.7
T505944,C100755,1975-07-15,Female,Hyderabad,52253.95,2024-12-02,101542,4459.95,49.0
T500450,C100548,1982-08-07,Female,Nagpur,53292.45,2024-10-01,75027,644.78,41.9
T505935,C100438,,Female,Bengaluru,52253.95,2024-12-18,141006,3548.0,40.7
T505658,C100440,1990-04-24,Unknown,Delhi,1809.61,2024-04-06,61855,961.68,34.2
T501119,C100789,1972-02-08,Female,Delhi,52253.95,2024-09-20,184253,3114.57,52.4
T502888,C100319,1956-01-12,Female,Mumbai,418468.01,2024-11-16,63631,472.08,68.5
T501781,C100622,1963-08-04,Male,Pune,114620.95,2024-08-22,123354,8462.37,60.9
T503648,C100485,1998-11-08,Female,Bengaluru,2026.6,2024-02-20,51750,259.76,25.6
T500324,C100594,1990-02-24,Male,Hyderabad,73506.23,2024-10-17,322,3864.25,34.3
T505879,C100311,1973-01-02,Female,Hyderabad,63960.0,2024-10-20,84224,2883.61,51.5
T505458,C100654,1979-10-15,Male,Bengaluru,55160.82,2024-08-23,200459,3547.78,44.7
T500456,C100284,1987-04-12,Male,Lucknow,21229.49,2024-12-28,5116,89804.0,37.2
T501353,C100295,,Male,Bangalore,25848.99,2024-02-04,204418,1093.68,40.7
T503745,C100782,1960-01-16,Female,Hyderabad,34036.97,2024-12-06,153209,1985.27,64.5
T504601,C100274,1973-07-26,Male,Kolkata,47693.35,2024-12-06,113704,6887.38,50.9
T505142,C100165,2004-12-17,Male,Bangalore,5165.05,2024-12-23,160101,1019.33,19.5
T505432,C100435,1982-06-13,Unknown,Delhi,58275.09,2024-08-20,94445,2398.97,42.0
T505662,C100723,1971-06-05,Male,Surat,78759.05,2024-07-19,220718,646.66,53.1
T503615,C100650,1969-08-17,Female,Ahmedabad,88102.77,2024-09-24,194535,2057.3999999999996,54.9
T505650,C100060,2001-09-21,Male,Hyderabad,4623.6,2024-09-20,154144,1054.77,22.8
T504085,C100392,1981-08-02,Female,Bangalore,52253.95,2024-08-19,185604,274.49,42.9
T501881,C100240,2003-12-24,Male,Mumbai,58083.3,2024-01-05,184050,2007.18,20.5
T501736,C100537,1963-01-27,Female,Chennai,26621.54,2024-05-09,53551,3750.51,61.4
T500409,C100328,1993-09-23,Female,Mumbai,138849.89,2024-09-17,52351,6920.35,30.8
T504572,C100585,,Female,Chennai,51724.58,2024-02-17,45146,3857.3,40.7
T505459,C100601,1967-01-26,Male,Bengaluru,5370.73,2024-11-18,172231,3110.24,57.4
T502434,C100697,1969-10-22,Male,Mumbai,47693.35,2024-08-22,200246,6742.12,54.7
T502941,C100428,1981-03-17,Male,Pune,163084.05,2024-03-12,22427,5892.42,43.3
T500136,C100328,1993-09-23,Female,Mumbai,138849.89,2024-01-01,213102,8879.49,30.8
T502128,C100341,1990-12-17,Male,Nagpur,1305.73,2024-10-08,120457,127.73,33.5
T502850,C100089,1985-03-10,Male,Chennai,47693.35,2024-04-02,55438,1873.86,39.3
T505455,C100563,,Unknown,Delhi,51367.71,2024-03-01,212439,8028.29,40.7
T502699,C100096,1961-08-20,Male,Lucknow,76980.73,2024-06-28,205215,1342.14,62.9
T500801,C100775,1994-07-25,Female,Surat,45130.4,2024-10-16,50117,1693.79,29.9
T504496,C100696,1975-05-18,Male,Unknown,295142.68,2024-06-09,222759,1043.78,49.1
T503818,C100721,1984-04-01,Female,Delhi,9140.35,2024-12-15,201528,172.29,40.2
T504936,C100131,2002-07-19,Female,Hyderabad,114687.04,2024-10-06,140150,10607.29,21.9
T500532,C100416,1988-10-20,Male,Jaipur,77721.72,2024-04-20,210654,243.96,35.7
T502280,C100316,1994-03-18,Male,Mumbai,11959.24,2024-12-24,150441,4976.34,30.3
T503560,C100450,1992-01-17,Female,Delhi,111417.27,2024-11-13,60739,2877.96,32.5
T503196,C100190,1979-11-06,Male,Jaipur,39923.71,2024-02-27,20742,446.97,44.6
T504328,C100797,1984-08-09,Female,Lucknow,21946.42,2024-07-25,171613,1012.35,39.9
T505014,C100487,1993-04-18,Male,Delhi,5364.64,2024-01-07,160725,1224.47,31.2
T503499,C100001,1976-03-03,Unknown,Ahmedabad,43869.35,2024-07-23,161105,7782.07,48.3
T502747,C100443,2004-05-13,Female,Nagpur,102909.31,2024-07-27,95422,2330.79,20.1
T500539,C100139,1990-08-09,Male,Jaipur,34813.1,2024-07-09,155042,1585.13,33.9
T505144,C100080,1998-05-06,Male,Bangalore,772078.46,2024-05-08,190900,9558.49,26.2
T505121,C100776,1964-01-07,Female,Bangalore,31244.52,2024-07-29,132144,2522.54,60.5
T503448,C100768,1991-10-16,Female,Delhi,25918.41,2024-12-07,70136,1372.1,32.7
T504237,C100173,2003-09-18,Female,Pune,28296.42,2024-11-12,20121,13940.88,20.8
T502555,C100103,1991-02-14,Unknown,Delhi,51367.71,2024-12-25,155232,946.07,33.4
T500034,C100525,1969-05-10,Female,Chennai,212533.64,2024-03-12,84109,4806.16,55.1
T504581,C100333,1986-03-18,Female,Lucknow,52253.95,2024-06-17,183222,519.57,38.3
T503255,C100049,2002-11-07,Female,Pune,26295.53,2024-01-03,93204,1515.09,21.6
T503802,C100032,1977-10-16,Female,Kolkata,27810.1,2024-12-18,180220,113.19,46.7
T500743,C100005,1966-11-23,Unknown,Mumbai,44083.6,2024-07-08,192340,3252.64,57.6
T503398,C100549,1985-03-20,Female,Delhi,92675.9,2024-02-13,194923,1640.6,39.3
T500903,C100217,,Male,Pune,18308.71,2024-12-27,204744,357.95,40.7
T504090,C100116,1960-09-25,Female,Pune,220401.55,2024-08-24,210704,10271.56,63.8
T500262,C100611,,Male,Bangalore,47693.35,2024-11-03,152830,6853.79,40.7
T501916,C100089,1985-03-10,Male,Chennai,47693.35,2024-06-21,230046,8770.92,39.3
T502984,C100663,1961-03-24,Male,Unknown,600713.48,2024-09-17,200620,699.77,63.3
T505695,C100491,1974-05-21,Female,Pune,8845.0,2024-12-27,13133,451.2,50.1
T502296,C100553,2001-07-01,Female,Surat,71513.73,2024-07-10,200317,1185.64,23.0
T503978,C100407,,Female,Jaipur,11790.29,2024-03-27,202534,2957.25,40.7
T505417,C100221,1977-09-02,Female,Kolkata,26363.02,2024-01-26,160453,535.66,46.8
T503430,C100183,1989-11-17,Female,Pune,17926.98,2024-04-18,143502,1481.77,34.6
T502686,C100668,1978-07-21,Female,Bangalore,99681.03,2024-05-26,71739,16394.68,45.9
T502169,C100402,2003-11-06,Male,Delhi,104593.33,2024-09-30,125633,665.7,20.6
T504947,C100057,1998-12-21,Male,Hyderabad,108663.77,2024-07-09,194000,4910.16,25.5
T500497,C100157,1964-04-06,Male,Pune,47693.35,2024-11-19,12400,2.08,60.2
T501859,C100688,2001-10-21,Male,Hyderabad,28109.11,2024-06-02,180318,483.55,22.7
T502478,C100646,,Male,Delhi,56399.4,2024-01-01,123550,903.89,40.7
T504454,C100382,1973-11-22,Female,Hyderabad,9381.97,2024-06-12,230444,71.08,50.6
T505995,C100594,1990-02-24,Male,Hyderabad,73506.23,2024-10-03,52744,4052.67,34.3
T504515,C100680,1964-12-27,Male,Chennai,83125.23,2024-01-12,93128,6020.31,59.5
T500997,C100180,1993-05-22,Female,Mumbai,19984.97,2024-02-16,124102,594.66,31.1
T502962,C100198,1955-02-04,Male,Jaipur,22189.66,2024-05-25,1936,126872.0,69.4
T501662,C100393,1981-11-11,Female,Mumbai,15018.25,2024-02-02,133608,326.94,42.6
T504521,C100020,1982-04-12,Male,Ahmedabad,3015.98,2024-06-01,235910,321.15,42.2
T504965,C100724,1982-07-07,Unknown,Delhi,41634.26,2024-06-26,140129,1501.7,42.0
T503032,C100210,1956-12-04,Female,Delhi,112806.44,2024-04-18,110948,3054.1,67.6
T502081,C100109,,Male,Mumbai,83476.96,2024-11-06,33933,5598.17,40.7
T504008,C100637,1989-04-09,Female,Pune,52253.95,2024-02-10,111050,6118.29,35.2
T503345,C100318,1976-04-19,Unknown,Jaipur,171947.48,2024-05-10,82115,8168.51,48.2
T500198,C100653,1965-07-06,Female,Ahmedabad,305029.15,2024-05-27,162033,4536.34,59.0
T504960,C100714,1967-02-19,Male,Bengaluru,13233.37,2024-03-02,211811,1797.5,57.4
T502063,C100579,2003-07-08,Female,Jaipur,200313.27,2024-07-10,82238,1019.46,21.0
T504392,C100207,1974-06-06,Male,Delhi,68660.4,2024-02-04,94622,4228.52,50.1
T504585,C100141,1986-10-20,Unknown,Mumbai,160886.94,2024-12-02,210153,16254.75,37.7
T501844,C100368,1991-10-16,Female,Jaipur,144315.15,2024-05-07,53100,503.92,32.7
T500547,C100044,1962-08-19,Male,Hyderabad,43950.32,2024-03-20,31018,2209.12,61.9
T504407,C100018,1983-07-03,Male,Kolkata,29149.99,2024-01-27,233523,370.47,41.0
T500564,C100661,1965-06-14,Unknown,Jaipur,105161.33,2024-09-07,202010,260.14,59.0
T500694,C100535,1981-02-12,Female,Chennai,10577.18,2024-12-21,100904,545.03,43.4
T504728,C100395,2001-02-20,Female,Kolkata,30084.28,2024-02-27,145909,4053.94,23.4
T502768,C100654,1979-10-15,Male,Bengaluru,55160.82,2024-06-24,52854,2057.3999999999996,44.7
T503471,C100214,1998-06-09,Female,Lucknow,68205.42,2024-12-28,2044,1309.62,26.1
T501050,C100127,1957-03-24,Male,Jaipur,47693.35,2024-02-04,202347,595.64,67.3
T502796,C100449,2001-08-09,Male,Chennai,47693.35,2024-04-02,201357,3912.04,22.9
T500704,C100723,1971-06-05,Male,Surat,78759.05,2024-06-09,83732,2105.27,53.1
T501332,C100156,1992-03-25,Male,Nagpur,23214.84,2024-03-30,53655,153.59,32.3
T504478,C100012,1993-10-12,Female,Unknown,50102.02,2024-06-17,72152,1366.41,30.7
T505166,C100294,1977-04-19,Female,Hyderabad,52253.95,2024-09-29,141159,61.68,47.2
T503957,C100727,1978-08-19,Female,Jaipur,123863.27,2024-06-24,83009,832.04,45.9
T501116,C100525,1969-05-10,Female,Chennai,212533.64,2024-04-26,30402,3215.89,55.1
T501399,C100703,1984-05-15,Female,Jaipur,125815.19,2024-11-17,142440,3026.6,40.1
T504550,C100681,1967-05-15,Female,Lucknow,239151.47,2024-06-24,151559,7330.42,57.1
T503421,C100101,1978-06-19,Male,Hyderabad,10568.41,2024-09-09,233555,1116.93,46.0
T501438,C100318,1976-04-19,Unknown,Jaipur,171947.48,2024-12-03,232055,1479.11,48.2
T503639,C100537,1963-01-27,Female,Chennai,26621.54,2024-08-06,112623,1497.95,61.4
T500240,C100260,1982-07-05,Male,Mumbai,47216.74,2024-08-23,90016,2009.47,42.0
T501158,C100650,1969-08-17,Female,Ahmedabad,88102.77,2024-01-14,115610,590.09,54.9
T505863,C100541,,Male,Ahmedabad,186265.55,2024-05-07,50948,5100.19,40.7
T500455,C100254,1964-06-08,Female,Ahmedabad,184790.05,2024-05-22,204116,9044.55,60.1
T500308,C100705,1964-12-03,Female,Bengaluru,92850.2,2024-01-22,35527,520.09,59.6
T505365,C100094,1981-03-20,Female,Bangalore,50521.45,2024-08-09,105544,7218.99,43.3
T505386,C100757,,Unknown,Nagpur,128307.71,2024-02-20,91358,3929.44,40.7
T500105,C100757,,Unknown,Nagpur,128307.71,2024-04-18,81648,5443.41,40.7
T501893,C100631,1970-03-15,Male,Delhi,47693.35,2024-04-14,213744,1484.19,54.3
T500727,C100131,2002-07-19,Female,Hyderabad,114687.04,2024-09-06,95621,297.39,21.9
T503874,C100061,1984-01-20,Male,Mumbai,13029.33,2024-09-21,144123,5777.03,40.4
T504383,C100621,2001-07-16,Female,Hyderabad,58120.95,2024-11-13,225209,3223.98,23.0
T505194,C100452,1966-10-27,Female,Mumbai,33276.34,2024-06-22,195833,3332.05,57.7
T504220,C100755,1975-07-15,Female,Hyderabad,52253.95,2024-12-28,164016,3613.52,49.0
T500822,C100452,1966-10-27,Female,Mumbai,33276.34,2024-03-11,101205,3368.27,57.7
T503274,C100513,1992-02-06,Female,Bengaluru,14786.27,2024-03-18,215444,2733.03,32.4
T503692,C100743,1968-05-24,Male,Unknown,121700.99,2024-03-31,112948,3131.01,56.1
T501005,C100001,1976-03-03,Unknown,Ahmedabad,43869.35,2024-11-11,143156,11096.62,48.3
T500196,C100076,2001-07-05,Female,Ahmedabad,12298.94,2024-09-06,82109,2805.26,23.0
T505404,C100091,1994-12-19,Female,Kolkata,138944.05,2024-12-11,114115,2057.3999999999996,29.5
T502777,C100759,1983-06-08,Female,Unknown,52253.95,2024-06-11,192030,9466.07,41.1
T504440,C100471,1963-11-03,Male,Bangalore,47693.35,2024-02-08,152154,712.65,60.7
T505992,C100041,1982-06-22,Male,Bangalore,22606.16,2024-02-13,110211,2655.98,42.0
T503623,C100503,1956-08-12,Female,Pune,146446.03,2024-07-07,120350,5096.98,67.9
T505775,C100579,2003-07-08,Female,Jaipur,200313.27,2024-08-10,40103,12871.95,21.0
T503230,C100152,2001-12-26,Unknown,Jaipur,4579.54,2024-12-06,133857,1631.61,22.5
T505563,C100622,1963-08-04,Male,Pune,114620.95,2024-05-04,172500,2397.03,60.9
T505357,C100546,1993-05-20,Male,Delhi,76684.14,2024-09-22,231347,591.62,31.1
T503314,C100574,1985-10-03,Male,Mumbai,11779.17,2024-12-15,75106,448.42,38.7
T502817,C100631,1970-03-15,Male,Delhi,47693.35,2024-10-17,61359,2896.42,54.3
T503112,C100181,,Male,Pune,46982.71,2024-07-23,161006,4491.5,40.7
T501364,C100436,,Female,Jaipur,93354.27,2024-09-13,212929,1397.02,40.7
T502456,C100693,1988-10-11,Female,Jaipur,247886.54,2024-08-19,153139,12257.35,35.7
T502306,C100592,1965-07-19,Male,Surat,57107.77,2024-06-14,10340,3320.65,58.9
T500023,C100236,1983-02-12,Male,Surat,11778.81,2024-05-23,133642,327.31,41.4
T500636,C100698,1986-10-03,Male,Mumbai,186379.37,2024-02-05,3140,418.43,37.7
T505679,C100466,,Male,Mumbai,11590.04,2024-01-10,12106,1157.45,40.7
T500430,C100560,,Female,Jaipur,25797.87,2024-08-19,135534,8326.46,40.7
T500720,C100274,1973-07-26,Male,Kolkata,47693.35,2024-12-17,160354,4833.97,50.9
T503470,C100138,1972-07-16,Female,Bengaluru,13258.49,2024-02-15,212405,3498.67,52.0
T501678,C100687,1961-01-23,Female,Jaipur,52253.95,2024-12-28,25351,2492.95,63.4
T503860,C100151,1955-05-06,Male,Kolkata,83391.84,2024-11-18,61948,2127.32,69.2
T502315,C100278,1989-05-16,Male,Bangalore,113740.31,2024-12-07,162831,3229.69,35.1
T500957,C100532,2004-08-12,Male,Ahmedabad,47693.35,2024-06-24,230307,1366.5,19.9
T501305,C100164,1997-11-15,Female,Delhi,20966.32,2024-11-19,45656,225.88,26.6
T505770,C100328,1993-09-23,Female,Mumbai,138849.89,2024-06-03,174628,8912.38,30.8
T501210,C100010,1989-09-06,Female,Kolkata,239001.2,2024-07-12,93344,7888.63,34.8
T502147,C100391,1973-06-01,Female,Jaipur,18082.92,2024-06-06,42409,804.6,51.1
T505041,C100155,,Male,Chennai,47693.35,2024-01-21,10106,4926.26,40.7
T505088,C100144,1996-01-03,Female,Chennai,63913.1,2024-08-18,70403,4144.99,28.5
T502327,C100620,1967-06-27,Unknown,Chennai,22920.89,2024-05-30,182959,2565.39,57.0
T500619,C100036,1957-08-04,Unknown,Lucknow,119884.19,2024-04-05,171614,1265.32,66.9
T504243,C100050,1981-01-09,Male,Unknown,3008.14,2024-03-21,165445,2021.09,43.5
T502623,C100306,1967-04-23,Male,Pune,63186.77,2024-01-10,31039,2057.68,57.2
T505678,C100248,1970-05-12,Male,Kolkata,89559.95,2024-08-11,71859,2516.88,54.1
T504702,C100699,2003-11-15,Female,Kolkata,20709.46,2024-11-03,83628,1657.08,20.6
T505728,C100650,1969-08-17,Female,Ahmedabad,88102.77,2024-01-25,131656,1254.77,54.9
T505400,C100726,1966-07-04,Male,Kolkata,213622.83,2024-12-19,222525,14627.91,58.0
T502953,C100799,1957-01-06,Male,Pune,3284.9,2024-01-29,75909,557.99,67.5
T503460,C100181,,Male,Pune,46982.71,2024-12-07,32809,1230.51,40.7
T505137,C100251,1957-05-01,Female,Pune,19062.18,2024-03-06,134719,3499.04,67.2
T501932,C100450,1992-01-17,Female,Delhi,111417.27,2024-12-14,163331,8877.04,32.5
T503251,C100547,,Female,Delhi,49530.12,2024-11-26,40442,925.17,40.7
T505754,C100542,1995-07-05,Male,Pune,27050.64,2024-03-19,112924,3267.64,29.0
T505179,C100435,1982-06-13,Unknown,Delhi,58275.09,2024-05-02,200431,1971.95,42.0
T502508,C100023,1975-05-12,Male,Hyderabad,5699.11,2024-11-02,23859,1386.77,49.1
T505697,C100782,1960-01-16,Female,Hyderabad,34036.97,2024-06-10,171837,6520.63,64.5
T505531,C100512,1986-08-19,Male,Unknown,88055.27,2024-10-11,70628,5462.31,37.9
T505331,C100325,1983-11-25,Male,Jaipur,47693.35,2024-09-07,130940,482.39,40.6
T505655,C100231,1991-01-13,Female,Delhi,66484.0,2024-06-29,35942,132.92,33.5
T500717,C100334,1992-05-05,Unknown,Kolkata,92365.78,2024-10-09,214639,3992.72,32.2
T504056,C100174,1972-07-21,Male,Bengaluru,97279.18,2024-09-02,204357,17708.65,51.9
T502407,C100001,1976-03-03,Unknown,Ahmedabad,43869.35,2024-04-29,141856,1038.78,48.3
T504523,C100139,1990-08-09,Male,Jaipur,34813.1,2024-07-18,105347,3741.47,33.9
T505130,C100385,1986-09-04,Female,Pune,31830.7,2024-02-18,190427,6822.3,37.8
T500527,C100795,1986-10-21,Female,Pune,43684.44,2024-02-09,171309,690.55,37.7
T502053,C100561,1991-08-26,Female,Mumbai,39563.93,2024-02-02,55001,274.89,32.8
T501657,C100782,1960-01-16,Female,Hyderabad,34036.97,2024-01-26,4221,2165.12,64.5
T502318,C100489,1990-06-02,Male,Mumbai,72526.62,2024-09-09,184125,168.59,34.1
T501947,C100617,,Female,Jaipur,9784.54,2024-10-10,102309,301.24,40.7
T502691,C100110,2004-06-04,Unknown,Chennai,188084.65,2024-07-05,164533,6168.22,20.1
T504639,C100116,1960-09-25,Female,Pune,220401.55,2024-05-08,220625,2519.24,63.8
T505838,C100250,1964-10-04,Female,Ahmedabad,12840.3,2024-07-20,35126,26919.0,59.7
T505210,C100304,2001-11-15,Female,Ahmedabad,16445.74,2024-07-05,10801,1310.08,22.6
T503222,C100013,1995-03-19,Unknown,Mumbai,11833.88,2024-08-17,233720,1102.37,29.3
T500524,C100705,1964-12-03,Female,Bengaluru,92850.2,2024-06-22,184839,2057.3999999999996,59.6
T503474,C100174,1972-07-21,Male,Bengaluru,97279.18,2024-05-08,132243,2570.54,51.9
T500910,C100550,1986-08-19,Female,Mumbai,121126.01,2024-10-04,180008,9025.6,37.9
T502541,C100022,,Female,Delhi,52253.95,2024-10-14,230309,2057.3999999999996,40.7
T503717,C100038,2001-08-16,Male,Kolkata,38387.92,2024-11-08,64041,9551.15,22.9
T500503,C100710,1988-06-06,Male,Lucknow,31418.04,2024-10-21,120753,1560.25,36.1
T500558,C100541,,Male,Ahmedabad,186265.55,2024-01-30,93147,3500.67,40.7
T500124,C100274,1973-07-26,Male,Kolkata,47693.35,2024-10-18,160848,1042.58,50.9
T501470,C100330,1996-01-03,Male,Mumbai,8776.03,2024-10-20,211451,970.81,28.5
T504763,C100741,1966-04-24,Male,Kolkata,32097.85,2024-09-02,53548,2018.3,58.2
T501284,C100418,1960-01-14,Unknown,Hyderabad,51367.71,2024-01-17,115605,11723.55,64.5
T503457,C100271,1977-11-07,Male,Bengaluru,8306.59,2024-11-24,185625,745.82,46.6
T501094,C100190,1979-11-06,Male,Jaipur,39923.71,2024-06-27,195532,1719.71,44.6
T504466,C100778,,Male,Pune,23241.61,2024-05-28,154305,130.89,40.7
T501774,C100266,1960-08-05,Female,Surat,201021.76,2024-05-03,142139,811.46,63.9
T501212,C100212,2000-06-24,Female,Nagpur,119741.09,2024-08-27,211347,5957.28,24.0
T501183,C100033,,Female,Chennai,54600.09,2024-09-04,35925,4718.02,40.7
T500224,C100560,,Female,Jaipur,25797.87,2024-11-25,44358,5505.08,40.7
T504928,C100376,1973-05-09,Unknown,Delhi,51367.71,2024-11-01,211410,4736.29,51.1
T501951,C100347,1963-10-13,Male,Mumbai,37311.99,2024-01-17,150617,478.62,60.7
T501040,C100649,1959-08-03,Unknown,Delhi,342978.92,2024-02-11,150111,5996.74,64.9
T500428,C100795,1986-10-21,Female,Pune,43684.44,2024-08-24,235914,450.33,37.7
T505810,C100207,1974-06-06,Male,Delhi,68660.4,2024-06-05,180651,842.97,50.1
T501371,C100142,1997-07-20,Female,Jaipur,52253.95,2024-01-08,130440,3109.4,26.9
T503933,C100345,1983-05-01,Female,Kolkata,12276.92,2024-07-12,191642,1455.83,41.2
T500684,C100775,1994-07-25,Female,Surat,45130.4,2024-04-10,143400,566.23,29.9
T500827,C100698,1986-10-03,Male,Mumbai,186379.37,2024-10-13,101359,7121.77,37.7
T503489,C100492,,Male,Kolkata,3109.69,2024-12-12,330,840.07,40.7
T500632,C100589,,Female,Chennai,101026.53,2024-12-13,41614,6500.35,40.7
T501241,C100496,1986-02-13,Female,Surat,11471.41,2024-01-08,174536,439.01,38.4
T502525,C100730,1987-07-18,Female,Unknown,25757.03,2024-06-01,202820,289.59,37.0
T501671,C100549,1985-03-20,Female,Delhi,92675.9,2024-06-04,51703,874.32,39.3
T501460,C100174,1972-07-21,Male,Bengaluru,97279.18,2024-07-08,172724,3232.83,51.9
T501397,C100264,1984-06-01,Male,Hyderabad,47693.35,2024-08-17,120009,8784.75,40.1
T501277,C100191,1979-01-02,Male,Pune,70003.54,2024-02-24,141857,587.47,45.5
T503258,C100318,1976-04-19,Unknown,Jaipur,171947.48,2024-08-01,204454,11160.81,48.2
T500745,C100400,1961-12-17,Female,Pune,52253.95,2024-11-19,125328,3104.61,62.5
T501748,C100153,1982-08-04,Female,Lucknow,379373.89,2024-02-18,60016,4307.32,41.9
T500167,C100321,,Male,Bangalore,66868.65,2024-03-25,174445,2072.79,40.7
T505072,C100200,1984-09-07,Female,Pune,99008.06,2024-06-23,233706,6772.59,39.8
T500141,C100550,1986-08-19,Female,Mumbai,121126.01,2024-11-16,32341,10662.16,37.9
T500804,C100354,1965-03-09,Male,Delhi,47693.35,2024-09-02,200411,726.13,59.3
T502008,C100185,1990-08-13,Female,Kolkata,119141.06,2024-05-31,200249,2057.3999999999996,33.9
T504384,C100535,1981-02-12,Female,Chennai,10577.18,2024-04-24,151132,2352.52,43.4
T503872,C100702,,Female,Mumbai,2914.57,2024-10-11,72000,282.36,40.7
T504753,C100508,1989-11-21,Male,Jaipur,6654.1,2024-05-30,124707,775.26,34.6
T502248,C100015,1994-04-22,Male,Mumbai,47693.35,2024-01-18,70406,866.05,30.2
T500454,C100645,1981-11-02,Male,Unknown,47693.35,2024-08-06,130624,10113.34,42.7
T505788,C100567,1992-01-23,Female,Nagpur,11762.16,2024-07-19,150327,2256.54,32.4
T502031,C100519,1980-10-12,Male,Kolkata,103786.19,2024-07-05,202635,1222.0,43.7
T504082,C100019,,Unknown,Bengaluru,102437.46,2024-02-28,160518,4431.5,40.7
T503377,C100630,,Male,Ahmedabad,47693.35,2024-10-20,214442,342.87,40.7
T500440,C100274,1973-07-26,Male,Kolkata,47693.35,2024-09-19,20658,17515.96,50.9
T504200,C100254,1964-06-08,Female,Ahmedabad,184790.05,2024-07-24,164303,12110.76,60.1
T501827,C100693,1988-10-11,Female,Jaipur,247886.54,2024-02-06,211424,5207.83,35.7
T505077,C100428,1981-03-17,Male,Pune,163084.05,2024-07-15,15407,5263.08,43.3
T503272,C100349,,Female,Pune,397135.49,2024-08-19,22804,4450.42,40.7
T503496,C100471,1963-11-03,Male,Bangalore,47693.35,2024-12-10,184249,1312.05,60.7
T505163,C100741,1966-04-24,Male,Kolkata,32097.85,2024-01-10,174204,1523.34,58.2
T503784,C100625,1969-02-04,Male,Lucknow,21865.24,2024-03-20,173441,2103.49,55.4
T504408,C100283,1977-10-18,Male,Surat,54219.8,2024-03-25,214745,852.54,46.7
T505433,C100733,2001-03-05,Female,Bangalore,244077.09,2024-03-30,31721,1174.63,23.3
T504618,C100166,1986-04-06,Male,Nagpur,8813.64,2024-01-14,65907,844.14,38.2
T502801,C100237,,Male,Pune,47693.35,2024-08-04,195614,9611.42,40.7
T501842,C100156,1992-03-25,Male,Nagpur,23214.84,2024-02-29,80830,115.61,32.3
T503084,C100027,1989-08-17,Unknown,Ahmedabad,11262.83,2024-04-22,220549,1689.93,34.9
T503899,C100176,2003-08-03,Male,Jaipur,26967.93,2024-10-01,201705,443.33,20.9
T505336,C100522,,Male,Chennai,35215.42,2024-10-31,144339,2549.78,40.7
T500376,C100346,1993-08-22,Male,Pune,134207.78,2024-07-22,45904,4053.32,30.9
T505776,C100344,1963-04-13,Unknown,Unknown,4994.06,2024-12-16,24052,77.74,61.2
T500205,C100352,1998-02-03,Female,Delhi,52253.95,2024-10-05,75204,7221.0,26.4
T502211,C100394,,Male,Delhi,27830.78,2024-06-07,100347,2490.43,40.7
T502194,C100491,1974-05-21,Female,Pune,8845.0,2024-01-11,24337,806.99,50.1
T501376,C100737,1961-06-03,Female,Delhi,71291.17,2024-06-09,165741,1867.58,63.1
T503514,C100748,1989-07-05,Male,Mumbai,63573.89,2024-09-19,24852,16087.7,35.0
T503354,C100471,1963-11-03,Male,Bangalore,47693.35,2024-05-15,61243,2057.3999999999996,60.7
T503862,C100760,1974-03-14,Female,Mumbai,286147.6,2024-08-24,121738,19206.91,50.3
T503986,C100358,,Unknown,Kolkata,25096.75,2024-03-19,174904,2427.13,40.7
T503018,C100217,,Male,Pune,18308.71,2024-07-28,113533,3384.76,40.7
T502417,C100001,1976-03-03,Unknown,Ahmedabad,43869.35,2024-02-11,160711,11005.4,48.3
T500418,C100039,1975-06-13,Female,Bangalore,269975.33,2024-12-23,54405,6913.75,49.0
T500283,C100406,,Female,Chennai,70730.83,2024-08-16,45403,1965.38,40.7
T500871,C100491,1974-05-21,Female,Pune,8845.0,2024-07-02,182325,2057.3999999999996,50.1
T502145,C100488,1977-03-25,Male,Bangalore,29268.42,2024-08-21,104212,229.42,47.3
T503653,C100651,1989-01-02,Female,Chennai,79050.49,2024-04-01,233759,20417.77,35.5
T500354,C100126,1992-08-14,Unknown,Jaipur,17927.78,2024-07-06,63049,597.11,31.9
T504858,C100570,1960-04-04,Female,Kolkata,8280.19,2024-05-04,65718,501.68,64.2
T505371,C100532,2004-08-12,Male,Ahmedabad,47693.35,2024-07-10,62526,6590.13,19.9
T505847,C100659,2000-11-01,Female,Jaipur,86238.94,2024-05-19,61420,630.75,23.7
T505621,C100038,2001-08-16,Male,Kolkata,38387.92,2024-11-29,162938,1267.77,22.9
T504121,C100515,1997-10-13,Male,Chennai,48437.97,2024-01-29,163556,8613.54,26.7
T505624,C100434,,Unknown,Hyderabad,17342.63,2024-05-25,50354,1010.1,40.7
T502873,C100792,1983-12-13,Male,Bengaluru,147204.05,2024-02-14,141921,980.83,40.5
T501596,C100377,1965-07-07,Male,Bangalore,31307.17,2024-11-13,80614,1297.26,59.0
T504057,C100075,2001-02-25,Female,Hyderabad,13759.87,2024-03-20,25951,1316.03,23.3
T501469,C100114,1977-09-22,Female,Lucknow,52253.95,2024-03-26,140439,2057.3999999999996,46.8
T505913,C100552,,Unknown,Ahmedabad,34675.53,2024-02-01,74150,1598.62,40.7
T501601,C100283,1977-10-18,Male,Surat,54219.8,2024-02-22,62608,2975.07,46.7
T505724,C100182,1997-04-19,Female,Chennai,52253.95,2024-10-08,40200,1853.93,27.2
T502447,C100292,,Female,Mumbai,9547.79,2024-08-05,82942,735.4,40.7
T500458,C100180,1993-05-22,Female,Mumbai,19984.97,2024-04-28,225602,2057.3999999999996,31.1
T502023,C100300,1990-07-09,Male,Chennai,47693.35,2024-02-27,50415,2057.3999999999996,34.0
T505070,C100500,2001-04-06,Female,Pune,34173.25,2024-02-04,124512,62.27,23.2
T501638,C100347,1963-10-13,Male,Mumbai,37311.99,2024-10-15,15421,877.43,60.7
T502985,C100293,1989-05-13,Male,Bangalore,10023.2,2024-08-27,210008,848.62,35.1
T503031,C100529,1991-11-11,Female,Bengaluru,104328.62,2024-12-10,63002,962.01,32.6
T504477,C100185,1990-08-13,Female,Kolkata,119141.06,2024-07-04,183230,7437.75,33.9
T500375,C100640,2003-11-22,Male,Ahmedabad,47693.35,2024-12-28,182752,2264.1,20.6
T503557,C100749,,Male,Mumbai,372624.79,2024-06-05,203301,4415.65,40.7
T500883,C100596,1972-04-07,Male,Mumbai,240531.19,2024-11-16,31812,2057.3999999999996,52.2
T504128,C100093,1965-10-15,Female,Unknown,157865.54,2024-02-29,123940,1461.57,58.7
T500691,C100708,1964-01-27,Male,Kolkata,48367.85,2024-08-18,101618,1460.48,60.4
T503333,C100681,1967-05-15,Female,Lucknow,239151.47,2024-02-14,185539,11407.45,57.1
T504051,C100458,1965-05-27,Male,Jaipur,59235.7,2024-05-20,151531,1227.69,59.1
T502763,C100468,,Male,Chennai,84203.67,2024-04-04,24120,5168.34,40.7
T504109,C100289,2004-03-09,Male,Jaipur,26392.12,2024-02-21,14617,157.99,20.3
T503617,C100334,1992-05-05,Unknown,Kolkata,92365.78,2024-01-03,235124,2291.07,32.2
T500317,C100697,1969-10-22,Male,Mumbai,47693.35,2024-05-03,181916,366.75,54.7
T502857,C100699,2003-11-15,Female,Kolkata,20709.46,2024-08-15,75156,3039.89,20.6
T504379,C100028,1973-05-26,Unknown,Hyderabad,51367.71,2024-08-06,122540,6064.24,51.1
T501902,C100612,1987-09-22,Unknown,Jaipur,378740.24,2024-03-15,93304,1723.81,36.8
T504600,C100334,1992-05-05,Unknown,Kolkata,92365.78,2024-02-18,232328,5805.01,32.2
T500508,C100067,,Unknown,Jaipur,36368.89,2024-06-08,35535,4821.74,40.7
T503771,C100538,1970-08-11,Male,Ahmedabad,47693.35,2024-11-29,80150,3243.97,53.9
T505292,C100122,1997-09-23,Male,Surat,15789.94,2024-01-04,85339,522.12,26.8
T502594,C100162,1997-09-24,Male,Delhi,42810.3,2024-04-30,151525,2057.3999999999996,26.8
T505954,C100514,1975-12-04,Unknown,Kolkata,51367.71,2024-10-17,4000,72.08,48.6
T503381,C100788,1965-10-17,Male,Bengaluru,40994.26,2024-03-09,233516,1289.04,58.7
T502906,C100658,1996-06-17,Female,Chennai,62261.48,2024-08-23,42332,1132.31,28.0
T503877,C100658,1996-06-17,Female,Chennai,62261.48,2024-09-05,184147,669.88,28.0
T505818,C100268,1990-10-09,Female,Ahmedabad,24478.2,2024-02-26,75947,445.05,33.7
T500754,C100095,1980-11-25,Female,Ahmedabad,52253.95,2024-06-21,30409,170.26,43.6
T505366,C100589,,Female,Chennai,101026.53,2024-02-06,182814,5753.63,40.7
T501550,C100750,1976-09-20,Male,Mumbai,140121.33,2024-01-24,102450,6226.27,47.8
T505135,C100136,2002-08-17,Unknown,Ahmedabad,51367.71,2024-06-06,213427,12225.19,21.9
T500125,C100052,,Female,Mumbai,54071.44,2024-06-12,90550,1790.42,40.7
T503529,C100254,1964-06-08,Female,Ahmedabad,184790.05,2024-12-18,223212,5562.99,60.1
T502174,C100151,1955-05-06,Male,Kolkata,83391.84,2024-03-01,150728,7832.07,69.2
T503845,C100287,,Female,Unknown,2589.86,2024-11-04,74524,1710.27,40.7
T501599,C100194,2004-04-10,Female,Mumbai,8031.94,2024-11-28,134610,837.11,20.2
T501502,C100512,1986-08-19,Male,Unknown,88055.27,2024-08-31,171600,2412.48,37.9
T503693,C100438,,Female,Bengaluru,52253.95,2024-01-03,94208,1309.72,40.7
T505747,C100764,1966-06-14,Male,Jaipur,62112.48,2024-02-19,64424,12827.94,58.0
T502014,C100117,1977-02-24,Male,Unknown,29662.35,2024-04-05,102456,50148.0,47.3
T504101,C100724,1982-07-07,Unknown,Delhi,41634.26,2024-02-15,45252,610.16,42.0
T503742,C100740,1978-08-22,Female,Jaipur,52253.95,2024-11-10,85345,1771.11,45.9
T503865,C100089,1985-03-10,Male,Chennai,47693.35,2024-08-12,13705,1979.0,39.3
T505489,C100187,,Male,Bengaluru,2316.41,2024-11-15,202748,974.11,40.7
T501416,C100657,1974-08-02,Male,Ahmedabad,71006.14,2024-10-06,221231,1164.54,49.9
T504747,C100743,1968-05-24,Male,Unknown,121700.99,2024-02-11,141657,499.91,56.1
T503647,C100150,2001-08-10,Female,Kolkata,80031.58,2024-08-26,349,1535.9,22.9
T504893,C100052,,Female,Mumbai,54071.44,2024-01-22,160936,2392.05,40.7
T502292,C100780,,Female,Surat,1632.01,2024-08-20,21750,1874.44,40.7
T501168,C100701,1973-08-26,Male,Delhi,26855.95,2024-02-15,20326,1457.51,50.8
T501415,C100625,1969-02-04,Male,Lucknow,21865.24,2024-05-07,154356,1096.98,55.4
T503030,C100790,1994-02-03,Female,Pune,108574.79,2024-12-09,92950,3486.85,30.4
T505603,C100626,1988-04-25,Male,Surat,47693.35,2024-08-06,183447,321.03,36.2
T500300,C100123,1996-09-14,Male,Hyderabad,24576.12,2024-07-09,63914,597.47,27.8
T505773,C100276,2000-08-02,Unknown,Jaipur,56892.89,2024-05-07,194955,859.47,23.9
T503677,C100608,1978-05-11,Male,Nagpur,49274.28,2024-05-21,211213,658.88,46.1
T502866,C100242,1991-05-14,Male,Hyderabad,103866.17,2024-08-27,182704,1903.73,33.1
T505844,C100733,2001-03-05,Female,Bangalore,244077.09,2024-07-29,235038,15002.68,23.3
T505821,C100584,1997-02-27,Female,Chennai,16020.27,2024-12-29,201230,794.56,27.3
T504633,C100433,1963-10-04,Male,Mumbai,11449.4,2024-07-07,114713,887.95,60.7
T503893,C100251,1957-05-01,Female,Pune,19062.18,2024-11-02,102033,2327.45,67.2
T504829,C100258,2000-05-26,Male,Unknown,16944.13,2024-02-21,151928,1752.16,24.1
T504006,C100662,,Male,Mumbai,64116.87,2024-07-17,195706,447.54,40.7
T500862,C100002,1990-10-14,Female,Bangalore,4740.87,2024-01-25,122142,931.39,33.7
T504520,C100682,,Female,Nagpur,16190.39,2024-01-27,91733,2230.04,40.7
T501140,C100726,1966-07-04,Male,Kolkata,213622.83,2024-05-14,83528,8849.01,58.0
T505075,C100698,1986-10-03,Male,Mumbai,186379.37,2024-03-30,181244,7198.96,37.7
T500935,C100648,,Female,Hyderabad,9700.19,2024-07-03,234307,371.07,40.7
T502358,C100371,1960-12-25,Male,Pune,10182.0,2024-11-23,151353,32.06,63.5
T503224,C100517,2001-06-26,Male,Jaipur,53788.28,2024-03-18,160542,12704.47,23.0
T502745,C100640,2003-11-22,Male,Ahmedabad,47693.35,2024-08-25,235557,2045.26,20.6
T500041,C100037,1994-03-09,Female,Delhi,33340.33,2024-09-19,141103,600.76,30.3
T501933,C100042,1968-12-11,Male,Mumbai,41014.43,2024-09-13,111759,805.77,55.6
T503384,C100136,2002-08-17,Unknown,Ahmedabad,51367.71,2024-04-26,140746,7621.53,21.9
T503378,C100177,,Unknown,Ahmedabad,208320.55,2024-05-31,122322,2948.2,40.7
T502378,C100449,2001-08-09,Male,Chennai,47693.35,2024-12-16,121951,1595.51,22.9
T505612,C100185,1990-08-13,Female,Kolkata,119141.06,2024-04-21,223850,3358.7,33.9
T504087,C100540,,Female,Hyderabad,73271.8,2024-07-18,32754,3618.78,40.7
T500928,C100321,,Male,Bangalore,66868.65,2024-05-05,114415,1805.18,40.7
T501913,C100763,1994-09-10,Male,Mumbai,47693.35,2024-06-30,85756,745.36,29.8
T500281,C100659,2000-11-01,Female,Jaipur,86238.94,2024-08-30,31125,2475.17,23.7
T503829,C100663,1961-03-24,Male,Unknown,600713.48,2024-04-09,30359,881.18,63.3
T501849,C100393,1981-11-11,Female,Mumbai,15018.25,2024-01-16,95850,400.69,42.6
T502784,C100028,1973-05-26,Unknown,Hyderabad,51367.71,2024-03-24,200915,23637.43,51.1
T504559,C100503,1956-08-12,Female,Pune,146446.03,2024-03-21,184146,5432.29,67.9
T501578,C100106,,Male,Delhi,60836.59,2024-10-14,181523,978.52,40.7
T500339,C100534,1980-09-21,Female,Mumbai,52253.95,2024-05-11,20536,272883.0199999997,43.8
T502509,C100318,1976-04-19,Unknown,Jaipur,171947.48,2024-04-19,25243,19031.23,48.2
T500897,C100650,1969-08-17,Female,Ahmedabad,88102.77,2024-10-22,120542,1056.08,54.9
T504134,C100314,2004-01-12,Male,Mumbai,47693.35,2024-03-17,140917,3097.24,20.5
T500178,C100432,,Female,Jaipur,52253.95,2024-02-19,73928,891.04,40.7
T504691,C100653,1965-07-06,Female,Ahmedabad,305029.15,2024-09-23,224911,2220.28,59.0
T503131,C100177,,Unknown,Ahmedabad,208320.55,2024-07-30,23317,5582.46,40.7
T501067,C100726,1966-07-04,Male,Kolkata,213622.83,2024-04-21,141233,8472.47,58.0
T500802,C100398,1994-03-14,Male,Lucknow,16335.93,2024-01-28,12500,2938.1,30.3
T501918,C100523,2003-02-03,Male,Bangalore,11576.66,2024-04-24,54303,3364.98,21.4
T503747,C100750,1976-09-20,Male,Mumbai,140121.33,2024-08-21,203143,1403.09,47.8
T504364,C100540,,Female,Hyderabad,73271.8,2024-02-16,60716,368.94,40.7
T500206,C100185,1990-08-13,Female,Kolkata,119141.06,2024-03-09,213203,6207.24,33.9
T500451,C100671,1957-02-18,Male,Mumbai,60107.96,2024-06-14,34007,1389.32,67.4
T503303,C100347,1963-10-13,Male,Mumbai,37311.99,2024-07-08,84317,2302.28,60.7
T500069,C100148,1980-03-12,Female,Chennai,52253.95,2024-03-21,40357,6691.61,44.3
T502385,C100573,1976-01-19,Male,Hyderabad,41943.84,2024-07-15,221417,11349.98,48.4
T505157,C100091,1994-12-19,Female,Kolkata,138944.05,2024-05-09,124553,3362.79,29.5
T505769,C100448,1996-08-17,Female,Mumbai,1576.53,2024-03-13,180326,121.63,27.9
T504876,C100215,,Male,Jaipur,51679.23,2024-07-04,135216,8236.78,40.7
T504803,C100457,1991-11-23,Male,Hyderabad,46885.9,2024-01-04,192348,27.58,32.6
T504870,C100147,1997-03-17,Male,Mumbai,34392.46,2024-10-15,165125,29911.42,27.3
T504768,C100400,1961-12-17,Female,Pune,52253.95,2024-06-16,181639,2525.98,62.5
T502166,C100021,1996-01-24,Male,Hyderabad,51078.01,2024-04-13,232243,4432.75,28.4
T505373,C100106,,Male,Delhi,60836.59,2024-04-24,161235,2731.12,40.7
T500858,C100277,1978-08-06,Female,Bengaluru,63815.79,2024-10-25,45629,1396.21,45.9
T503060,C100347,1963-10-13,Male,Mumbai,37311.99,2024-08-09,10958,2872.54,60.7
T504628,C100449,2001-08-09,Male,Chennai,47693.35,2024-06-08,171114,12053.65,22.9
T504412,C100535,1981-02-12,Female,Chennai,10577.18,2024-04-26,14610,1069.35,43.4
T500296,C100421,1985-01-17,Male,Chennai,123501.29,2024-08-24,212330,5772.13,39.4
T505328,C100513,1992-02-06,Female,Bengaluru,14786.27,2024-06-04,130423,554.46,32.4
T502867,C100153,1982-08-04,Female,Lucknow,379373.89,2024-03-05,220058,6781.55,41.9
T501358,C100170,1986-08-25,Male,Delhi,36174.63,2024-05-14,20524,2057.3999999999996,37.8
T504151,C100245,1955-03-12,Male,Pune,7617.01,2024-06-13,152922,1006.48,69.3
T502168,C100538,1970-08-11,Male,Ahmedabad,47693.35,2024-05-25,82020,2878.81,53.9
T501000,C100243,1981-10-26,Male,Ahmedabad,16321.79,2024-09-21,165806,4772.62,42.7
T502943,C100509,1977-09-18,Male,Bangalore,26256.74,2024-07-27,92254,6689.63,46.8
T503675,C100127,1957-03-24,Male,Jaipur,47693.35,2024-04-01,55226,362.2,67.3
T503610,C100545,1965-11-14,Female,Mumbai,76933.29,2024-10-24,92806,2057.3999999999996,58.6
T505947,C100031,1977-11-04,Unknown,Delhi,51367.71,2024-06-03,192840,1138.81,46.7
T504842,C100583,,Male,Nagpur,71828.0,2024-12-20,220521,7675.83,40.7
T504795,C100173,2003-09-18,Female,Pune,28296.42,2024-01-28,203825,1046.34,20.8
T502543,C100458,1965-05-27,Male,Jaipur,59235.7,2024-04-03,55857,502.09,59.1
T504485,C100153,1982-08-04,Female,Lucknow,379373.89,2024-09-03,141320,10755.45,41.9
T502090,C100306,1967-04-23,Male,Pune,63186.77,2024-12-02,145557,1268.1,57.2
T501604,C100112,1984-02-13,Unknown,Chennai,51367.71,2024-09-01,142239,112.15,40.4
T504637,C100264,1984-06-01,Male,Hyderabad,47693.35,2024-01-30,195753,15683.51,40.1
T501255,C100240,2003-12-24,Male,Mumbai,58083.3,2024-07-16,14855,549.9,20.5
T502154,C100705,1964-12-03,Female,Bengaluru,92850.2,2024-03-27,51954,3362.03,59.6
T501287,C100244,1983-09-24,Female,Delhi,52253.95,2024-06-29,165423,1889.92,40.8
T502872,C100001,1976-03-03,Unknown,Ahmedabad,43869.35,2024-08-04,24334,7100.98,48.3
T504335,C100255,1959-07-12,Female,Pune,52253.95,2024-11-01,213244,3437.03,65.0
T502320,C100184,1988-07-10,Female,Bangalore,45597.09,2024-09-13,41902,764.39,36.0
T503658,C100045,,Male,Unknown,50615.7,2024-07-20,173132,2415.93,40.7
T503868,C100450,1992-01-17,Female,Delhi,111417.27,2024-10-08,82455,4707.75,32.5
T505589,C100380,,Female,Delhi,52253.95,2024-10-10,105329,1631.87,40.7
T501022,C100543,1989-02-25,Male,Chennai,28641.23,2024-03-24,125110,7543.15,35.3
T503655,C100368,1991-10-16,Female,Jaipur,144315.15,2024-06-19,230907,1023.15,32.7
T502665,C100743,1968-05-24,Male,Unknown,121700.99,2024-02-28,41833,502.98,56.1
T501812,C100333,1986-03-18,Female,Lucknow,52253.95,2024-05-23,22540,4837.03,38.3
T505551,C100176,2003-08-03,Male,Jaipur,26967.93,2024-06-03,13736,1486.45,20.9
T505696,C100696,1975-05-18,Male,Unknown,295142.68,2024-12-14,52201,14097.6,49.1
T503305,C100349,,Female,Pune,397135.49,2024-03-29,55724,12547.24,40.7
T503184,C100155,,Male,Chennai,47693.35,2024-05-03,45739,6028.82,40.7
T505021,C100475,,Female,Bengaluru,89827.75,2024-08-01,14821,1098.92,40.7
T505276,C100622,1963-08-04,Male,Pune,114620.95,2024-03-18,161709,3282.16,60.9
T504242,C100065,2001-02-18,Male,Delhi,55990.05,2024-10-05,35951,12320.03,23.4
T503135,C100368,1991-10-16,Female,Jaipur,144315.15,2024-10-23,165901,2069.67,32.7
T500836,C100186,,Female,Hyderabad,25324.25,2024-03-26,2944,886.66,40.7
T501770,C100550,1986-08-19,Female,Mumbai,121126.01,2024-03-03,221009,5347.9,37.9
T501379,C100476,1964-07-27,Female,Pune,66112.87,2024-01-06,203139,699.93,59.9
T500545,C100471,1963-11-03,Male,Bangalore,47693.35,2024-12-10,121836,4792.98,60.7
T500515,C100473,1982-04-03,Female,Bengaluru,52253.95,2024-03-31,162713,1705.28,42.2
T502409,C100658,1996-06-17,Female,Chennai,62261.48,2024-08-24,174757,330.74,28.0
T505094,C100349,,Female,Pune,397135.49,2024-08-17,62220,13595.67,40.7
T504396,C100357,1977-01-06,Female,Mumbai,76877.42,2024-11-25,32159,1426.33,47.5
T503580,C100021,1996-01-24,Male,Hyderabad,51078.01,2024-03-07,2034,2580.94,28.4
T504511,C100175,1997-09-06,Unknown,Jaipur,66674.74,2024-05-27,193045,1489.48,26.8
T501285,C100179,1993-09-18,Female,Bangalore,4962.98,2024-01-09,93550,963.99,30.8
T505607,C100505,1963-02-06,Male,Mumbai,8165.64,2024-02-18,160742,132.81,61.4
T501979,C100378,2003-11-06,Male,Chennai,47693.35,2024-01-19,54629,11485.34,20.6
T503866,C100275,1965-05-04,Female,Bangalore,175954.66,2024-05-01,75625,131.04,59.2
T505911,C100636,1969-07-07,Female,Surat,52253.95,2024-08-17,223726,1193.58,55.0
T500268,C100327,1959-06-23,Unknown,Bangalore,51367.71,2024-03-05,72431,1176.98,65.0
T505706,C100346,1993-08-22,Male,Pune,134207.78,2024-10-14,51849,18627.46,30.9
T500017,C100637,1989-04-09,Female,Pune,52253.95,2024-04-30,52401,9268.72,35.2
T502621,C100385,1986-09-04,Female,Pune,31830.7,2024-04-19,63125,3877.52,37.8
T501151,C100093,1965-10-15,Female,Unknown,157865.54,2024-06-01,214044,17817.5,58.7
T500778,C100581,1991-01-10,Male,Bengaluru,13752.63,2024-08-09,191723,245.73,33.5
T504567,C100010,1989-09-06,Female,Kolkata,239001.2,2024-01-13,184344,24121.02,34.8
T500252,C100792,1983-12-13,Male,Bengaluru,147204.05,2024-08-20,163014,1199.53,40.5
T500643,C100504,1999-12-20,Male,Jaipur,97634.59,2024-04-18,193855,13432.33,24.5
T501504,C100651,1989-01-02,Female,Chennai,79050.49,2024-09-14,85236,7366.31,35.5
T504448,C100136,2002-08-17,Unknown,Ahmedabad,51367.71,2024-05-05,24727,14964.61,21.9
T505951,C100353,2001-12-08,Male,Pune,47693.35,2024-01-12,41658,1526.54,22.6
T504292,C100790,1994-02-03,Female,Pune,108574.79,2024-12-08,203546,3494.91,30.4
T502270,C100134,1959-04-17,Male,Hyderabad,12808.18,2024-03-15,103310,59.5,65.2
T501202,C100185,1990-08-13,Female,Kolkata,119141.06,2024-12-03,150125,4456.62,33.9
T502160,C100121,,Unknown,Delhi,51367.71,2024-06-19,35420,1524.59,40.7
T505835,C100428,1981-03-17,Male,Pune,163084.05,2024-06-19,161159,5483.61,43.3
T505307,C100136,2002-08-17,Unknown,Ahmedabad,51367.71,2024-03-28,195755,7276.69,21.9
T501511,C100569,1967-08-06,Unknown,Kolkata,51367.71,2024-08-10,153300,178.69,56.9
T504926,C100488,1977-03-25,Male,Bangalore,29268.42,2024-08-15,74122,1420.88,47.3
T502341,C100368,1991-10-16,Female,Jaipur,144315.15,2024-12-01,221859,2899.43,32.7
T503672,C100332,1992-09-13,Female,Nagpur,1075.32,2024-03-31,172210,1327.23,31.8
T503572,C100182,1997-04-19,Female,Chennai,52253.95,2024-10-31,1334,2310.7,27.2
T503390,C100200,1984-09-07,Female,Pune,99008.06,2024-03-26,110640,3722.21,39.8
T504903,C100294,1977-04-19,Female,Hyderabad,52253.95,2024-03-08,45628,3521.99,47.2
T500902,C100622,1963-08-04,Male,Pune,114620.95,2024-06-25,52520,4954.53,60.9
T502740,C100559,2001-12-04,Unknown,Mumbai,83977.32,2024-10-09,92803,1288.99,22.6
T505609,C100642,2004-06-16,Male,Surat,10108.04,2024-01-31,63329,421.6,20.0
T501389,C100406,,Female,Chennai,70730.83,2024-06-22,153339,263.08,40.7
T501079,C100759,1983-06-08,Female,Unknown,52253.95,2024-12-10,160522,811.81,41.1
T500847,C100425,1986-04-10,Unknown,Mumbai,59725.38,2024-04-17,213455,1449.14,38.2
T503369,C100350,1984-05-06,Male,Bengaluru,47693.35,2024-10-13,63700,4978.83,40.2
T503415,C100314,2004-01-12,Male,Mumbai,47693.35,2024-12-10,21456,2351.27,20.5
T503249,C100235,1981-09-21,Female,Pune,15017.22,2024-02-06,101019,352.54,42.8
T505387,C100464,1975-12-20,Unknown,Ahmedabad,51367.71,2024-06-09,220608,339.12,48.5
T501605,C100645,1981-11-02,Male,Unknown,47693.35,2024-10-20,130034,7501.03,42.7
T503511,C100577,1986-07-21,Male,Delhi,22754.07,2024-01-27,45235,678.67,37.9
T504455,C100585,,Female,Chennai,51724.58,2024-06-13,81438,6652.39,40.7
T500442,C100764,1966-06-14,Male,Jaipur,62112.48,2024-07-31,32832,2387.0,58.0
T505213,C100028,1973-05-26,Unknown,Hyderabad,51367.71,2024-07-31,5444,20925.61,51.1
T502983,C100040,1994-09-14,Male,Unknown,22609.54,2024-02-23,224538,1809.01,29.8
T505522,C100079,2004-07-20,Male,Delhi,80811.92,2024-10-23,183954,14273.45,19.9
T502671,C100267,1964-03-24,Female,Bengaluru,100432.83,2024-08-30,83114,3606.87,60.3
T504603,C100350,1984-05-06,Male,Bengaluru,47693.35,2024-02-27,82139,4130.36,40.2
T504536,C100458,1965-05-27,Male,Jaipur,59235.7,2024-11-16,114638,959.37,59.1
T505895,C100005,1966-11-23,Unknown,Mumbai,44083.6,2024-07-11,40858,1363.01,57.6
T500907,C100475,,Female,Bengaluru,89827.75,2024-03-08,81435,2601.98,40.7
T505326,C100254,1964-06-08,Female,Ahmedabad,184790.05,2024-01-31,202455,4699.2,60.1
T500234,C100230,,Female,Chennai,17144.19,2024-06-20,192129,5307.31,40.7
T505193,C100218,1979-08-01,Male,Ahmedabad,470799.86,2024-10-11,191313,2183.72,44.9
T502228,C100490,1992-01-23,Male,Lucknow,47693.35,2024-02-16,32035,2663.89,32.4
T503992,C100354,1965-03-09,Male,Delhi,47693.35,2024-01-05,92937,340.83,59.3
T504039,C100001,1976-03-03,Unknown,Ahmedabad,43869.35,2024-06-02,141402,4063.58,48.3
T502326,C100756,1960-11-09,Male,Surat,19451.56,2024-01-15,173313,838.38,63.6
T505600,C100727,1978-08-19,Female,Jaipur,123863.27,2024-05-19,5132,1028.68,45.9
T504029,C100770,1995-12-02,Female,Jaipur,52253.95,2024-02-16,133923,1259.29,28.6
T505725,C100026,1980-06-13,Female,Bangalore,42425.02,2024-07-10,3524,8146.47,44.0
T505545,C100790,1994-02-03,Female,Pune,108574.79,2024-04-12,205043,1663.68,30.4
T504351,C100246,1992-12-11,Male,Delhi,459949.04,2024-01-07,231249,7818.67,31.6
T503065,C100676,,Unknown,Nagpur,44650.65,2024-04-28,25543,526.24,40.7
T503682,C100493,,Female,Ahmedabad,102129.94,2024-09-09,80955,12569.51,40.7
T502973,C100078,1963-07-19,Female,Chennai,51575.85,2024-02-03,154710,2057.3999999999996,61.0
T501635,C100796,1985-01-13,Female,Chennai,22196.84,2024-05-05,616,1604.84,39.5
T502061,C100516,1982-07-14,Female,Unknown,98173.58,2024-09-22,72104,963.47,42.0
T505806,C100701,1973-08-26,Male,Delhi,26855.95,2024-12-06,213128,1152.01,50.8
T500057,C100170,1986-08-25,Male,Delhi,36174.63,2024-10-15,51253,6013.02,37.8
T502192,C100106,,Male,Delhi,60836.59,2024-05-26,65024,2892.32,40.7
T501472,C100306,1967-04-23,Male,Pune,63186.77,2024-04-30,31724,1632.7,57.2
T504780,C100136,2002-08-17,Unknown,Ahmedabad,51367.71,2024-06-14,54849,12054.69,21.9
T503498,C100339,1966-04-20,Male,Pune,62182.35,2024-07-13,95529,6874.69,58.2
T500714,C100591,1975-05-16,Male,Jaipur,31294.72,2024-12-17,163806,261961.0,49.1
T505242,C100374,1997-06-01,Female,Jaipur,55312.12,2024-05-20,14106,336.5,27.1
T502786,C100010,1989-09-06,Female,Kolkata,239001.2,2024-11-21,112704,1705.89,34.8
T501474,C100169,1990-12-22,Unknown,Ahmedabad,346738.24,2024-10-13,147,2984.63,33.5
T501568,C100019,,Unknown,Bengaluru,102437.46,2024-05-20,182839,286.43,40.7
T500465,C100534,1980-09-21,Female,Mumbai,52253.95,2024-06-09,40420,2568.1,43.8
T501589,C100045,,Male,Unknown,50615.7,2024-07-02,144236,2709.43,40.7
T501008,C100080,1998-05-06,Male,Bangalore,772078.46,2024-06-08,171436,2303.26,26.2
T504314,C100524,2002-03-09,Female,Mumbai,13037.36,2024-06-02,1306,324.47,22.3
T501579,C100522,,Male,Chennai,35215.42,2024-10-18,144654,8505.21,40.7
T501304,C100764,1966-06-14,Male,Jaipur,62112.48,2024-05-02,172222,2296.87,58.0
T504160,C100164,1997-11-15,Female,Delhi,20966.32,2024-05-31,13020,2455.82,26.6
T505444,C100654,1979-10-15,Male,Bengaluru,55160.82,2024-04-02,223159,900.51,44.7
T500346,C100501,,Female,Delhi,98637.64,2024-09-28,234101,5421.54,40.7
T500502,C100508,1989-11-21,Male,Jaipur,6654.1,2024-08-07,114137,449.02,34.6
T501232,C100193,1986-11-26,Male,Delhi,16440.96,2024-12-03,63459,1426.65,37.6
T501643,C100375,1999-11-27,Male,Nagpur,267588.1,2024-08-10,24658,482.88,24.6
T502990,C100552,,Unknown,Ahmedabad,34675.53,2024-05-10,31018,342.16,40.7
T500833,C100657,1974-08-02,Male,Ahmedabad,71006.14,2024-12-23,115759,1705.01,49.9
T503861,C100551,1967-07-13,Male,Mumbai,13935.52,2024-04-17,142324,1176.63,57.0
T502140,C100637,1989-04-09,Female,Pune,52253.95,2024-06-04,53129,3469.16,35.2
T504820,C100680,1964-12-27,Male,Chennai,83125.23,2024-12-20,212723,5837.48,59.5
T501362,C100601,1967-01-26,Male,Bengaluru,5370.73,2024-09-27,43131,601.69,57.4
T501164,C100521,1962-02-16,Male,Kolkata,56258.99,2024-06-21,121603,4919.37,62.4
T501764,C100757,,Unknown,Nagpur,128307.71,2024-07-25,42802,8213.14,40.7
T504667,C100321,,Male,Bangalore,66868.65,2024-12-05,33425,4541.98,40.7
T501425,C100001,1976-03-03,Unknown,Ahmedabad,43869.35,2024-04-01,31143,5802.74,48.3
T500542,C100344,1963-04-13,Unknown,Unknown,4994.06,2024-12-16,103555,597.36,61.2
T501491,C100366,1987-12-10,Female,Surat,9704.44,2024-12-22,210241,628.14,36.6
T505814,C100435,1982-06-13,Unknown,Delhi,58275.09,2024-01-13,112121,1346.51,42.0
T501666,C100222,1969-03-14,Female,Lucknow,77445.15,2024-06-15,20654,1581.5,55.3
T501945,C100588,2003-09-24,Unknown,Kolkata,10922.29,2024-08-17,225547,272883.0199999997,20.8
T503637,C100218,1979-08-01,Male,Ahmedabad,470799.86,2024-04-09,171812,10779.58,44.9
T503050,C100698,1986-10-03,Male,Mumbai,186379.37,2024-06-28,171111,2805.77,37.7
T504971,C100177,,Unknown,Ahmedabad,208320.55,2024-02-18,53244,3760.89,40.7
T503942,C100413,1975-06-17,Male,Chennai,47693.35,2024-09-08,215359,888.29,49.0
T500565,C100439,1967-03-08,Female,Bangalore,48286.94,2024-04-05,220407,2709.99,57.3
T500263,C100472,2000-01-07,Male,Chennai,13195.64,2024-12-12,144418,673.54,24.5
T503892,C100780,,Female,Surat,1632.01,2024-08-03,194216,434.99,40.7
T501324,C100091,1994-12-19,Female,Kolkata,138944.05,2024-09-12,41901,143.02,29.5
T500381,C100601,1967-01-26,Male,Bengaluru,5370.73,2024-11-17,22430,418.89,57.4
T504828,C100758,1995-09-16,Female,Pune,8457.46,2024-01-01,94347,2838.32,28.8
T500613,C100533,1959-07-05,Unknown,Lucknow,11799.16,2024-08-01,75711,715.93,65.0
T505176,C100472,2000-01-07,Male,Chennai,13195.64,2024-02-12,63129,1496.84,24.5
T500215,C100555,1993-03-27,Female,Ahmedabad,66420.28,2024-06-25,225,2105.7,31.3
T501977,C100027,1989-08-17,Unknown,Ahmedabad,11262.83,2024-03-16,164658,6019.76,34.9
T501102,C100345,1983-05-01,Female,Kolkata,12276.92,2024-10-17,33238,505.03,41.2
T501978,C100504,1999-12-20,Male,Jaipur,97634.59,2024-08-18,193015,12497.35,24.5
T505739,C100279,1957-08-17,Male,Jaipur,45765.21,2024-07-06,155606,2980.93,66.9
T502865,C100697,1969-10-22,Male,Mumbai,47693.35,2024-03-28,23155,7706.54,54.7
T501112,C100554,1980-01-24,Male,Surat,31094.72,2024-04-14,153323,2335.89,44.4
T503723,C100140,1964-06-15,Unknown,Kolkata,699519.01,2024-03-28,200227,3720.47,60.0
T504836,C100375,1999-11-27,Male,Nagpur,267588.1,2024-08-06,75943,2057.3999999999996,24.6
T504943,C100083,,Female,Hyderabad,7606.81,2024-07-07,55223,687.92,40.7
T503774,C100308,1993-09-07,Male,Ahmedabad,11206.16,2024-04-07,55840,294.19,30.8
T501693,C100311,1973-01-02,Female,Hyderabad,63960.0,2024-06-03,183555,2940.73,51.5
T501617,C100743,1968-05-24,Male,Unknown,121700.99,2024-05-02,191414,2300.3,56.1
T505746,C100447,1994-09-02,Male,Ahmedabad,11950.03,2024-12-19,42701,404.08,29.8
T505572,C100645,1981-11-02,Male,Unknown,47693.35,2024-05-05,13404,3726.69,42.7
T503055,C100016,1956-02-07,Female,Mumbai,21454.12,2024-04-10,40947,865.99,68.4
T500032,C100210,1956-12-04,Female,Delhi,112806.44,2024-07-15,190157,5240.68,67.6
T504958,C100575,,Male,Jaipur,28676.46,2024-01-20,153603,708.78,40.7
T500114,C100316,1994-03-18,Male,Mumbai,11959.24,2024-01-13,60605,1070.34,30.3
T504434,C100774,,Female,Pune,10948.71,2024-02-02,123030,1905.1,40.7
T504297,C100695,,Male,Unknown,26555.71,2024-11-23,195153,7625.26,40.7
T502288,C100054,,Female,Ahmedabad,2705.17,2024-09-08,182523,701.29,40.7
T500820,C100593,,Male,Ahmedabad,77632.67,2024-05-24,184319,8785.71,40.7
T502249,C100402,2003-11-06,Male,Delhi,104593.33,2024-12-24,114715,2273.97,20.6
T505423,C100161,1999-05-26,Male,Lucknow,68566.76,2024-11-25,154705,486.78,25.1
T500586,C100092,2000-06-15,Male,Ahmedabad,47693.35,2024-03-17,135915,10543.35,24.0
T501347,C100731,1992-02-17,Male,Hyderabad,47693.35,2024-09-28,2741,967.5,32.4
T501098,C100576,,Female,Nagpur,52253.95,2024-10-05,153236,382.83,40.7
T501363,C100254,1964-06-08,Female,Ahmedabad,184790.05,2024-10-31,22453,8120.69,60.1
T500393,C100600,1981-01-05,Female,Jaipur,67373.79,2024-09-04,121718,1077.83,43.5
T501515,C100141,1986-10-20,Unknown,Mumbai,160886.94,2024-11-04,10717,6695.45,37.7
T504278,C100302,1974-11-07,Female,Pune,45783.91,2024-02-23,225004,1356.04,49.6
T505510,C100116,1960-09-25,Female,Pune,220401.55,2024-12-19,173536,23636.58,63.8
T503165,C100065,2001-02-18,Male,Delhi,55990.05,2024-01-01,43141,2352.04,23.4
T502445,C100035,1992-05-22,Male,Mumbai,47693.35,2024-05-05,1628,470.52,32.1
T501851,C100307,2004-10-07,Male,Lucknow,43413.56,2024-04-04,135144,1151.16,19.7
T501522,C100229,2004-07-25,Female,Chennai,47420.96,2024-02-22,50229,2540.47,19.9
T502328,C100688,2001-10-21,Male,Hyderabad,28109.11,2024-06-13,33209,162.92,22.7
T500217,C100572,1969-12-09,Female,Mumbai,8282.21,2024-08-29,71440,305.81,54.6
T504488,C100503,1956-08-12,Female,Pune,146446.03,2024-01-10,202145,4661.31,67.9
T501709,C100377,1965-07-07,Male,Bangalore,31307.17,2024-03-09,22407,3296.26,59.0
T500983,C100355,1977-08-11,Male,Pune,47693.35,2024-10-04,43717,18168.0,46.9
T500189,C100497,,Male,Hyderabad,28147.07,2024-09-29,182317,2977.9,40.7
T505634,C100389,1975-07-12,Female,Kolkata,52253.95,2024-05-05,133340,3280.86,49.0
T505162,C100624,1991-03-23,Female,Kolkata,34075.98,2024-02-04,203737,3101.47,33.3
T501621,C100637,1989-04-09,Female,Pune,52253.95,2024-08-25,114642,319.78,35.2
T500553,C100578,1972-02-22,Male,Hyderabad,68047.49,2024-04-13,125837,5429.24,52.4
T505286,C100140,1964-06-15,Unknown,Kolkata,699519.01,2024-05-25,181500,1214.54,60.0
T504153,C100578,1972-02-22,Male,Hyderabad,68047.49,2024-04-09,21515,4464.32,52.4
T504712,C100437,1977-05-10,Female,Pune,58587.83,2024-09-28,141653,3024.47,47.1
T501380,C100344,1963-04-13,Unknown,Unknown,4994.06,2024-04-22,133147,953.13,61.2
T503547,C100588,2003-09-24,Unknown,Kolkata,10922.29,2024-12-26,154111,2624.22,20.8
T501253,C100569,1967-08-06,Unknown,Kolkata,51367.71,2024-12-13,190130,6123.79,56.9
T503727,C100087,1996-06-22,Male,Mumbai,47693.35,2024-01-05,44333,3035.99,28.0
T503341,C100337,1987-03-24,Female,Ahmedabad,120535.8,2024-05-18,193811,1442.1,37.3
T504209,C100690,,Male,Bangalore,120392.94,2024-09-03,163031,5980.62,40.7
T504223,C100261,1960-11-11,Unknown,Ahmedabad,4697.32,2024-01-02,212006,2057.3999999999996,63.6
T504424,C100157,1964-04-06,Male,Pune,47693.35,2024-12-03,72447,1979.83,60.2
T502787,C100790,1994-02-03,Female,Pune,108574.79,2024-02-27,223209,1070.14,30.4
T505446,C100387,1977-02-16,Male,Kolkata,20501.21,2024-01-13,162938,22535.29,47.4
T504310,C100211,1976-08-07,Unknown,Ahmedabad,98676.94,2024-07-25,140656,2907.69,47.9
T500404,C100389,1975-07-12,Female,Kolkata,52253.95,2024-03-17,233910,7076.09,49.0
T501783,C100213,1989-03-26,Female,Kolkata,16101.96,2024-01-04,173642,1560.38,35.3
T500666,C100079,2004-07-20,Male,Delhi,80811.92,2024-08-13,133826,657.86,19.9
T503600,C100391,1973-06-01,Female,Jaipur,18082.92,2024-08-17,80636,1684.48,51.1
T502679,C100348,,Male,Bengaluru,3185.17,2024-04-24,102326,555.65,40.7
T501413,C100049,2002-11-07,Female,Pune,26295.53,2024-12-14,201014,2031.55,21.6
T503766,C100581,1991-01-10,Male,Bengaluru,13752.63,2024-06-16,33021,1055.38,33.5
T500528,C100726,1966-07-04,Male,Kolkata,213622.83,2024-07-27,51214,5042.76,58.0
T501386,C100729,,Male,Lucknow,264299.97,2024-04-29,195956,2057.3999999999996,40.7
T504863,C100413,1975-06-17,Male,Chennai,47693.35,2024-04-07,164032,602.41,49.0
T503604,C100659,2000-11-01,Female,Jaipur,86238.94,2024-04-01,84440,171292.0,23.7
T502060,C100195,1999-11-25,Female,Lucknow,52253.95,2024-10-03,195807,1169.75,24.6
T500485,C100319,1956-01-12,Female,Mumbai,418468.01,2024-07-05,30841,8457.5,68.5
T505972,C100415,1964-08-05,Male,Bangalore,81774.91,2024-07-25,10240,1648.04,59.9
T504700,C100750,1976-09-20,Male,Mumbai,140121.33,2024-02-24,120404,15472.04,47.8
T505980,C100288,1992-09-08,Unknown,Ahmedabad,35907.23,2024-08-24,63854,203.24,31.8
T504972,C100517,2001-06-26,Male,Jaipur,53788.28,2024-04-07,92907,7471.01,23.0
T503619,C100731,1992-02-17,Male,Hyderabad,47693.35,2024-02-06,33342,3623.74,32.4
T503758,C100423,2004-10-23,Male,Chennai,138103.22,2024-08-26,85829,2306.19,19.7
T502781,C100593,,Male,Ahmedabad,77632.67,2024-10-18,183544,14862.76,40.7
T505723,C100689,2001-09-03,Female,Mumbai,5503.87,2024-01-24,74312,959.27,22.8
T502917,C100068,2003-08-22,Unknown,Bengaluru,51367.71,2024-09-23,13731,335.06,20.9
T505184,C100715,1966-07-01,Male,Ahmedabad,5484.47,2024-10-20,2006,2057.3999999999996,58.0
T504564,C100317,1983-03-05,Unknown,Surat,27760.8,2024-02-19,200506,185.93,41.3
T505451,C100080,1998-05-06,Male,Bangalore,772078.46,2024-08-06,195801,8048.87,26.2
T505044,C100045,,Male,Unknown,50615.7,2024-01-24,193518,2014.65,40.7
T501597,C100056,1973-08-20,Male,Chennai,116022.67,2024-10-12,113250,1069.46,50.9
T504132,C100412,1985-10-02,Unknown,Mumbai,21748.09,2024-03-23,35718,2341.98,38.7
T500598,C100285,1991-08-17,Female,Pune,63464.25,2024-01-06,43206,2824.78,32.9
T500158,C100622,1963-08-04,Male,Pune,114620.95,2024-04-03,102847,2057.3999999999996,60.9
T503401,C100575,,Male,Jaipur,28676.46,2024-06-16,124743,1292.17,40.7
T501467,C100092,2000-06-15,Male,Ahmedabad,47693.35,2024-04-20,200014,403.26,24.0
T505823,C100702,,Female,Mumbai,2914.57,2024-12-01,195527,1929.39,40.7
T503830,C100726,1966-07-04,Male,Kolkata,213622.83,2024-10-18,133249,11869.58,58.0
T503481,C100739,1975-09-21,Female,Jaipur,6681.5,2024-10-08,185529,805.27,48.8
T503671,C100101,1978-06-19,Male,Hyderabad,10568.41,2024-02-15,182234,752.6,46.0
T504268,C100318,1976-04-19,Unknown,Jaipur,171947.48,2024-01-09,192446,3163.43,48.2
T503505,C100638,1986-09-15,Female,Chennai,39836.78,2024-07-13,185316,2860.81,37.8
T500522,C100697,1969-10-22,Male,Mumbai,47693.35,2024-07-11,42351,1165.27,54.7
T501123,C100141,1986-10-20,Unknown,Mumbai,160886.94,2024-12-16,222525,9723.01,37.7
T505534,C100673,1973-06-09,Female,Chennai,36146.52,2024-05-31,91458,485.96,51.1
T500226,C100199,1983-08-12,Male,Mumbai,71799.72,2024-10-01,204830,7519.21,40.9
T501028,C100614,1968-08-13,Male,Chennai,11618.4,2024-06-12,30415,309.76,55.9
T503707,C100150,2001-08-10,Female,Kolkata,80031.58,2024-01-19,120714,1920.86,22.9
T500555,C100400,1961-12-17,Female,Pune,52253.95,2024-12-09,123559,4558.05,62.5
T505971,C100325,1983-11-25,Male,Jaipur,47693.35,2024-08-03,203225,818.68,40.6
T503670,C100544,,Unknown,Kolkata,3308.23,2024-08-23,121356,121.25,40.7
T504463,C100695,,Male,Unknown,26555.71,2024-11-10,71217,2034.34,40.7
T505949,C100030,2003-10-13,Male,Delhi,14152.67,2024-01-21,185049,607.24,20.7
T503768,C100046,1985-11-27,Female,Delhi,4232.4,2024-05-02,92517,425.08,38.6
T502920,C100681,1967-05-15,Female,Lucknow,239151.47,2024-06-05,24656,415.41,57.1
T503624,C100352,1998-02-03,Female,Delhi,52253.95,2024-08-14,92402,2181.84,26.4
T505221,C100657,1974-08-02,Male,Ahmedabad,71006.14,2024-06-28,72819,1145.92,49.9
T502345,C100509,1977-09-18,Male,Bangalore,26256.74,2024-08-24,41411,421.31,46.8
T503506,C100151,1955-05-06,Male,Kolkata,83391.84,2024-03-08,14157,9164.99,69.2
T501958,C100104,1987-03-19,Female,Unknown,20769.58,2024-12-16,125558,474.71,37.3
T503983,C100513,1992-02-06,Female,Bengaluru,14786.27,2024-07-25,161532,2136.08,32.4
T500707,C100740,1978-08-22,Female,Jaipur,52253.95,2024-11-07,104900,3012.6,45.9
T505197,C100342,1969-06-07,Male,Surat,9262.22,2024-06-08,75418,1617.55,55.1
T505767,C100638,1986-09-15,Female,Chennai,39836.78,2024-07-11,181713,5245.05,37.8
T504796,C100028,1973-05-26,Unknown,Hyderabad,51367.71,2024-05-08,64728,1002.55,51.1
T505293,C100513,1992-02-06,Female,Bengaluru,14786.27,2024-03-21,63906,1392.69,32.4
T501171,C100721,1984-04-01,Female,Delhi,9140.35,2024-01-05,5558,526.87,40.2
T501455,C100580,1993-07-18,Female,Mumbai,29452.82,2024-02-10,50131,1776.25,31.0
T502776,C100435,1982-06-13,Unknown,Delhi,58275.09,2024-08-24,112735,2057.3999999999996,42.0
T505887,C100150,2001-08-10,Female,Kolkata,80031.58,2024-03-03,211411,2733.43,22.9
T505358,C100650,1969-08-17,Female,Ahmedabad,88102.77,2024-07-01,201638,1790.11,54.9
T505867,C100331,1984-04-09,Male,Delhi,139917.52,2024-03-02,63943,13145.53,40.2
T502676,C100790,1994-02-03,Female,Pune,108574.79,2024-12-02,61336,56.12,30.4
T504360,C100225,1991-10-09,Male,Chennai,181650.06,2024-06-29,223528,8029.24,32.7
T500326,C100101,1978-06-19,Male,Hyderabad,10568.41,2024-12-25,52932,1187.0,46.0
T503339,C100185,1990-08-13,Female,Kolkata,119141.06,2024-02-22,170127,2701.65,33.9
T500476,C100780,,Female,Surat,1632.01,2024-01-11,81128,181.68,40.7
T504631,C100244,1983-09-24,Female,Delhi,52253.95,2024-09-14,200110,1148.9,40.8
T505379,C100650,1969-08-17,Female,Ahmedabad,88102.77,2024-03-17,124417,2938.82,54.9
T503914,C100503,1956-08-12,Female,Pune,146446.03,2024-09-13,15017,8467.42,67.9
T502512,C100072,1987-07-07,Female,Bengaluru,13636.68,2024-08-08,62914,1032.0,37.0
T503930,C100173,2003-09-18,Female,Pune,28296.42,2024-01-05,211457,18937.93,20.8
T500103,C100225,1991-10-09,Male,Chennai,181650.06,2024-03-29,84319,7084.67,32.7
T505710,C100099,1959-04-20,Female,Ahmedabad,5650.19,2024-12-03,222117,633.41,65.2
T501419,C100163,1970-08-04,Male,Kolkata,3126.03,2024-06-25,31426,253.79,53.9
T503555,C100714,1967-02-19,Male,Bengaluru,13233.37,2024-10-22,131150,1817.66,57.4
T503423,C100739,1975-09-21,Female,Jaipur,6681.5,2024-10-08,124502,1653.6,48.8
T504848,C100364,2001-10-09,Unknown,Delhi,32532.99,2024-01-24,1638,695.39,22.7
T500523,C100597,1972-09-02,Female,Pune,30467.88,2024-08-17,235631,3507.18,51.8
T500992,C100023,1975-05-12,Male,Hyderabad,5699.11,2024-08-07,50425,932.22,49.1
T505481,C100450,1992-01-17,Female,Delhi,111417.27,2024-11-08,111617,3927.7,32.5
T501830,C100763,1994-09-10,Male,Mumbai,47693.35,2024-07-07,183513,849.56,29.8
T505579,C100764,1966-06-14,Male,Jaipur,62112.48,2024-12-19,141503,5472.33,58.0
T502606,C100661,1965-06-14,Unknown,Jaipur,105161.33,2024-08-30,75218,2675.96,59.0
T500730,C100438,,Female,Bengaluru,52253.95,2024-08-31,132143,3335.81,40.7
T500066,C100053,1970-05-11,Female,Delhi,22837.27,2024-06-02,42727,1905.14,54.1
T504072,C100707,1993-12-17,Female,Delhi,19040.78,2024-11-14,194438,1721.57,30.5
T504171,C100347,1963-10-13,Male,Mumbai,37311.99,2024-03-27,84452,214182.00000000003,60.7
T504711,C100644,1991-12-17,Male,Pune,10681.0,2024-02-17,200825,491.6,32.5
T504333,C100419,,Male,Delhi,26055.1,2024-12-08,233312,785.53,40.7
T501939,C100284,1987-04-12,Male,Lucknow,21229.49,2024-05-04,144117,2057.3999999999996,37.2
T502666,C100757,,Unknown,Nagpur,128307.71,2024-11-08,71432,4172.53,40.7
T501396,C100063,2001-02-14,Female,Chennai,67715.0,2024-07-16,225324,2057.3999999999996,23.4
T502868,C100664,1987-01-09,Unknown,Mumbai,99475.96,2024-12-27,130736,1343.48,37.5
T500751,C100081,1987-07-26,Male,Lucknow,8629.03,2024-04-04,1738,85.95,36.9
T500885,C100736,1994-08-24,Male,Mumbai,21365.93,2024-06-15,150712,2315.19,29.9
T500488,C100143,1981-07-23,Male,Pune,241385.44,2024-07-25,100912,2684.74,42.9
T503317,C100044,1962-08-19,Male,Hyderabad,43950.32,2024-05-09,193559,3162.12,61.9
T501016,C100522,,Male,Chennai,35215.42,2024-04-07,131735,1918.56,40.7
T502106,C100333,1986-03-18,Female,Lucknow,52253.95,2024-11-27,201642,3992.7,38.3
T504452,C100716,,Female,Unknown,240805.5,2024-11-01,114522,27992.24,40.7
T502724,C100208,,Female,Bangalore,16479.19,2024-08-06,122625,2447.87,40.7
T505817,C100363,1995-11-08,Male,Surat,6950.01,2024-05-08,65113,2605.0,28.6
T505060,C100418,1960-01-14,Unknown,Hyderabad,51367.71,2024-08-10,82718,8563.6,64.5
T502319,C100319,1956-01-12,Female,Mumbai,418468.01,2024-05-23,42343,1189.02,68.5
T502003,C100517,2001-06-26,Male,Jaipur,53788.28,2024-10-09,215924,1907.68,23.0
T505388,C100200,1984-09-07,Female,Pune,99008.06,2024-04-12,195909,3191.05,39.8
T503739,C100700,1988-03-06,Male,Pune,47693.35,2024-02-25,192926,450.36,36.3
T500702,C100635,1998-07-13,Male,Delhi,20087.81,2024-01-17,55941,1792.58,26.0
T500617,C100655,,Unknown,Surat,24838.77,2024-02-27,2008,1022.71,40.7
T501724,C100251,1957-05-01,Female,Pune,19062.18,2024-05-31,3410,3264.69,67.2
T500010,C100731,1992-02-17,Male,Hyderabad,47693.35,2024-12-15,101144,1041.37,32.4
T504068,C100264,1984-06-01,Male,Hyderabad,47693.35,2024-08-20,192007,14833.21,40.1
T502200,C100038,2001-08-16,Male,Kolkata,38387.92,2024-07-26,5300,7203.54,22.9
T502097,C100109,,Male,Mumbai,83476.96,2024-11-14,195827,1621.24,40.7
T500978,C100026,1980-06-13,Female,Bangalore,42425.02,2024-05-07,84719,2630.46,44.0
T502272,C100548,1982-08-07,Female,Nagpur,53292.45,2024-10-31,10133,385.45,41.9
T505391,C100535,1981-02-12,Female,Chennai,10577.18,2024-01-20,81345,2192.11,43.4
T500774,C100355,1977-08-11,Male,Pune,47693.35,2024-10-30,13125,449.77,46.9
T500759,C100187,,Male,Bengaluru,2316.41,2024-07-14,203101,774.95,40.7
T503079,C100616,1998-12-12,Male,Lucknow,68502.33,2024-04-13,75957,2735.25,25.5
T501611,C100413,1975-06-17,Male,Chennai,47693.35,2024-02-26,100137,2328.47,49.0
T500936,C100242,1991-05-14,Male,Hyderabad,103866.17,2024-12-09,50016,1363.83,33.1
T502220,C100670,1983-10-26,Female,Mumbai,371867.09,2024-06-20,74713,9009.49,40.7
T505608,C100394,,Male,Delhi,27830.78,2024-02-07,20158,238.89,40.7
T502075,C100170,1986-08-25,Male,Delhi,36174.63,2024-03-22,12311,2462.65,37.8
T505934,C100697,1969-10-22,Male,Mumbai,47693.35,2024-09-24,64229,3692.34,54.7
T500110,C100769,1990-07-04,Female,Chennai,29909.5,2024-07-01,45845,479.45,34.0
T505152,C100152,2001-12-26,Unknown,Jaipur,4579.54,2024-08-19,80502,2057.3999999999996,22.5
T505260,C100051,1976-02-21,Male,Pune,169367.84,2024-03-05,202412,6625.71,48.4
T504302,C100792,1983-12-13,Male,Bengaluru,147204.05,2024-10-10,73354,1311.36,40.5
T502992,C100292,,Female,Mumbai,9547.79,2024-06-10,4320,1707.7,40.7
T500490,C100565,2004-09-19,Female,Bangalore,67225.87,2024-06-16,102434,2057.3999999999996,19.8
T501190,C100526,,Female,Jaipur,1965.12,2024-05-18,52531,549.89,40.7
T501089,C100779,,Female,Kolkata,297969.29,2024-05-16,205734,4113.01,40.7
T504506,C100600,1981-01-05,Female,Jaipur,67373.79,2024-12-19,192136,1989.94,43.5
T501479,C100753,1958-12-05,Male,Ahmedabad,47693.35,2024-07-02,44357,1509.69,65.6
T503846,C100306,1967-04-23,Male,Pune,63186.77,2024-06-27,120459,221.14,57.2
T503201,C100329,1958-11-08,Male,Ahmedabad,37113.65,2024-12-10,235738,2929.56,65.6
T504865,C100691,1998-08-13,Male,Pune,47693.35,2024-09-03,172432,1557.57,25.9
T501906,C100605,,Male,Lucknow,79326.66,2024-08-15,102324,3702.93,40.7
T505906,C100512,1986-08-19,Male,Unknown,88055.27,2024-08-31,62941,8014.37,37.9
T503047,C100392,1981-08-02,Female,Bangalore,52253.95,2024-01-06,22157,2501.7,42.9
T501298,C100729,,Male,Lucknow,264299.97,2024-11-14,232602,10528.91,40.7
T502072,C100763,1994-09-10,Male,Mumbai,47693.35,2024-10-09,55221,8059.22,29.8
T502743,C100065,2001-02-18,Male,Delhi,55990.05,2024-05-08,111634,15247.09,23.4
T504680,C100579,2003-07-08,Female,Jaipur,200313.27,2024-03-23,155301,6293.76,21.0
T500071,C100103,1991-02-14,Unknown,Delhi,51367.71,2024-09-01,221618,1705.82,33.4
T502608,C100695,,Male,Unknown,26555.71,2024-12-02,91217,569.52,40.7
T504575,C100727,1978-08-19,Female,Jaipur,123863.27,2024-08-29,25541,1540.9,45.9
T504727,C100529,1991-11-11,Female,Bengaluru,104328.62,2024-06-15,230555,885.61,32.6
T501852,C100479,1980-10-22,Female,Kolkata,98501.77,2024-10-03,111839,1711.99,43.7
T502727,C100246,1992-12-11,Male,Delhi,459949.04,2024-11-18,113345,4392.34,31.6
T501942,C100681,1967-05-15,Female,Lucknow,239151.47,2024-04-28,180753,4699.58,57.1
T501254,C100589,,Female,Chennai,101026.53,2024-06-06,205554,17698.1,40.7
T504990,C100531,,Male,Chennai,38254.58,2024-09-14,60321,1565.47,40.7
T503087,C100512,1986-08-19,Male,Unknown,88055.27,2024-09-17,40821,2785.59,37.9
T500184,C100248,1970-05-12,Male,Kolkata,89559.95,2024-07-25,201318,2025.67,54.1
T504963,C100674,1998-05-02,Male,Pune,3566.68,2024-04-23,103007,4811.73,26.2
T500824,C100688,2001-10-21,Male,Hyderabad,28109.11,2024-12-02,81134,498.59,22.7
T500386,C100418,1960-01-14,Unknown,Hyderabad,51367.71,2024-02-14,181531,3381.88,64.5
T501719,C100244,1983-09-24,Female,Delhi,52253.95,2024-04-05,41101,1816.51,40.8
T500347,C100241,1972-06-24,Male,Pune,46874.59,2024-09-15,13310,1625.37,52.0
T504794,C100307,2004-10-07,Male,Lucknow,43413.56,2024-07-30,65016,531.72,19.7
T505138,C100759,1983-06-08,Female,Unknown,52253.95,2024-10-14,53749,3874.88,41.1
T502769,C100335,,Male,Bengaluru,47693.35,2024-01-29,71646,1817.57,40.7
T504907,C100397,1981-12-02,Female,Mumbai,1686.42,2024-01-05,15229,309.38,42.6
T500468,C100403,2003-06-13,Female,Jaipur,14630.12,2024-03-10,101132,968.61,21.0
T501418,C100428,1981-03-17,Male,Pune,163084.05,2024-04-22,121800,2057.3999999999996,43.3
T504300,C100540,,Female,Hyderabad,73271.8,2024-12-01,10303,1047.1,40.7
T500536,C100419,,Male,Delhi,26055.1,2024-04-26,55510,3999.28,40.7
T505341,C100633,1960-05-16,Male,Jaipur,7650.67,2024-03-06,64003,1688.04,64.1
T500341,C100443,2004-05-13,Female,Nagpur,102909.31,2024-05-10,161421,4570.1,20.1
T501299,C100510,2000-08-03,Female,Ahmedabad,235563.0,2024-10-31,122027,9740.76,23.9
T501117,C100042,1968-12-11,Male,Mumbai,41014.43,2024-09-11,130729,1686.98,55.6
T501995,C100344,1963-04-13,Unknown,Unknown,4994.06,2024-07-02,151555,97.47,61.2
T503725,C100565,2004-09-19,Female,Bangalore,67225.87,2024-11-05,131653,2057.3999999999996,19.8
T501619,C100416,1988-10-20,Male,Jaipur,77721.72,2024-03-14,162033,6107.62,35.7
T504542,C100291,1975-08-14,Female,Pune,52253.95,2024-04-29,122550,3735.23,48.9
T503789,C100576,,Female,Nagpur,52253.95,2024-06-30,65206,785.79,40.7
T502490,C100400,1961-12-17,Female,Pune,52253.95,2024-11-18,113943,5301.08,62.5
T504869,C100212,2000-06-24,Female,Nagpur,119741.09,2024-10-15,84025,4772.4,24.0
T503940,C100439,1967-03-08,Female,Bangalore,48286.94,2024-08-15,31541,2478.58,57.3
T503669,C100074,,Female,Hyderabad,138675.48,2024-06-06,13217,1627.01,40.7
T505632,C100242,1991-05-14,Male,Hyderabad,103866.17,2024-10-28,190318,209.03,33.1
T501927,C100055,2001-01-23,Male,Lucknow,39750.83,2024-07-20,231346,272883.0199999997,23.4
T503806,C100659,2000-11-01,Female,Jaipur,86238.94,2024-04-24,173807,2908.72,23.7
T500719,C100200,1984-09-07,Female,Pune,99008.06,2024-10-06,214509,18491.29,39.8
T505580,C100493,,Female,Ahmedabad,102129.94,2024-03-24,171842,6588.77,40.7
T501083,C100375,1999-11-27,Male,Nagpur,267588.1,2024-11-13,15441,1139.63,24.6
T503598,C100022,,Female,Delhi,52253.95,2024-10-28,151538,307.56,40.7
T502765,C100760,1974-03-14,Female,Mumbai,286147.6,2024-04-16,41829,8337.77,50.3
T503306,C100296,1971-12-24,Male,Pune,47693.35,2024-11-22,100424,582.99,52.5
T503180,C100345,1983-05-01,Female,Kolkata,12276.92,2024-02-16,45423,3618.62,41.2
T503962,C100579,2003-07-08,Female,Jaipur,200313.27,2024-02-23,162025,1117.51,21.0
T501653,C100363,1995-11-08,Male,Surat,6950.01,2024-03-18,20959,6525.18,28.6
T500749,C100779,,Female,Kolkata,297969.29,2024-12-16,62502,12070.22,40.7
T500688,C100173,2003-09-18,Female,Pune,28296.42,2024-07-20,101742,10846.71,20.8
T503449,C100291,1975-08-14,Female,Pune,52253.95,2024-01-10,141817,1410.35,48.9
T505191,C100589,,Female,Chennai,101026.53,2024-08-04,32251,5949.05,40.7
T504099,C100040,1994-09-14,Male,Unknown,22609.54,2024-02-27,180817,428.68,29.8
T503016,C100558,1958-07-13,Female,Hyderabad,43904.78,2024-01-17,14355,426.31,66.0
T503372,C100541,,Male,Ahmedabad,186265.55,2024-08-16,153543,6975.8,40.7
T503096,C100387,1977-02-16,Male,Kolkata,20501.21,2024-06-16,62454,19081.44,47.4
T501558,C100294,1977-04-19,Female,Hyderabad,52253.95,2024-01-21,81306,484.06,47.2
T501081,C100105,1995-10-18,Female,Lucknow,21507.37,2024-01-18,5310,6536.68,28.7
T500920,C100140,1964-06-15,Unknown,Kolkata,699519.01,2024-01-31,205504,7576.47,60.0
T505675,C100051,1976-02-21,Male,Pune,169367.84,2024-06-29,74107,7898.69,48.4
T501853,C100488,1977-03-25,Male,Bangalore,29268.42,2024-06-07,193132,795.54,47.3
T504320,C100385,1986-09-04,Female,Pune,31830.7,2024-09-05,90530,784.76,37.8
T505868,C100656,1996-01-11,Male,Ahmedabad,14274.08,2024-05-04,164449,4503.76,28.5
T502782,C100790,1994-02-03,Female,Pune,108574.79,2024-12-23,220829,742.06,30.4
T500848,C100414,2002-02-15,Female,Pune,61143.12,2024-12-12,114214,1432.61,22.4
T501603,C100253,1978-03-27,Male,Bangalore,107511.5,2024-11-15,140237,7528.25,46.3
T504922,C100663,1961-03-24,Male,Unknown,600713.48,2024-05-18,123637,12666.07,63.3
T503040,C100640,2003-11-22,Male,Ahmedabad,47693.35,2024-04-21,62527,1442.2,20.6
T505220,C100047,1966-07-11,Female,Hyderabad,22419.5,2024-09-22,214823,1918.39,58.0
T503399,C100143,1981-07-23,Male,Pune,241385.44,2024-03-08,60836,878.42,42.9
T504091,C100284,1987-04-12,Male,Lucknow,21229.49,2024-09-02,220331,253.7,37.2
T505428,C100252,2002-06-21,Unknown,Jaipur,51367.71,2024-12-11,164546,22.65,22.0
T505542,C100486,1993-04-07,Female,Pune,3302.51,2024-03-10,81743,2057.3999999999996,31.2
T505533,C100106,,Male,Delhi,60836.59,2024-10-07,113438,889.15,40.7
T505963,C100385,1986-09-04,Female,Pune,31830.7,2024-01-03,101444,20016.59,37.8
T505562,C100724,1982-07-07,Unknown,Delhi,41634.26,2024-01-01,34402,1361.23,42.0
T502659,C100468,,Male,Chennai,84203.67,2024-12-29,103247,3781.91,40.7
T501294,C100412,1985-10-02,Unknown,Mumbai,21748.09,2024-10-21,53158,301.25,38.7
T502189,C100480,1993-09-08,Female,Mumbai,37940.98,2024-10-26,91757,169.78,30.8
T501531,C100617,,Female,Jaipur,9784.54,2024-04-30,135221,1036.94,40.7
T503803,C100079,2004-07-20,Male,Delhi,80811.92,2024-08-19,111118,9156.55,19.9
T505968,C100717,1983-04-25,Female,Mumbai,52253.95,2024-05-31,232133,8536.74,41.2
T501387,C100309,1970-04-13,Female,Mumbai,40590.8,2024-04-07,233011,1095.95,54.2
T504686,C100385,1986-09-04,Female,Pune,31830.7,2024-12-05,182414,8012.64,37.8
T502721,C100748,1989-07-05,Male,Mumbai,63573.89,2024-10-04,82240,6525.92,35.0
T502347,C100781,,Female,Lucknow,52253.95,2024-01-13,185919,816.97,40.7
T501251,C100037,1994-03-09,Female,Delhi,33340.33,2024-11-10,72121,2057.3999999999996,30.3
T500568,C100116,1960-09-25,Female,Pune,220401.55,2024-07-31,13826,2200.67,63.8
T505698,C100010,1989-09-06,Female,Kolkata,239001.2,2024-12-14,74819,11132.3,34.8
T502910,C100111,1961-02-13,Female,Bengaluru,31428.6,2024-11-11,140645,2057.3999999999996,63.4
T505169,C100714,1967-02-19,Male,Bengaluru,13233.37,2024-02-01,120811,2057.3999999999996,57.4
T500436,C100065,2001-02-18,Male,Delhi,55990.05,2024-12-20,170212,3842.22,23.4
T501559,C100457,1991-11-23,Male,Hyderabad,46885.9,2024-09-08,121158,6188.2,32.6
T504340,C100193,1986-11-26,Male,Delhi,16440.96,2024-02-02,33457,2006.48,37.6
T500655,C100357,1977-01-06,Female,Mumbai,76877.42,2024-01-21,35512,2426.71,47.5
T503361,C100630,,Male,Ahmedabad,47693.35,2024-12-15,14028,2057.3999999999996,40.7
T503752,C100005,1966-11-23,Unknown,Mumbai,44083.6,2024-01-30,122833,1708.81,57.6
T500780,C100702,,Female,Mumbai,2914.57,2024-12-05,85009,1423.97,40.7
T504797,C100205,1967-04-14,Female,Pune,35559.48,2024-02-09,12531,2057.3999999999996,57.2
T504179,C100483,2004-08-13,Male,Mumbai,47693.35,2024-04-21,11630,1859.06,19.9
T502042,C100349,,Female,Pune,397135.49,2024-05-08,181355,17294.18,40.7
T502532,C100338,1977-03-17,Male,Chennai,34108.53,2024-03-07,23555,141.05,47.3
T501197,C100572,1969-12-09,Female,Mumbai,8282.21,2024-10-07,204701,347.64,54.6
T503844,C100781,,Female,Lucknow,52253.95,2024-02-21,24639,2293.32,40.7
T504464,C100219,1997-11-21,Female,Bengaluru,20875.12,2024-07-02,120224,2441.74,26.6
T503678,C100591,1975-05-16,Male,Jaipur,31294.72,2024-03-22,93641,1129.47,49.1
T501987,C100341,1990-12-17,Male,Nagpur,1305.73,2024-10-15,195655,922.22,33.5
T500845,C100040,1994-09-14,Male,Unknown,22609.54,2024-02-12,223757,1828.11,29.8
T500602,C100127,1957-03-24,Male,Jaipur,47693.35,2024-11-15,215022,1148.06,67.3
T502877,C100285,1991-08-17,Female,Pune,63464.25,2024-09-27,10125,2057.3999999999996,32.9
T500611,C100155,,Male,Chennai,47693.35,2024-10-31,24433,185.01,40.7
T504607,C100525,1969-05-10,Female,Chennai,212533.64,2024-04-28,41832,2057.3999999999996,55.1
T504375,C100770,1995-12-02,Female,Jaipur,52253.95,2024-12-22,182019,2210.7,28.6
T500108,C100257,,Unknown,Jaipur,88380.56,2024-04-09,131102,360.16,40.7
T505257,C100395,2001-02-20,Female,Kolkata,30084.28,2024-03-21,151131,3223.52,23.4
T503017,C100749,,Male,Mumbai,372624.79,2024-04-27,60734,6820.39,40.7
T502471,C100387,1977-02-16,Male,Kolkata,20501.21,2024-04-06,55953,10517.25,47.4
T501733,C100593,,Male,Ahmedabad,77632.67,2024-12-03,192139,1449.22,40.7
T505231,C100093,1965-10-15,Female,Unknown,157865.54,2024-12-26,183458,9172.5,58.7
T501302,C100415,1964-08-05,Male,Bangalore,81774.91,2024-08-25,65456,9177.69,59.9
T500828,C100292,,Female,Mumbai,9547.79,2024-12-20,85925,435.1,40.7
T500151,C100687,1961-01-23,Female,Jaipur,52253.95,2024-09-22,131033,1562.55,63.4
T504758,C100213,1989-03-26,Female,Kolkata,16101.96,2024-05-03,917,1509.21,35.3
T501417,C100759,1983-06-08,Female,Unknown,52253.95,2024-04-12,140009,11109.9,41.1
T503888,C100352,1998-02-03,Female,Delhi,52253.95,2024-11-10,155956,2576.1,26.4
T505374,C100443,2004-05-13,Female,Nagpur,102909.31,2024-11-17,132116,5914.36,20.1
T502084,C100411,1980-10-24,Female,Lucknow,2108.17,2024-06-26,65952,708.75,43.7
T502073,C100372,1983-12-19,Female,Mumbai,59995.96,2024-09-18,134252,973.49,40.5
T500782,C100494,1999-10-07,Male,Ahmedabad,11661.72,2024-09-04,83402,563.73,24.7
T500397,C100703,1984-05-15,Female,Jaipur,125815.19,2024-03-01,134849,4247.14,40.1
T500166,C100375,1999-11-27,Male,Nagpur,267588.1,2024-12-15,203136,5904.46,24.6
T505684,C100471,1963-11-03,Male,Bangalore,47693.35,2024-02-05,233754,2668.38,60.7
T504327,C100058,1976-02-26,Male,Surat,47693.35,2024-07-15,173524,2714.23,48.3
T501225,C100431,,Male,Surat,10914.09,2024-02-27,170314,574.05,40.7
T504674,C100600,1981-01-05,Female,Jaipur,67373.79,2024-12-21,85512,2249.25,43.5
T501642,C100160,1987-08-02,Male,Unknown,4045.62,2024-06-03,144004,495.23,36.9
T505637,C100750,1976-09-20,Male,Mumbai,140121.33,2024-09-08,214602,4814.37,47.8
T500142,C100794,1959-07-15,Female,Pune,32969.19,2024-03-31,175155,3548.95,65.0
T501240,C100275,1965-05-04,Female,Bangalore,175954.66,2024-10-17,191811,24070.07,59.2
T501986,C100159,1997-08-16,Male,Unknown,37413.5,2024-12-20,51303,1291.05,26.9
T504144,C100210,1956-12-04,Female,Delhi,112806.44,2024-03-12,231918,13372.71,67.6
T502452,C100558,1958-07-13,Female,Hyderabad,43904.78,2024-01-27,51755,735.46,66.0
T504851,C100674,1998-05-02,Male,Pune,3566.68,2024-07-28,65733,4507.94,26.2
T503911,C100331,1984-04-09,Male,Delhi,139917.52,2024-11-16,101414,1804.16,40.2
T503443,C100483,2004-08-13,Male,Mumbai,47693.35,2024-04-07,4648,1047.78,19.9
T502461,C100140,1964-06-15,Unknown,Kolkata,699519.01,2024-09-24,53010,2962.26,60.0
T505427,C100162,1997-09-24,Male,Delhi,42810.3,2024-05-20,3951,3537.84,26.8
T502223,C100172,1991-12-18,Unknown,Lucknow,180835.83,2024-03-22,143241,4975.85,32.5
T500237,C100045,,Male,Unknown,50615.7,2024-03-12,233107,710.96,40.7
T500989,C100436,,Female,Jaipur,93354.27,2024-08-04,95409,10266.57,40.7
T503422,C100288,1992-09-08,Unknown,Ahmedabad,35907.23,2024-05-12,110453,1324.21,31.8
T505555,C100275,1965-05-04,Female,Bangalore,175954.66,2024-07-12,4440,10522.36,59.2
T501758,C100148,1980-03-12,Female,Chennai,52253.95,2024-07-07,172050,2233.74,44.3
T504059,C100362,1960-07-10,Female,Mumbai,10708.63,2024-03-15,104529,640.79,64.0
T501021,C100688,2001-10-21,Male,Hyderabad,28109.11,2024-11-10,132623,797.29,22.7
T505485,C100456,2003-10-21,Male,Ahmedabad,21475.71,2024-05-30,83215,88.9,20.7
T503094,C100579,2003-07-08,Female,Jaipur,200313.27,2024-02-07,92820,5733.43,21.0
T500866,C100223,,Female,Nagpur,7196.01,2024-04-07,122728,549.38,40.7
T503020,C100573,1976-01-19,Male,Hyderabad,41943.84,2024-07-01,194330,3096.45,48.4
T505478,C100212,2000-06-24,Female,Nagpur,119741.09,2024-08-16,92021,590.98,24.0
T503900,C100731,1992-02-17,Male,Hyderabad,47693.35,2024-12-28,52629,1124.85,32.4
T505401,C100005,1966-11-23,Unknown,Mumbai,44083.6,2024-05-21,30255,839.12,57.6
T501697,C100014,1995-01-22,Male,Lucknow,72097.18,2024-04-22,145448,7133.56,29.4
T504004,C100140,1964-06-15,Unknown,Kolkata,699519.01,2024-02-04,34421,11578.0,60.0
T502217,C100169,1990-12-22,Unknown,Ahmedabad,346738.24,2024-08-17,122427,30016.53,33.5
T500327,C100236,1983-02-12,Male,Surat,11778.81,2024-09-18,130300,725.87,41.4
T504437,C100346,1993-08-22,Male,Pune,134207.78,2024-02-02,115447,4450.05,30.9
T505164,C100655,,Unknown,Surat,24838.77,2024-03-26,124045,3964.23,40.7
T501582,C100499,,Male,Hyderabad,29516.2,2024-09-03,142828,3523.54,40.7
T500803,C100012,1993-10-12,Female,Unknown,50102.02,2024-02-14,124237,249.22,30.7
T504362,C100442,1956-11-17,Female,Ahmedabad,8610.61,2024-11-27,111636,1005.32,67.6
T504276,C100014,1995-01-22,Male,Lucknow,72097.18,2024-06-19,102611,3714.24,29.4
T501226,C100714,1967-02-19,Male,Bengaluru,13233.37,2024-02-04,65811,1098.57,57.4
T501203,C100019,,Unknown,Bengaluru,102437.46,2024-08-30,113422,7307.2,40.7
T505909,C100148,1980-03-12,Female,Chennai,52253.95,2024-02-15,11643,3431.43,44.3
T502887,C100260,1982-07-05,Male,Mumbai,47216.74,2024-03-29,211508,2767.35,42.0
T502903,C100143,1981-07-23,Male,Pune,241385.44,2024-10-25,63238,1221.25,42.9
T501034,C100771,,Female,Kolkata,9840.47,2024-07-04,93101,995.79,40.7
T504064,C100438,,Female,Bengaluru,52253.95,2024-09-03,90042,2394.77,40.7
T504197,C100564,1959-09-18,Female,Ahmedabad,33632.16,2024-05-29,175958,651.81,64.8
T502392,C100142,1997-07-20,Female,Jaipur,52253.95,2024-03-04,223921,2256.62,26.9
T505791,C100119,1962-01-23,Female,Pune,52253.95,2024-10-04,94954,2347.01,62.4
T504142,C100083,,Female,Hyderabad,7606.81,2024-02-27,82700,68.38,40.7
T500401,C100568,,Unknown,Jaipur,51367.71,2024-07-26,233639,2915.17,40.7
T504124,C100345,1983-05-01,Female,Kolkata,12276.92,2024-03-15,84641,1748.24,41.2
T503839,C100749,,Male,Mumbai,372624.79,2024-06-25,165947,20867.65,40.7
T501346,C100405,1959-09-13,Male,Nagpur,5646.11,2024-09-25,55844,1033.39,64.8
T504555,C100124,1959-11-13,Male,Unknown,2357.17,2024-07-08,45004,332.3,64.6
T502391,C100767,,Female,Unknown,70068.58,2024-06-21,63016,5272.31,40.7
T501267,C100637,1989-04-09,Female,Pune,52253.95,2024-07-29,204805,1558.86,35.2
T500805,C100300,1990-07-09,Male,Chennai,47693.35,2024-08-29,15605,3263.43,34.0
T501443,C100779,,Female,Kolkata,297969.29,2024-08-13,181851,1149.39,40.7
T500959,C100699,2003-11-15,Female,Kolkata,20709.46,2024-02-25,33751,1213.31,20.6
T505332,C100107,1982-06-20,Male,Hyderabad,47693.35,2024-06-03,183554,1063.47,42.0
T500185,C100455,,Female,Surat,9423.4,2024-03-26,75326,1420.48,40.7
T504207,C100210,1956-12-04,Female,Delhi,112806.44,2024-06-29,34321,1633.56,67.6
T504809,C100585,,Female,Chennai,51724.58,2024-04-21,63819,2029.38,40.7
T502085,C100023,1975-05-12,Male,Hyderabad,5699.11,2024-12-20,90235,329.3,49.1
T503226,C100593,,Male,Ahmedabad,77632.67,2024-10-12,233102,12245.47,40.7
T500096,C100614,1968-08-13,Male,Chennai,11618.4,2024-12-24,23721,1368.9,55.9
T505524,C100058,1976-02-26,Male,Surat,47693.35,2024-10-12,30442,2609.79,48.3
T505833,C100056,1973-08-20,Male,Chennai,116022.67,2024-02-18,43753,1249.51,50.9
T502119,C100565,2004-09-19,Female,Bangalore,67225.87,2024-05-06,162732,2320.19,19.8
T502789,C100583,,Male,Nagpur,71828.0,2024-04-05,172753,2641.73,40.7
T502927,C100527,,Male,Ahmedabad,6830.51,2024-12-05,213401,1041.78,40.7
T501250,C100796,1985-01-13,Female,Chennai,22196.84,2024-10-13,152735,492.22,39.5
T503848,C100632,1999-08-02,Female,Chennai,70747.64,2024-08-23,74123,4758.44,24.9
T500669,C100005,1966-11-23,Unknown,Mumbai,44083.6,2024-10-24,125020,386.47,57.6
T501752,C100438,,Female,Bengaluru,52253.95,2024-05-02,194929,3646.46,40.7
T500469,C100729,,Male,Lucknow,264299.97,2024-10-09,14620,3417.33,40.7
T503790,C100222,1969-03-14,Female,Lucknow,77445.15,2024-07-16,94846,6233.05,55.3
T500576,C100255,1959-07-12,Female,Pune,52253.95,2024-01-29,75859,51996.0,65.0
T501659,C100652,1991-12-20,Male,Unknown,58919.28,2024-06-14,154939,2804.08,32.5
T503238,C100406,,Female,Chennai,70730.83,2024-03-30,234537,990.31,40.7
T503425,C100693,1988-10-11,Female,Jaipur,247886.54,2024-06-29,80001,9103.4,35.7
T505856,C100728,1988-08-09,Female,Delhi,6027.16,2024-03-09,233018,1095.03,35.9
T501476,C100298,,Male,Mumbai,12653.3,2024-09-07,203247,352.5,40.7
T505908,C100795,1986-10-21,Female,Pune,43684.44,2024-05-29,91729,290.49,37.7
T505824,C100464,1975-12-20,Unknown,Ahmedabad,51367.71,2024-02-08,104410,336.28,48.5
T503971,C100151,1955-05-06,Male,Kolkata,83391.84,2024-09-28,70010,18528.81,69.2
T505034,C100432,,Female,Jaipur,52253.95,2024-07-15,11044,134.36,40.7
T503041,C100596,1972-04-07,Male,Mumbai,240531.19,2024-07-17,3730,3631.74,52.2
T504980,C100230,,Female,Chennai,17144.19,2024-07-16,53619,2763.73,40.7
T501869,C100779,,Female,Kolkata,297969.29,2024-12-21,142629,1342.78,40.7
T503210,C100665,1963-12-08,Male,Ahmedabad,100878.91,2024-07-22,151757,2625.51,60.6
T501221,C100250,1964-10-04,Female,Ahmedabad,12840.3,2024-11-07,160445,384.59,59.7
T504363,C100190,1979-11-06,Male,Jaipur,39923.71,2024-11-07,15056,308.87,44.6
T502126,C100185,1990-08-13,Female,Kolkata,119141.06,2024-12-20,204147,1631.13,33.9
T505664,C100437,1977-05-10,Female,Pune,58587.83,2024-07-15,23728,1145.99,47.1
T502422,C100177,,Unknown,Ahmedabad,208320.55,2024-12-17,30607,1980.02,40.7
T504055,C100391,1973-06-01,Female,Jaipur,18082.92,2024-06-05,54002,806.2,51.1
T505705,C100749,,Male,Mumbai,372624.79,2024-10-04,81311,8878.78,40.7
T505249,C100240,2003-12-24,Male,Mumbai,58083.3,2024-02-27,72733,2525.64,20.5
T505136,C100721,1984-04-01,Female,Delhi,9140.35,2024-12-30,132203,421.61,40.2
T500241,C100149,2004-10-19,Female,Mumbai,31910.38,2024-01-29,73010,7723.22,19.7
T501789,C100028,1973-05-26,Unknown,Hyderabad,51367.71,2024-03-06,225548,6455.98,51.1
T501926,C100588,2003-09-24,Unknown,Kolkata,10922.29,2024-09-20,100928,1647.22,20.8
T503077,C100512,1986-08-19,Male,Unknown,88055.27,2024-12-09,135117,7562.97,37.9
T502603,C100464,1975-12-20,Unknown,Ahmedabad,51367.71,2024-06-03,100720,1038.59,48.5
T500526,C100434,,Unknown,Hyderabad,17342.63,2024-12-08,52551,101.02,40.7
T505996,C100455,,Female,Surat,9423.4,2024-09-04,175357,1956.54,40.7
T503812,C100553,2001-07-01,Female,Surat,71513.73,2024-04-04,52357,3865.61,23.0
T505353,C100258,2000-05-26,Male,Unknown,16944.13,2024-11-26,92804,1822.48,24.1
T505917,C100755,1975-07-15,Female,Hyderabad,52253.95,2024-02-03,134743,3069.92,49.0
T502960,C100414,2002-02-15,Female,Pune,61143.12,2024-12-11,232721,932.29,22.4
T502252,C100057,1998-12-21,Male,Hyderabad,108663.77,2024-11-28,164855,4844.88,25.5
T505359,C100637,1989-04-09,Female,Pune,52253.95,2024-04-08,75811,755.91,35.2
T505553,C100560,,Female,Jaipur,25797.87,2024-10-02,205723,4839.68,40.7
T502136,C100609,,Male,Mumbai,18375.7,2024-07-22,130524,824.5,40.7
T504502,C100244,1983-09-24,Female,Delhi,52253.95,2024-03-24,2446,836.39,40.8
T500429,C100364,2001-10-09,Unknown,Delhi,32532.99,2024-01-17,33339,2057.3999999999996,22.7
T502066,C100731,1992-02-17,Male,Hyderabad,47693.35,2024-07-21,15849,6452.99,32.4
T502325,C100771,,Female,Kolkata,9840.47,2024-02-24,180656,97.98,40.7
T501928,C100134,1959-04-17,Male,Hyderabad,12808.18,2024-02-12,43906,164.92,65.2
T503029,C100431,,Male,Surat,10914.09,2024-06-20,21940,885.42,40.7
T503335,C100202,1976-09-08,Female,Surat,57912.5,2024-09-16,32459,3622.71,47.8
T502807,C100275,1965-05-04,Female,Bangalore,175954.66,2024-12-23,191450,4963.03,59.2
T505118,C100299,2003-07-15,Male,Jaipur,47693.35,2024-06-05,154213,228.6,21.0
T501478,C100014,1995-01-22,Male,Lucknow,72097.18,2024-12-28,213552,4298.24,29.4
T500338,C100019,,Unknown,Bengaluru,102437.46,2024-09-02,45306,3719.45,40.7
T502074,C100750,1976-09-20,Male,Mumbai,140121.33,2024-09-21,12108,2026.11,47.8
T502011,C100775,1994-07-25,Female,Surat,45130.4,2024-05-06,193538,433.37,29.9
T502674,C100680,1964-12-27,Male,Chennai,83125.23,2024-07-15,34412,11268.05,59.5
T500253,C100285,1991-08-17,Female,Pune,63464.25,2024-07-03,65622,1756.5,32.9
T503221,C100470,1997-02-05,Female,Nagpur,155474.78,2024-02-27,151216,20634.53,27.4
T500320,C100616,1998-12-12,Male,Lucknow,68502.33,2024-01-15,124828,873.59,25.5
T502048,C100612,1987-09-22,Unknown,Jaipur,378740.24,2024-07-12,41815,10857.44,36.8
T504012,C100280,1996-06-03,Male,Kolkata,61078.77,2024-05-18,112052,4656.01,28.1
T500946,C100136,2002-08-17,Unknown,Ahmedabad,51367.71,2024-07-16,181525,1524.29,21.9
T505470,C100542,1995-07-05,Male,Pune,27050.64,2024-06-13,104527,1048.3,29.0
T502455,C100788,1965-10-17,Male,Bengaluru,40994.26,2024-12-01,122011,2057.3999999999996,58.7
T501084,C100519,1980-10-12,Male,Kolkata,103786.19,2024-09-03,41512,7978.15,43.7
T503939,C100038,2001-08-16,Male,Kolkata,38387.92,2024-11-25,144520,824.44,22.9
T505812,C100542,1995-07-05,Male,Pune,27050.64,2024-03-19,5438,660.91,29.0
T501191,C100657,1974-08-02,Male,Ahmedabad,71006.14,2024-03-16,181247,2222.61,49.9
T500620,C100181,,Male,Pune,46982.71,2024-12-04,181941,1069.05,40.7
T500750,C100664,1987-01-09,Unknown,Mumbai,99475.96,2024-08-29,122633,1895.77,37.5
T502993,C100532,2004-08-12,Male,Ahmedabad,47693.35,2024-12-12,181640,1861.4,19.9
T504244,C100663,1961-03-24,Male,Unknown,600713.48,2024-02-22,132402,74886.0,63.3
T502803,C100517,2001-06-26,Male,Jaipur,53788.28,2024-06-02,170314,21023.6,23.0
T501797,C100150,2001-08-10,Female,Kolkata,80031.58,2024-04-27,131512,2562.73,22.9
T501864,C100728,1988-08-09,Female,Delhi,6027.16,2024-01-06,50712,354.27,35.9
T503714,C100145,,Unknown,Mumbai,51367.71,2024-08-17,212336,4762.89,40.7
T502295,C100214,1998-06-09,Female,Lucknow,68205.42,2024-10-24,233716,755.94,26.1
T503863,C100621,2001-07-16,Female,Hyderabad,58120.95,2024-05-26,81413,1409.85,23.0
T501777,C100214,1998-06-09,Female,Lucknow,68205.42,2024-10-22,202610,2024.61,26.1
T500577,C100127,1957-03-24,Male,Jaipur,47693.35,2024-11-12,93638,161.15,67.3
T505390,C100578,1972-02-22,Male,Hyderabad,68047.49,2024-08-23,114720,4304.78,52.4
T501667,C100649,1959-08-03,Unknown,Delhi,342978.92,2024-03-17,111310,10710.37,64.9
T501395,C100480,1993-09-08,Female,Mumbai,37940.98,2024-10-07,11747,611.8,30.8
T505924,C100568,,Unknown,Jaipur,51367.71,2024-04-24,92210,1872.72,40.7
T502183,C100523,2003-02-03,Male,Bangalore,11576.66,2024-08-04,12127,1227.96,21.4
T502754,C100628,1990-09-03,Male,Pune,109284.74,2024-05-07,60059,835.68,33.8
T501805,C100318,1976-04-19,Unknown,Jaipur,171947.48,2024-11-18,210808,5030.93,48.2
T502854,C100514,1975-12-04,Unknown,Kolkata,51367.71,2024-08-14,60716,344.64,48.6
T505355,C100692,1971-01-16,Male,Surat,47693.35,2024-06-08,65038,14003.05,53.5
T500270,C100423,2004-10-23,Male,Chennai,138103.22,2024-04-09,220312,15730.26,19.7
T500170,C100006,1990-02-05,Female,Bangalore,40563.16,2024-07-08,233642,1337.34,34.4
T502041,C100697,1969-10-22,Male,Mumbai,47693.35,2024-12-09,51716,3723.89,54.7
T500344,C100325,1983-11-25,Male,Jaipur,47693.35,2024-09-29,82909,475.29,40.6
T501233,C100735,1971-11-02,Unknown,Hyderabad,55080.47,2024-06-09,32448,3780.6,52.7
T501815,C100343,1992-02-11,Female,Mumbai,60102.72,2024-12-27,60321,1651.33,32.4
T503886,C100794,1959-07-15,Female,Pune,32969.19,2024-03-13,150316,1522.08,65.0
T505816,C100501,,Female,Delhi,98637.64,2024-05-04,175946,1162.44,40.7
T504599,C100106,,Male,Delhi,60836.59,2024-06-04,151005,5972.78,40.7
T505593,C100717,1983-04-25,Female,Mumbai,52253.95,2024-07-19,231228,2481.32,41.2
T502722,C100622,1963-08-04,Male,Pune,114620.95,2024-05-13,25659,5492.05,60.9
T505322,C100510,2000-08-03,Female,Ahmedabad,235563.0,2024-12-08,182908,2387.97,23.9
T505865,C100352,1998-02-03,Female,Delhi,52253.95,2024-04-16,41922,6817.72,26.4
T504678,C100470,1997-02-05,Female,Nagpur,155474.78,2024-05-12,34911,5302.83,27.4
T501496,C100308,1993-09-07,Male,Ahmedabad,11206.16,2024-07-24,75719,206.73,30.8
T504595,C100512,1986-08-19,Male,Unknown,88055.27,2024-07-11,24519,19072.65,37.9
T501275,C100001,1976-03-03,Unknown,Ahmedabad,43869.35,2024-01-15,215716,7304.69,48.3
T501309,C100639,1969-08-08,Female,Mumbai,7888.88,2024-04-24,70916,606.41,54.9
T501786,C100631,1970-03-15,Male,Delhi,47693.35,2024-08-28,164706,2262.13,54.3
T503118,C100260,1982-07-05,Male,Mumbai,47216.74,2024-11-02,25456,2343.68,42.0
T504284,C100319,1956-01-12,Female,Mumbai,418468.01,2024-01-08,92149,5497.8,68.5
T502949,C100278,1989-05-16,Male,Bangalore,113740.31,2024-10-10,55926,6454.24,35.1
T505985,C100504,1999-12-20,Male,Jaipur,97634.59,2024-04-07,205219,559.92,24.5
T501890,C100011,1966-02-23,Male,Unknown,15559.6,2024-05-09,3246,2738.88,58.3
T500677,C100369,1981-10-27,Male,Bangalore,26549.63,2024-06-01,224514,292.74,42.7
T504626,C100026,1980-06-13,Female,Bangalore,42425.02,2024-01-29,173956,4419.45,44.0
T502170,C100038,2001-08-16,Male,Kolkata,38387.92,2024-03-14,145320,1217.42,22.9
T503858,C100758,1995-09-16,Female,Pune,8457.46,2024-04-16,183124,5408.71,28.8
T502301,C100454,2003-04-10,Female,Nagpur,18847.61,2024-02-17,33405,762.68,21.2
T503708,C100333,1986-03-18,Female,Lucknow,52253.95,2024-03-10,185905,9850.46,38.3
T504594,C100715,1966-07-01,Male,Ahmedabad,5484.47,2024-07-02,35740,772.94,58.0
T502733,C100523,2003-02-03,Male,Bangalore,11576.66,2024-02-07,92145,1052.56,21.4
T503792,C100176,2003-08-03,Male,Jaipur,26967.93,2024-02-07,81454,5327.71,20.9
T503712,C100439,1967-03-08,Female,Bangalore,48286.94,2024-01-05,131718,3006.25,57.3
T503532,C100297,,Female,Hyderabad,7611.24,2024-10-14,62424,1081.26,40.7
T500295,C100350,1984-05-06,Male,Bengaluru,47693.35,2024-04-02,222639,6330.86,40.2
T501070,C100288,1992-09-08,Unknown,Ahmedabad,35907.23,2024-04-06,190155,2057.3999999999996,31.8
T500053,C100693,1988-10-11,Female,Jaipur,247886.54,2024-05-19,50859,2585.01,35.7
T505736,C100331,1984-04-09,Male,Delhi,139917.52,2024-05-27,104153,11796.87,40.2
T503400,C100753,1958-12-05,Male,Ahmedabad,47693.35,2024-01-05,95147,10631.8,65.6
T503715,C100322,1957-04-22,Female,Delhi,12582.93,2024-04-07,23958,491.84,67.2
T505537,C100625,1969-02-04,Male,Lucknow,21865.24,2024-03-26,231030,1083.83,55.4
T504299,C100767,,Female,Unknown,70068.58,2024-02-23,12250,7892.6,40.7
T505493,C100311,1973-01-02,Female,Hyderabad,63960.0,2024-06-27,23351,2315.52,51.5
T503342,C100302,1974-11-07,Female,Pune,45783.91,2024-01-28,20107,1478.14,49.6
T502006,C100258,2000-05-26,Male,Unknown,16944.13,2024-05-14,175313,1590.34,24.1
T500365,C100136,2002-08-17,Unknown,Ahmedabad,51367.71,2024-05-22,131020,3750.99,21.9
T505498,C100392,1981-08-02,Female,Bangalore,52253.95,2024-02-22,125526,1014.89,42.9
T500102,C100594,1990-02-24,Male,Hyderabad,73506.23,2024-06-07,30007,2979.76,34.3
T505512,C100593,,Male,Ahmedabad,77632.67,2024-12-03,195251,3813.63,40.7
T502792,C100338,1977-03-17,Male,Chennai,34108.53,2024-10-29,180857,2057.3999999999996,47.3
T504213,C100413,1975-06-17,Male,Chennai,47693.35,2024-03-28,160208,2783.2,49.0
T502795,C100443,2004-05-13,Female,Nagpur,102909.31,2024-11-09,175800,3182.8,20.1
T504370,C100102,1981-07-14,Male,Kolkata,15311.0,2024-02-21,41306,310.06,43.0
T502731,C100571,1961-01-15,Male,Jaipur,15548.64,2024-05-20,101254,1208.71,63.5
T505923,C100775,1994-07-25,Female,Surat,45130.4,2024-03-25,83636,2612.31,29.9
T500857,C100663,1961-03-24,Male,Unknown,600713.48,2024-04-25,195638,2597.47,63.3
T503890,C100429,1992-05-17,Female,Delhi,40293.13,2024-02-04,175730,2057.3999999999996,32.1
T503005,C100572,1969-12-09,Female,Mumbai,8282.21,2024-08-18,5353,330.66,54.6
T504258,C100036,1957-08-04,Unknown,Lucknow,119884.19,2024-05-04,195506,2057.3999999999996,66.9
T501487,C100013,1995-03-19,Unknown,Mumbai,11833.88,2024-07-23,54723,161.27,29.3
T504285,C100356,,Male,Mumbai,62027.26,2024-06-13,14204,1813.1,40.7
T505057,C100558,1958-07-13,Female,Hyderabad,43904.78,2024-03-27,123341,1958.41,66.0
T500374,C100730,1987-07-18,Female,Unknown,25757.03,2024-06-09,130514,180.52,37.0
T501213,C100267,1964-03-24,Female,Bengaluru,100432.83,2024-11-09,150017,998.97,60.3
T500544,C100749,,Male,Mumbai,372624.79,2024-07-07,600,2311.04,40.7
T501351,C100638,1986-09-15,Female,Chennai,39836.78,2024-02-06,234953,3445.52,37.8
T500291,C100657,1974-08-02,Male,Ahmedabad,71006.14,2024-03-29,141715,2636.28,49.9
T504525,C100182,1997-04-19,Female,Chennai,52253.95,2024-07-05,75323,2057.3999999999996,27.2
T503688,C100015,1994-04-22,Male,Mumbai,47693.35,2024-02-07,180854,1398.12,30.2
T500389,C100645,1981-11-02,Male,Unknown,47693.35,2024-08-05,64628,2463.47,42.7
T502869,C100737,1961-06-03,Female,Delhi,71291.17,2024-04-29,145218,2807.05,63.1
T505393,C100135,1976-12-12,Female,Mumbai,52253.95,2024-05-09,51936,1138.92,47.5
T503835,C100475,,Female,Bengaluru,89827.75,2024-10-02,115116,6647.72,40.7
T501870,C100564,1959-09-18,Female,Ahmedabad,33632.16,2024-06-02,105436,1734.03,64.8
T504546,C100190,1979-11-06,Male,Jaipur,39923.71,2024-03-12,10909,3246.0,44.6
T500247,C100473,1982-04-03,Female,Bengaluru,52253.95,2024-04-14,60719,839.63,42.2
T504126,C100339,1966-04-20,Male,Pune,62182.35,2024-03-21,213518,1742.25,58.2
T503231,C100592,1965-07-19,Male,Surat,57107.77,2024-07-10,104139,8422.03,58.9
T502164,C100611,,Male,Bangalore,47693.35,2024-12-01,121213,4193.25,40.7
T505482,C100563,,Unknown,Delhi,51367.71,2024-01-26,54403,2057.3999999999996,40.7
T501296,C100792,1983-12-13,Male,Bengaluru,147204.05,2024-07-15,195356,1013.07,40.5
T501988,C100697,1969-10-22,Male,Mumbai,47693.35,2024-05-01,155739,2313.69,54.7
T503064,C100790,1994-02-03,Female,Pune,108574.79,2024-10-13,132844,2838.37,30.4
T505577,C100765,1958-11-07,Male,Chennai,22571.43,2024-06-11,13641,437.46,65.6
T500410,C100102,1981-07-14,Male,Kolkata,15311.0,2024-03-06,24517,401.05,43.0
T502005,C100296,1971-12-24,Male,Pune,47693.35,2024-01-26,85316,691.75,52.5
T505514,C100628,1990-09-03,Male,Pune,109284.74,2024-02-16,103734,2451.63,33.8
T501894,C100493,,Female,Ahmedabad,102129.94,2024-04-22,211926,2876.9,40.7
T501184,C100025,1990-02-25,Male,Mumbai,14205.21,2024-07-15,215702,164.93,34.3
T505571,C100622,1963-08-04,Male,Pune,114620.95,2024-06-20,10745,3445.61,60.9
T501898,C100765,1958-11-07,Male,Chennai,22571.43,2024-07-09,221428,247.26,65.6
T500832,C100366,1987-12-10,Female,Surat,9704.44,2024-10-07,10624,270.42,36.6
T502227,C100336,1997-02-27,Male,Nagpur,75339.25,2024-10-22,21247,2055.03,27.3
T501803,C100537,1963-01-27,Female,Chennai,26621.54,2024-06-01,75444,1318.74,61.4
T500690,C100151,1955-05-06,Male,Kolkata,83391.84,2024-02-24,100550,21066.13,69.2
T505062,C100092,2000-06-15,Male,Ahmedabad,47693.35,2024-03-10,182113,3068.03,24.0
T502518,C100573,1976-01-19,Male,Hyderabad,41943.84,2024-05-12,175559,3157.16,48.4
T502752,C100055,2001-01-23,Male,Lucknow,39750.83,2024-10-13,71050,863.55,23.4
T504476,C100474,1985-02-22,Male,Chennai,20972.53,2024-08-01,15908,51.37,39.4
T501512,C100670,1983-10-26,Female,Mumbai,371867.09,2024-12-23,91642,2533.74,40.7
T502216,C100618,1967-10-10,Female,Surat,29639.57,2024-10-09,3654,3509.06,56.7
T503674,C100377,1965-07-07,Male,Bangalore,31307.17,2024-08-20,103650,10547.38,59.0
T505190,C100234,1998-03-15,Female,Chennai,59188.47,2024-01-13,203606,1989.9,26.3
T504158,C100041,1982-06-22,Male,Bangalore,22606.16,2024-11-08,72517,877.44,42.0
T501075,C100112,1984-02-13,Unknown,Chennai,51367.71,2024-05-16,81304,1347.06,40.4
T505974,C100093,1965-10-15,Female,Unknown,157865.54,2024-03-14,170304,5642.07,58.7
T503490,C100020,1982-04-12,Male,Ahmedabad,3015.98,2024-02-23,63728,1574.82,42.2
T505945,C100755,1975-07-15,Female,Hyderabad,52253.95,2024-01-30,143547,971.07,49.0
T502357,C100229,2004-07-25,Female,Chennai,47420.96,2024-12-19,110600,806.69,19.9
T502439,C100070,1994-10-17,Female,Lucknow,29489.38,2024-07-23,32955,2426.14,29.7
T502111,C100338,1977-03-17,Male,Chennai,34108.53,2024-08-22,183730,463.86,47.3
T500769,C100631,1970-03-15,Male,Delhi,47693.35,2024-06-08,50516,2244.53,54.3
T504166,C100651,1989-01-02,Female,Chennai,79050.49,2024-08-15,20228,6494.98,35.5
T504657,C100124,1959-11-13,Male,Unknown,2357.17,2024-10-31,13246,762.59,64.6
T505794,C100629,1993-12-25,Female,Delhi,24299.3,2024-11-16,95732,1828.57,30.5
T502966,C100560,,Female,Jaipur,25797.87,2024-05-08,5613,3891.98,40.7
T502602,C100760,1974-03-14,Female,Mumbai,286147.6,2024-08-07,94747,17791.2,50.3
T501946,C100215,,Male,Jaipur,51679.23,2024-11-04,185930,8410.21,40.7
T505962,C100229,2004-07-25,Female,Chennai,47420.96,2024-02-16,175242,888.72,19.9
T500752,C100603,2000-05-12,Male,Pune,3993.34,2024-07-30,72249,69.65,24.1
T503115,C100479,1980-10-22,Female,Kolkata,98501.77,2024-10-08,23337,3225.91,43.7
T501361,C100345,1983-05-01,Female,Kolkata,12276.92,2024-01-05,14254,1577.27,41.2
T504658,C100126,1992-08-14,Unknown,Jaipur,17927.78,2024-08-04,200512,1101.23,31.9
T502682,C100668,1978-07-21,Female,Bangalore,99681.03,2024-10-09,211251,13909.32,45.9
T501041,C100199,1983-08-12,Male,Mumbai,71799.72,2024-12-24,230922,4670.84,40.9
T503284,C100232,1984-12-23,Unknown,Chennai,41614.26,2024-07-01,164739,2057.3999999999996,39.5
T504948,C100776,1964-01-07,Female,Bangalore,31244.52,2024-09-16,203126,8049.07,60.5
T505811,C100151,1955-05-06,Male,Kolkata,83391.84,2024-02-24,134448,9702.78,69.2
T500363,C100443,2004-05-13,Female,Nagpur,102909.31,2024-12-30,121741,107.46,20.1
T504749,C100427,1973-05-14,Female,Hyderabad,13652.98,2024-02-29,105413,925.95,51.1
T502764,C100553,2001-07-01,Female,Surat,71513.73,2024-05-27,74400,5409.48,23.0
T501135,C100748,1989-07-05,Male,Mumbai,63573.89,2024-07-16,31835,3170.85,35.0
T503212,C100184,1988-07-10,Female,Bangalore,45597.09,2024-06-07,174505,1136.14,36.0
T504777,C100439,1967-03-08,Female,Bangalore,48286.94,2024-04-30,113747,2057.3999999999996,57.3
T503411,C100710,1988-06-06,Male,Lucknow,31418.04,2024-12-29,23631,2557.4,36.1
T501679,C100153,1982-08-04,Female,Lucknow,379373.89,2024-01-11,121412,1130.49,41.9
T500550,C100750,1976-09-20,Male,Mumbai,140121.33,2024-10-08,23249,3589.05,47.8
T503589,C100612,1987-09-22,Unknown,Jaipur,378740.24,2024-02-06,54737,3023.37,36.8
T502356,C100480,1993-09-08,Female,Mumbai,37940.98,2024-11-19,153410,1210.84,30.8
T502797,C100675,1962-04-07,Unknown,Bangalore,91272.97,2024-06-10,4419,2548.39,62.2
T504183,C100591,1975-05-16,Male,Jaipur,31294.72,2024-08-11,221738,1710.58,49.1
T501622,C100515,1997-10-13,Male,Chennai,48437.97,2024-09-17,32342,1398.77,26.7
T504608,C100022,,Female,Delhi,52253.95,2024-01-16,64301,3610.58,40.7
T504956,C100637,1989-04-09,Female,Pune,52253.95,2024-05-08,61058,2057.3999999999996,35.2
T504872,C100195,1999-11-25,Female,Lucknow,52253.95,2024-04-02,30644,1460.39,24.6
T505815,C100620,1967-06-27,Unknown,Chennai,22920.89,2024-06-15,44151,779.68,57.0
T503014,C100016,1956-02-07,Female,Mumbai,21454.12,2024-11-19,115550,598.11,68.4
T504909,C100167,1989-12-06,Female,Bangalore,11248.7,2024-06-27,54052,800.8,34.6
T503120,C100376,1973-05-09,Unknown,Delhi,51367.71,2024-07-26,82830,1121.45,51.1
T500842,C100429,1992-05-17,Female,Delhi,40293.13,2024-06-09,80504,3558.14,32.1
T502495,C100644,1991-12-17,Male,Pune,10681.0,2024-01-05,160854,838.18,32.5
T502068,C100573,1976-01-19,Male,Hyderabad,41943.84,2024-02-11,195104,5185.96,48.4
T504949,C100324,,Male,Ahmedabad,8250.81,2024-07-19,1715,59.54,40.7
T500879,C100648,,Female,Hyderabad,9700.19,2024-08-11,41152,436.78,40.7
T504238,C100210,1956-12-04,Female,Delhi,112806.44,2024-04-08,74355,9438.11,67.6
T504961,C100722,1955-06-15,Male,Delhi,9982.58,2024-07-14,84822,3255.91,69.0
T505558,C100346,1993-08-22,Male,Pune,134207.78,2024-05-18,235740,10531.4,30.9
T504787,C100617,,Female,Jaipur,9784.54,2024-11-25,200814,1354.81,40.7
T500863,C100503,1956-08-12,Female,Pune,146446.03,2024-12-25,51422,23280.22,67.9
T500758,C100331,1984-04-09,Male,Delhi,139917.52,2024-12-16,20757,2048.86,40.2
T503121,C100198,1955-02-04,Male,Jaipur,22189.66,2024-05-20,194512,1443.37,69.4
T504479,C100162,1997-09-24,Male,Delhi,42810.3,2024-07-12,124915,4929.76,26.8
T502402,C100135,1976-12-12,Female,Mumbai,52253.95,2024-10-15,30012,1894.64,47.5
T504693,C100541,,Male,Ahmedabad,186265.55,2024-11-27,53456,2057.3999999999996,40.7
T502059,C100518,1981-02-02,Female,Pune,17929.39,2024-02-29,22509,848.43,43.4
T505539,C100652,1991-12-20,Male,Unknown,58919.28,2024-06-21,173240,5694.71,32.5
T504228,C100521,1962-02-16,Male,Kolkata,56258.99,2024-07-09,190802,1933.08,62.4
T503616,C100119,1962-01-23,Female,Pune,52253.95,2024-10-31,2637,1113.85,62.4
T502577,C100630,,Male,Ahmedabad,47693.35,2024-10-07,75719,658.83,40.7
T501911,C100625,1969-02-04,Male,Lucknow,21865.24,2024-05-19,190327,192.29,55.4
T502645,C100141,1986-10-20,Unknown,Mumbai,160886.94,2024-07-14,155307,4076.82,37.7
T504116,C100050,1981-01-09,Male,Unknown,3008.14,2024-08-27,222955,2202.46,43.5
T505053,C100612,1987-09-22,Unknown,Jaipur,378740.24,2024-12-12,124812,18933.57,36.8
T501753,C100736,1994-08-24,Male,Mumbai,21365.93,2024-11-03,171208,4903.16,29.9
T501159,C100302,1974-11-07,Female,Pune,45783.91,2024-07-27,184146,1958.64,49.6
T500058,C100320,1980-02-27,Male,Lucknow,23034.86,2024-01-10,183636,373.67,44.3
T501326,C100310,1984-08-23,Male,Hyderabad,323760.11,2024-09-02,85038,1260.28,39.9
T505247,C100004,1982-06-13,Male,Lucknow,13136.92,2024-01-06,223128,745.02,42.0
T502294,C100689,2001-09-03,Female,Mumbai,5503.87,2024-10-17,171304,2691.55,22.8
T504262,C100116,1960-09-25,Female,Pune,220401.55,2024-02-03,30454,14205.4,63.8
T505530,C100090,1973-06-11,Male,Pune,17694.21,2024-07-09,183420,758.3,51.1
T501238,C100544,,Unknown,Kolkata,3308.23,2024-12-01,62712,1218.16,40.7
T504904,C100294,1977-04-19,Female,Hyderabad,52253.95,2024-03-06,71139,962.99,47.2
T504240,C100761,1989-02-09,Female,Surat,25607.8,2024-11-18,215422,442.45,35.4
T502398,C100417,1993-03-23,Male,Mumbai,1928.25,2024-06-02,112430,805.06,31.3
T503503,C100605,,Male,Lucknow,79326.66,2024-09-29,124452,1796.33,40.7
T502693,C100396,,Male,Bangalore,8158.99,2024-04-12,151714,654.91,40.7
T505211,C100653,1965-07-06,Female,Ahmedabad,305029.15,2024-04-21,543,4494.19,59.0
T503133,C100591,1975-05-16,Male,Jaipur,31294.72,2024-05-09,154602,1078.36,49.1
T503838,C100606,2004-10-15,Unknown,Kolkata,51367.71,2024-01-11,134343,173.33,19.7
T502529,C100628,1990-09-03,Male,Pune,109284.74,2024-05-03,94955,1067.2,33.8
T505408,C100653,1965-07-06,Female,Ahmedabad,305029.15,2024-02-24,172122,13227.74,59.0
T501477,C100791,1986-10-19,Female,Kolkata,91747.28,2024-01-22,90524,4630.22,37.7
T501513,C100150,2001-08-10,Female,Kolkata,80031.58,2024-02-25,45630,4851.12,22.9
T502196,C100488,1977-03-25,Male,Bangalore,29268.42,2024-03-18,134325,3766.01,47.3
T505461,C100085,1983-10-17,Male,Pune,36223.4,2024-05-24,33332,5384.08,40.7
T503285,C100512,1986-08-19,Male,Unknown,88055.27,2024-08-07,153434,7844.71,37.9
T500355,C100240,2003-12-24,Male,Mumbai,58083.3,2024-04-26,102948,3124.59,20.5
T503068,C100012,1993-10-12,Female,Unknown,50102.02,2024-06-21,162500,1037.81,30.7
T504097,C100795,1986-10-21,Female,Pune,43684.44,2024-10-21,140740,527.17,37.7
T501068,C100328,1993-09-23,Female,Mumbai,138849.89,2024-02-22,172251,17603.58,30.8
T503413,C100396,,Male,Bangalore,8158.99,2024-12-30,205249,1408.12,40.7
T502195,C100214,1998-06-09,Female,Lucknow,68205.42,2024-10-05,162257,532.11,26.1
T505011,C100272,,Female,Pune,10046.68,2024-09-18,202418,1602.51,40.7
T500076,C100231,1991-01-13,Female,Delhi,66484.0,2024-09-24,220725,1160.84,33.5
T500516,C100513,1992-02-06,Female,Bengaluru,14786.27,2024-11-14,70348,3744.13,32.4
T505227,C100389,1975-07-12,Female,Kolkata,52253.95,2024-03-02,190217,11661.27,49.0
T503289,C100224,1990-02-18,Male,Surat,29503.15,2024-02-15,233605,127.8,34.4
T501799,C100487,1993-04-18,Male,Delhi,5364.64,2024-09-06,75308,398.09,31.2
T504933,C100334,1992-05-05,Unknown,Kolkata,92365.78,2024-10-07,82804,4497.19,32.2
T503782,C100679,,Male,Kolkata,39458.8,2024-09-17,40932,542.07,40.7
T501126,C100328,1993-09-23,Female,Mumbai,138849.89,2024-07-01,55415,3478.36,30.8
T505384,C100126,1992-08-14,Unknown,Jaipur,17927.78,2024-12-12,72241,2531.74,31.9
T502500,C100395,2001-02-20,Female,Kolkata,30084.28,2024-11-02,132935,1720.44,23.4
T504159,C100318,1976-04-19,Unknown,Jaipur,171947.48,2024-05-24,202542,10821.12,48.2
T505280,C100431,,Male,Surat,10914.09,2024-09-12,205530,1192.72,40.7
T505964,C100110,2004-06-04,Unknown,Chennai,188084.65,2024-04-17,65150,1776.48,20.1
T505988,C100322,1957-04-22,Female,Delhi,12582.93,2024-02-19,44312,659.25,67.2
T500192,C100792,1983-12-13,Male,Bengaluru,147204.05,2024-09-05,61507,1888.49,40.5
T503795,C100643,,Female,Mumbai,10735.73,2024-08-22,122144,1256.52,40.7
T504446,C100166,1986-04-06,Male,Nagpur,8813.64,2024-05-17,22203,99.49,38.2
T504147,C100201,1995-06-05,Female,Surat,52253.95,2024-07-18,140113,792.74,29.1
T503464,C100145,,Unknown,Mumbai,51367.71,2024-08-14,211922,654.47,40.7
T501038,C100026,1980-06-13,Female,Bangalore,42425.02,2024-07-04,52707,2821.23,44.0
T502178,C100574,1985-10-03,Male,Mumbai,11779.17,2024-05-15,61835,936.49,38.7
T501959,C100237,,Male,Pune,47693.35,2024-10-13,41118,1641.19,40.7
T502995,C100331,1984-04-09,Male,Delhi,139917.52,2024-11-05,215128,1755.96,40.2
T505620,C100709,2001-12-15,Female,Nagpur,253403.83,2024-11-13,3745,7640.17,22.5
T505602,C100342,1969-06-07,Male,Surat,9262.22,2024-03-02,155621,1942.43,55.1
T502681,C100387,1977-02-16,Male,Kolkata,20501.21,2024-08-21,143037,28137.1,47.4
T505079,C100297,,Female,Hyderabad,7611.24,2024-03-22,133213,450.7,40.7
T501303,C100668,1978-07-21,Female,Bangalore,99681.03,2024-09-26,221334,591.93,45.9
T500626,C100389,1975-07-12,Female,Kolkata,52253.95,2024-04-14,192438,2022.51,49.0
T503805,C100491,1974-05-21,Female,Pune,8845.0,2024-09-03,142544,702.23,50.1
T501173,C100054,,Female,Ahmedabad,2705.17,2024-11-24,182433,592.97,40.7
T501432,C100222,1969-03-14,Female,Lucknow,77445.15,2024-01-05,121000,2454.05,55.3
T501099,C100250,1964-10-04,Female,Ahmedabad,12840.3,2024-01-19,24309,512.21,59.7
T505574,C100632,1999-08-02,Female,Chennai,70747.64,2024-04-11,11443,2335.82,24.9
T501908,C100461,1963-03-16,Female,Lucknow,2646.37,2024-03-22,185224,539.89,61.3
T505259,C100041,1982-06-22,Male,Bangalore,22606.16,2024-02-19,101531,4274.17,42.0
T505434,C100717,1983-04-25,Female,Mumbai,52253.95,2024-10-13,43323,3415.88,41.2
T505323,C100112,1984-02-13,Unknown,Chennai,51367.71,2024-05-28,172042,1428.94,40.4
T505299,C100015,1994-04-22,Male,Mumbai,47693.35,2024-08-29,193530,5352.7,30.2
T504024,C100423,2004-10-23,Male,Chennai,138103.22,2024-11-17,134953,1135.4,19.7
T501405,C100535,1981-02-12,Female,Chennai,10577.18,2024-09-23,63538,2309.01,43.4
T501910,C100044,1962-08-19,Male,Hyderabad,43950.32,2024-09-08,11148,6903.03,61.9
T502198,C100439,1967-03-08,Female,Bangalore,48286.94,2024-01-04,184000,6188.75,57.3
T505472,C100205,1967-04-14,Female,Pune,35559.48,2024-05-23,85034,1121.37,57.2
T500835,C100423,2004-10-23,Male,Chennai,138103.22,2024-05-21,90417,3103.91,19.7
T502813,C100747,1969-08-14,Female,Mumbai,52638.76,2024-06-01,212924,322.48,54.9
T500309,C100138,1972-07-16,Female,Bengaluru,13258.49,2024-02-18,170618,1050.27,52.0
T501412,C100172,1991-12-18,Unknown,Lucknow,180835.83,2024-11-14,172817,95.68,32.5
T500775,C100592,1965-07-19,Male,Surat,57107.77,2024-01-02,12540,382.92,58.9
T500484,C100569,1967-08-06,Unknown,Kolkata,51367.71,2024-05-25,235752,2278.58,56.9
T505683,C100572,1969-12-09,Female,Mumbai,8282.21,2024-10-03,22034,151.51,54.6
T500367,C100142,1997-07-20,Female,Jaipur,52253.95,2024-04-12,2637,4834.27,26.9
T500570,C100452,1966-10-27,Female,Mumbai,33276.34,2024-12-21,123103,1231.83,57.7
T505928,C100791,1986-10-19,Female,Kolkata,91747.28,2024-07-29,35924,4593.04,37.7
T500649,C100434,,Unknown,Hyderabad,17342.63,2024-01-15,133044,783.43,40.7
T500040,C100450,1992-01-17,Female,Delhi,111417.27,2024-11-08,211036,7185.6,32.5
T503515,C100485,1998-11-08,Female,Bengaluru,2026.6,2024-05-16,82859,618.0,25.6
T500441,C100699,2003-11-15,Female,Kolkata,20709.46,2024-01-27,164328,3120.87,20.6
T501593,C100736,1994-08-24,Male,Mumbai,21365.93,2024-03-07,15624,1138.25,29.9
T502263,C100303,1973-05-06,Male,Bangalore,16218.38,2024-04-17,124243,492.23,51.2
T500896,C100750,1976-09-20,Male,Mumbai,140121.33,2024-04-06,165944,395.61,47.8
T501071,C100081,1987-07-26,Male,Lucknow,8629.03,2024-04-18,42932,624.4,36.9
T501541,C100108,1974-12-26,Male,Jaipur,53397.38,2024-06-06,164401,1113.12,49.5
T501404,C100690,,Male,Bangalore,120392.94,2024-01-20,200249,2954.17,40.7
T500351,C100246,1992-12-11,Male,Delhi,459949.04,2024-04-10,81608,2972.39,31.6
T503562,C100564,1959-09-18,Female,Ahmedabad,33632.16,2024-03-23,35436,8635.91,64.8
T505447,C100196,1965-08-17,Female,Hyderabad,24873.57,2024-05-28,204610,838.33,58.9
T505476,C100105,1995-10-18,Female,Lucknow,21507.37,2024-12-20,73034,8088.62,28.7
T505930,C100249,1980-02-06,Female,Bangalore,10242.73,2024-09-23,95625,449.05,44.4
T501269,C100210,1956-12-04,Female,Delhi,112806.44,2024-09-05,214850,8718.73,67.6
T504236,C100052,,Female,Mumbai,54071.44,2024-01-01,42003,605.05,40.7
T500945,C100438,,Female,Bengaluru,52253.95,2024-04-16,125522,829.18,40.7
T501689,C100381,2000-06-26,Female,Ahmedabad,34569.41,2024-01-22,100311,220.35,24.0
T505207,C100565,2004-09-19,Female,Bangalore,67225.87,2024-05-18,235903,22387.07,19.8
T500072,C100782,1960-01-16,Female,Hyderabad,34036.97,2024-08-05,150027,1668.43,64.5
T504934,C100763,1994-09-10,Male,Mumbai,47693.35,2024-11-06,2801,3489.4,29.8
T505147,C100705,1964-12-03,Female,Bengaluru,92850.2,2024-09-05,145031,4116.62,59.6
T504401,C100525,1969-05-10,Female,Chennai,212533.64,2024-12-14,21459,12040.08,55.1
T500994,C100215,,Male,Jaipur,51679.23,2024-04-30,30120,3670.86,40.7
T500762,C100057,1998-12-21,Male,Hyderabad,108663.77,2024-04-07,213338,2057.3999999999996,25.5
T504186,C100143,1981-07-23,Male,Pune,241385.44,2024-10-01,61008,8551.82,42.9
T502137,C100668,1978-07-21,Female,Bangalore,99681.03,2024-08-20,3153,13726.45,45.9
T502835,C100293,1989-05-13,Male,Bangalore,10023.2,2024-12-12,134825,56.23,35.1
T500173,C100240,2003-12-24,Male,Mumbai,58083.3,2024-10-18,125925,272883.0199999997,20.5
T502065,C100143,1981-07-23,Male,Pune,241385.44,2024-03-17,162744,2553.07,42.9
T502856,C100686,,Female,Delhi,52253.95,2024-01-17,185539,533.25,40.7
T501734,C100253,1978-03-27,Male,Bangalore,107511.5,2024-02-24,194051,8386.02,46.3
T505543,C100457,1991-11-23,Male,Hyderabad,46885.9,2024-03-19,192755,2207.86,32.6
T503736,C100487,1993-04-18,Male,Delhi,5364.64,2024-03-11,91143,1395.34,31.2
T505518,C100680,1964-12-27,Male,Chennai,83125.23,2024-01-02,175202,6054.88,59.5
T502852,C100146,1976-10-20,Male,Mumbai,113306.25,2024-03-24,140043,2626.07,47.7
T502511,C100137,,Female,Hyderabad,35410.51,2024-01-11,31749,728.89,40.7
T502958,C100720,,Male,Lucknow,53994.49,2024-07-30,20606,2767.36,40.7
T503187,C100529,1991-11-11,Female,Bengaluru,104328.62,2024-07-09,72731,2057.3999999999996,32.6
T503175,C100325,1983-11-25,Male,Jaipur,47693.35,2024-11-24,164807,1324.89,40.6
T501780,C100287,,Female,Unknown,2589.86,2024-02-03,91657,106.69,40.7
T502351,C100715,1966-07-01,Male,Ahmedabad,5484.47,2024-11-23,24335,150.6,58.0
T501775,C100605,,Male,Lucknow,79326.66,2024-09-17,151925,2736.35,40.7
T501534,C100619,1979-10-27,Female,Jaipur,618590.11,2024-08-29,92805,1652.29,44.7
T500838,C100784,1976-08-21,Male,Pune,83499.01,2024-05-17,43226,550.19,47.9
T503105,C100610,1976-06-03,Male,Unknown,125370.42,2024-08-24,71905,779.26,48.1
T503765,C100026,1980-06-13,Female,Bangalore,42425.02,2024-12-17,75630,2840.97,44.0
T503334,C100106,,Male,Delhi,60836.59,2024-08-19,152928,4501.44,40.7
T504681,C100157,1964-04-06,Male,Pune,47693.35,2024-06-27,103653,528.55,60.2
T500864,C100368,1991-10-16,Female,Jaipur,144315.15,2024-10-08,142211,1307.77,32.7
T505674,C100651,1989-01-02,Female,Chennai,79050.49,2024-06-03,191520,5393.34,35.5
T504023,C100011,1966-02-23,Male,Unknown,15559.6,2024-07-31,173606,5999.61,58.3
T500116,C100246,1992-12-11,Male,Delhi,459949.04,2024-06-18,83743,13584.86,31.6
T504764,C100513,1992-02-06,Female,Bengaluru,14786.27,2024-12-19,74856,4243.1,32.4
T503676,C100249,1980-02-06,Female,Bangalore,10242.73,2024-11-22,43324,1347.48,44.4
T501903,C100605,,Male,Lucknow,79326.66,2024-12-06,85631,3279.85,40.7
T500298,C100115,1993-02-11,Male,Kolkata,11109.49,2024-10-26,203122,1613.16,31.4
T500371,C100416,1988-10-20,Male,Jaipur,77721.72,2024-12-09,23856,649.73,35.7
T501899,C100427,1973-05-14,Female,Hyderabad,13652.98,2024-09-04,54950,367.07,51.1
T501293,C100181,,Male,Pune,46982.71,2024-05-15,104759,3759.29,40.7
T500266,C100208,,Female,Bangalore,16479.19,2024-06-16,213132,1896.93,40.7
T500160,C100425,1986-04-10,Unknown,Mumbai,59725.38,2024-06-25,74758,801.6,38.2
T501784,C100310,1984-08-23,Male,Hyderabad,323760.11,2024-08-26,30357,3860.88,39.9
T505010,C100349,,Female,Pune,397135.49,2024-10-11,220146,435.92,40.7
T505583,C100753,1958-12-05,Male,Ahmedabad,47693.35,2024-11-16,62314,3444.79,65.6
T501029,C100116,1960-09-25,Female,Pune,220401.55,2024-10-09,190950,12263.82,63.8
T500519,C100626,1988-04-25,Male,Surat,47693.35,2024-08-27,111942,327.04,36.2
T504009,C100093,1965-10-15,Female,Unknown,157865.54,2024-03-17,175815,2824.23,58.7
T502446,C100761,1989-02-09,Female,Surat,25607.8,2024-05-22,173835,1749.12,35.4
T503114,C100139,1990-08-09,Male,Jaipur,34813.1,2024-04-01,130734,536.62,33.9
T504086,C100432,,Female,Jaipur,52253.95,2024-07-30,74652,887.92,40.7
T501914,C100079,2004-07-20,Male,Delhi,80811.92,2024-04-08,44811,5464.4,19.9
T504206,C100794,1959-07-15,Female,Pune,32969.19,2024-08-02,214850,2303.33,65.0
T505967,C100159,1997-08-16,Male,Unknown,37413.5,2024-09-26,185525,5912.32,26.9
T503078,C100280,1996-06-03,Male,Kolkata,61078.77,2024-06-30,14956,2674.51,28.1
T501609,C100653,1965-07-06,Female,Ahmedabad,305029.15,2024-05-09,171441,11468.83,59.0
T505854,C100390,,Female,Delhi,5005.43,2024-05-31,200556,531.58,40.7
T502923,C100291,1975-08-14,Female,Pune,52253.95,2024-02-22,125146,1015.38,48.9
T504887,C100149,2004-10-19,Female,Mumbai,31910.38,2024-06-21,201740,2801.47,19.7
T500395,C100185,1990-08-13,Female,Kolkata,119141.06,2024-07-26,30814,3379.64,33.9
T500094,C100292,,Female,Mumbai,9547.79,2024-04-23,224855,806.64,40.7
T505984,C100435,1982-06-13,Unknown,Delhi,58275.09,2024-01-23,64025,980.11,42.0
T504788,C100773,1982-04-10,Unknown,Kolkata,51367.71,2024-05-11,164009,8054.32,42.2
T501785,C100330,1996-01-03,Male,Mumbai,8776.03,2024-07-18,165349,415.59,28.5
T501983,C100237,,Male,Pune,47693.35,2024-09-27,200427,6551.07,40.7
T501936,C100681,1967-05-15,Female,Lucknow,239151.47,2024-12-04,32040,2057.3999999999996,57.1
T503364,C100247,1986-05-17,Female,Unknown,60362.87,2024-01-18,35024,506.81,38.1
T500901,C100229,2004-07-25,Female,Chennai,47420.96,2024-07-29,20002,2427.1,19.9
T504105,C100075,2001-02-25,Female,Hyderabad,13759.87,2024-04-13,14246,530.3,23.3
T501033,C100602,1960-01-10,Female,Hyderabad,6182.2,2024-08-03,2343,252.13,64.5
T504598,C100310,1984-08-23,Male,Hyderabad,323760.11,2024-11-08,185616,12435.58,39.9
T505830,C100545,1965-11-14,Female,Mumbai,76933.29,2024-10-17,183655,6522.99,58.6
T505796,C100125,1962-08-01,Male,Mumbai,17605.36,2024-02-16,3336,780.51,61.9
T504414,C100139,1990-08-09,Male,Jaipur,34813.1,2024-06-26,165752,2091.72,33.9
T500604,C100547,,Female,Delhi,49530.12,2024-08-27,213549,6327.44,40.7
T504630,C100760,1974-03-14,Female,Mumbai,286147.6,2024-06-11,125011,24645.0,50.3
T505236,C100396,,Male,Bangalore,8158.99,2024-11-17,60617,794.53,40.7
T502804,C100032,1977-10-16,Female,Kolkata,27810.1,2024-01-16,214757,1963.27,46.7
T501431,C100083,,Female,Hyderabad,7606.81,2024-06-17,20428,2007.28,40.7
T505943,C100195,1999-11-25,Female,Lucknow,52253.95,2024-06-13,85027,2115.77,24.6
T505196,C100681,1967-05-15,Female,Lucknow,239151.47,2024-03-08,181932,2454.83,57.1
T503650,C100632,1999-08-02,Female,Chennai,70747.64,2024-05-15,164929,664.98,24.9
T504331,C100048,2003-04-06,Male,Chennai,13288.01,2024-05-01,111040,1142.07,21.2
T504298,C100026,1980-06-13,Female,Bangalore,42425.02,2024-08-07,214736,773.2,44.0
T500112,C100096,1961-08-20,Male,Lucknow,76980.73,2024-07-26,163349,4685.82,62.9
T502365,C100131,2002-07-19,Female,Hyderabad,114687.04,2024-09-17,125652,6478.82,21.9
T501321,C100028,1973-05-26,Unknown,Hyderabad,51367.71,2024-08-31,92937,2889.88,51.1
T504522,C100796,1985-01-13,Female,Chennai,22196.84,2024-06-27,82505,552.77,39.5
T502576,C100065,2001-02-18,Male,Delhi,55990.05,2024-06-22,3546,2960.32,23.4
T500947,C100534,1980-09-21,Female,Mumbai,52253.95,2024-04-29,34950,1797.13,43.8
T505285,C100058,1976-02-26,Male,Surat,47693.35,2024-12-13,213507,2378.25,48.3
T501587,C100210,1956-12-04,Female,Delhi,112806.44,2024-03-03,171228,7767.81,67.6
T505426,C100352,1998-02-03,Female,Delhi,52253.95,2024-02-10,1206,329.1,26.4
T501177,C100094,1981-03-20,Female,Bangalore,50521.45,2024-05-27,140259,1090.09,43.3
T502641,C100211,1976-08-07,Unknown,Ahmedabad,98676.94,2024-10-29,90259,5148.19,47.9
T504708,C100428,1981-03-17,Male,Pune,163084.05,2024-12-12,2203,3562.12,43.3
T502592,C100486,1993-04-07,Female,Pune,3302.51,2024-05-15,45944,647.41,31.2
T500630,C100441,1973-01-26,Male,Lucknow,109974.75,2024-07-09,161715,5575.86,51.4
T504684,C100766,2004-12-11,Female,Hyderabad,73693.65,2024-03-05,124701,1020.27,19.6
T504808,C100795,1986-10-21,Female,Pune,43684.44,2024-05-18,201753,933.18,37.7
T503260,C100564,1959-09-18,Female,Ahmedabad,33632.16,2024-01-13,40459,1226.1,64.8
T504673,C100144,1996-01-03,Female,Chennai,63913.1,2024-12-05,175820,8037.54,28.5
T500333,C100730,1987-07-18,Female,Unknown,25757.03,2024-06-12,154053,1331.58,37.0
T503432,C100618,1967-10-10,Female,Surat,29639.57,2024-05-14,224438,1863.82,56.7
T503591,C100032,1977-10-16,Female,Kolkata,27810.1,2024-06-29,70937,10399.04,46.7
T503477,C100390,,Female,Delhi,5005.43,2024-02-02,140507,742.69,40.7
T502683,C100493,,Female,Ahmedabad,102129.94,2024-09-11,135337,3434.77,40.7
T503380,C100734,1985-06-24,Female,Pune,29158.72,2024-09-30,34106,1872.38,39.0
T501614,C100742,,Unknown,Mumbai,4402.93,2024-02-22,233234,1404.64,40.7
T505892,C100666,2004-11-20,Female,Mumbai,52253.95,2024-02-08,74604,2085.36,19.6
T504544,C100255,1959-07-12,Female,Pune,52253.95,2024-09-22,145536,3634.47,65.0
T502156,C100051,1976-02-21,Male,Pune,169367.84,2024-06-10,20950,5443.41,48.4
T504744,C100477,1992-08-08,Male,Ahmedabad,72921.71,2024-01-25,221459,3879.59,31.9
T504411,C100750,1976-09-20,Male,Mumbai,140121.33,2024-01-24,44259,5006.97,47.8
T503932,C100687,1961-01-23,Female,Jaipur,52253.95,2024-02-25,113733,141.12,63.4
T501742,C100601,1967-01-26,Male,Bengaluru,5370.73,2024-05-14,23438,1714.3,57.4
T504985,C100385,1986-09-04,Female,Pune,31830.7,2024-03-30,22722,4765.14,37.8
T504619,C100033,,Female,Chennai,54600.09,2024-09-08,192427,5073.83,40.7
T503360,C100033,,Female,Chennai,54600.09,2024-02-03,153451,1423.36,40.7
T501877,C100514,1975-12-04,Unknown,Kolkata,51367.71,2024-11-05,122410,36011.0,48.6
T500384,C100301,1990-12-15,Female,Delhi,30265.49,2024-03-20,110650,3612.9,33.5
T502089,C100669,1976-01-14,Female,Hyderabad,52253.95,2024-01-17,162902,284.35,48.5
T505494,C100798,2000-02-01,Male,Delhi,17004.51,2024-02-06,174008,629.59,24.4
T502162,C100433,1963-10-04,Male,Mumbai,11449.4,2024-12-09,160149,348.84,60.7
T504752,C100723,1971-06-05,Male,Surat,78759.05,2024-04-24,193748,3548.09,53.1
T501923,C100395,2001-02-20,Female,Kolkata,30084.28,2024-11-26,113048,1437.77,23.4
T505288,C100770,1995-12-02,Female,Jaipur,52253.95,2024-01-06,22114,561.73,28.6
T502841,C100592,1965-07-19,Male,Surat,57107.77,2024-03-22,221452,272883.0199999997,58.9
T500287,C100585,,Female,Chennai,51724.58,2024-11-02,70014,1495.15,40.7
T502212,C100055,2001-01-23,Male,Lucknow,39750.83,2024-05-24,150441,953.98,23.4
T505346,C100116,1960-09-25,Female,Pune,220401.55,2024-07-16,185515,7872.12,63.8
T504806,C100293,1989-05-13,Male,Bangalore,10023.2,2024-01-21,120447,38.21,35.1
T504540,C100112,1984-02-13,Unknown,Chennai,51367.71,2024-02-16,215830,816.79,40.4
T502369,C100344,1963-04-13,Unknown,Unknown,4994.06,2024-07-15,54212,442.61,61.2
T503475,C100343,1992-02-11,Female,Mumbai,60102.72,2024-09-12,150141,2657.0,32.4
T504044,C100073,1997-10-26,Unknown,Pune,3393.42,2024-02-21,183037,951.24,26.7
T500027,C100740,1978-08-22,Female,Jaipur,52253.95,2024-05-30,142821,548.53,45.9
T503950,C100056,1973-08-20,Male,Chennai,116022.67,2024-02-20,81252,4580.9,50.9
T504439,C100280,1996-06-03,Male,Kolkata,61078.77,2024-07-13,143800,12148.06,28.1
T501109,C100383,1990-04-20,Male,Bangalore,38999.36,2024-09-22,2923,1205.1,34.2
T503816,C100641,2004-09-15,Male,Pune,23713.23,2024-04-25,73048,85.28,19.8
T503179,C100080,1998-05-06,Male,Bangalore,772078.46,2024-05-22,180142,6252.4,26.2
T503568,C100280,1996-06-03,Male,Kolkata,61078.77,2024-02-08,194244,2164.52,28.1
T503158,C100691,1998-08-13,Male,Pune,47693.35,2024-06-05,140606,3635.38,25.9
T501224,C100339,1966-04-20,Male,Pune,62182.35,2024-01-08,125110,9779.78,58.2
T504866,C100346,1993-08-22,Male,Pune,134207.78,2024-09-20,12452,3057.61,30.9
T505727,C100798,2000-02-01,Male,Delhi,17004.51,2024-05-19,74847,542.42,24.4
T503781,C100279,1957-08-17,Male,Jaipur,45765.21,2024-02-17,134255,2786.2,66.9
T500755,C100468,,Male,Chennai,84203.67,2024-06-09,40142,8627.67,40.7
T504539,C100344,1963-04-13,Unknown,Unknown,4994.06,2024-02-01,95044,994.14,61.2
T502176,C100514,1975-12-04,Unknown,Kolkata,51367.71,2024-10-29,85624,330.43,48.6
T500525,C100423,2004-10-23,Male,Chennai,138103.22,2024-04-13,173714,1539.67,19.7
T504560,C100177,,Unknown,Ahmedabad,208320.55,2024-11-14,130739,8981.11,40.7
T505982,C100724,1982-07-07,Unknown,Delhi,41634.26,2024-02-23,70718,2510.78,42.0
T505721,C100429,1992-05-17,Female,Delhi,40293.13,2024-09-05,5926,4069.73,32.1
T503879,C100105,1995-10-18,Female,Lucknow,21507.37,2024-09-09,70736,2341.42,28.7
T500506,C100057,1998-12-21,Male,Hyderabad,108663.77,2024-09-07,161435,2057.3999999999996,25.5
T505893,C100699,2003-11-15,Female,Kolkata,20709.46,2024-04-28,82423,2348.31,20.6
T502062,C100492,,Male,Kolkata,3109.69,2024-12-05,215722,638.44,40.7
T501223,C100285,1991-08-17,Female,Pune,63464.25,2024-11-30,204032,298.19,32.9
T502444,C100591,1975-05-16,Male,Jaipur,31294.72,2024-03-31,1628,551.08,49.1
T504583,C100514,1975-12-04,Unknown,Kolkata,51367.71,2024-02-16,120152,2057.3999999999996,48.6
T503312,C100149,2004-10-19,Female,Mumbai,31910.38,2024-07-06,151208,2057.3999999999996,19.7
T504161,C100233,1962-03-23,Male,Unknown,47693.35,2024-02-11,173528,698.77,62.3
T501695,C100737,1961-06-03,Female,Delhi,71291.17,2024-04-09,3929,2062.37,63.1
T501449,C100299,2003-07-15,Male,Jaipur,47693.35,2024-07-31,33302,843.8,21.0
T505660,C100389,1975-07-12,Female,Kolkata,52253.95,2024-03-16,15550,9871.63,49.0
T503067,C100321,,Male,Bangalore,66868.65,2024-10-27,21834,1612.53,40.7
T501626,C100071,2001-06-04,Male,Pune,7466.77,2024-12-13,183208,941.42,23.1
T501264,C100184,1988-07-10,Female,Bangalore,45597.09,2024-10-24,162221,563.02,36.0
T503969,C100687,1961-01-23,Female,Jaipur,52253.95,2024-12-10,165305,909.9,63.4
T505440,C100517,2001-06-26,Male,Jaipur,53788.28,2024-10-20,230130,4843.31,23.0
T500877,C100352,1998-02-03,Female,Delhi,52253.95,2024-05-12,74052,2646.07,26.4
T505959,C100634,1987-06-04,Female,Mumbai,31133.41,2024-11-27,100451,1697.53,37.1
T503478,C100094,1981-03-20,Female,Bangalore,50521.45,2024-10-19,122211,8598.39,43.3
T500481,C100150,2001-08-10,Female,Kolkata,80031.58,2024-08-24,126,1991.17,22.9
T505652,C100176,2003-08-03,Male,Jaipur,26967.93,2024-12-27,232155,6463.25,20.9
T502552,C100730,1987-07-18,Female,Unknown,25757.03,2024-05-03,191211,278.41,37.0
T505656,C100217,,Male,Pune,18308.71,2024-06-04,82954,1226.52,40.7
T503129,C100736,1994-08-24,Male,Mumbai,21365.93,2024-01-21,131627,224.44,29.9
T502918,C100711,1956-06-23,Male,Hyderabad,10669.16,2024-06-05,83352,235.57,68.0
T505862,C100762,,Female,Chennai,52253.95,2024-02-14,193130,1274.2,40.7
T502314,C100223,,Female,Nagpur,7196.01,2024-11-01,191651,5153.56,40.7
T505872,C100700,1988-03-06,Male,Pune,47693.35,2024-09-07,141824,3434.05,36.3
T500941,C100729,,Male,Lucknow,264299.97,2024-04-29,190323,6086.67,40.7
T505742,C100139,1990-08-09,Male,Jaipur,34813.1,2024-02-27,143812,3439.21,33.9
T505829,C100572,1969-12-09,Female,Mumbai,8282.21,2024-06-21,190826,112.8,54.6
T503237,C100078,1963-07-19,Female,Chennai,51575.85,2024-03-31,154057,351.26,61.0
T505716,C100550,1986-08-19,Female,Mumbai,121126.01,2024-05-24,140312,5433.97,37.9
T501809,C100215,,Male,Jaipur,51679.23,2024-05-16,14405,3606.54,40.7
T505628,C100613,1972-02-21,Unknown,Unknown,22232.68,2024-09-04,12914,202.88,52.4
T501165,C100788,1965-10-17,Male,Bengaluru,40994.26,2024-04-25,213440,2786.3,58.7
T500204,C100291,1975-08-14,Female,Pune,52253.95,2024-05-10,75612,2849.38,48.9
T503689,C100664,1987-01-09,Unknown,Mumbai,99475.96,2024-08-16,141006,851.6,37.5
T505473,C100100,1984-03-05,Female,Bengaluru,21883.94,2024-03-24,33648,466.26,40.3
T503509,C100150,2001-08-10,Female,Kolkata,80031.58,2024-07-26,21056,1273.25,22.9
T501162,C100565,2004-09-19,Female,Bangalore,67225.87,2024-02-09,31216,1656.75,19.8
T502729,C100742,,Unknown,Mumbai,4402.93,2024-06-13,83342,1264.86,40.7
T501600,C100255,1959-07-12,Female,Pune,52253.95,2024-10-22,85646,2906.43,65.0
T500086,C100203,2002-02-01,Female,Kolkata,3361.7,2024-10-19,141759,946.46,22.4
T504323,C100441,1973-01-26,Male,Lucknow,109974.75,2024-11-13,30612,109.68,51.4
T502207,C100750,1976-09-20,Male,Mumbai,140121.33,2024-02-12,173340,1997.8,47.8
T503046,C100218,1979-08-01,Male,Ahmedabad,470799.86,2024-05-14,170517,364.03,44.9
T500364,C100147,1997-03-17,Male,Mumbai,34392.46,2024-09-03,231921,4095.98,27.3
T503980,C100353,2001-12-08,Male,Pune,47693.35,2024-01-15,162800,2150.02,22.6
T504221,C100094,1981-03-20,Female,Bangalore,50521.45,2024-04-30,182516,123.33,43.3
T504945,C100343,1992-02-11,Female,Mumbai,60102.72,2024-03-20,210053,907.57,32.4
T501292,C100551,1967-07-13,Male,Mumbai,13935.52,2024-05-04,230125,910.49,57.0
T503975,C100015,1994-04-22,Male,Mumbai,47693.35,2024-05-04,190259,2318.48,30.2
T505998,C100346,1993-08-22,Male,Pune,134207.78,2024-03-21,54301,7624.33,30.9
T505616,C100748,1989-07-05,Male,Mumbai,63573.89,2024-07-04,182014,4635.43,35.0
T500999,C100003,1961-03-26,Unknown,Kolkata,48217.77,2024-02-21,52530,1141.2,63.3
T503172,C100368,1991-10-16,Female,Jaipur,144315.15,2024-04-04,71659,5831.12,32.7
T501036,C100414,2002-02-15,Female,Pune,61143.12,2024-08-05,21231,7396.96,22.4
T505554,C100049,2002-11-07,Female,Pune,26295.53,2024-08-08,15902,4020.95,21.6
T502802,C100252,2002-06-21,Unknown,Jaipur,51367.71,2024-09-04,140524,565.04,22.0
T502694,C100638,1986-09-15,Female,Chennai,39836.78,2024-07-10,93710,5042.56,37.8
T501336,C100091,1994-12-19,Female,Kolkata,138944.05,2024-10-15,12923,3000.41,29.5
T500995,C100529,1991-11-11,Female,Bengaluru,104328.62,2024-06-08,51306,1469.67,32.6
T500220,C100053,1970-05-11,Female,Delhi,22837.27,2024-05-13,223528,724.18,54.1
T502401,C100352,1998-02-03,Female,Delhi,52253.95,2024-08-11,91844,7314.86,26.4
T504309,C100729,,Male,Lucknow,264299.97,2024-04-13,123432,7611.31,40.7
T503821,C100572,1969-12-09,Female,Mumbai,8282.21,2024-12-03,105206,272883.0199999997,54.6
T500249,C100476,1964-07-27,Female,Pune,66112.87,2024-04-14,60426,5132.98,59.9
T502007,C100680,1964-12-27,Male,Chennai,83125.23,2024-07-18,144642,1786.21,59.5
T501886,C100585,,Female,Chennai,51724.58,2024-04-14,223926,1315.13,40.7
T504612,C100389,1975-07-12,Female,Kolkata,52253.95,2024-07-16,32846,645.82,49.0
T504649,C100619,1979-10-27,Female,Jaipur,618590.11,2024-03-04,103331,7962.11,44.7
T503466,C100195,1999-11-25,Female,Lucknow,52253.95,2024-06-02,154808,820.68,24.6
T502538,C100796,1985-01-13,Female,Chennai,22196.84,2024-06-23,214202,2654.71,39.5
T505745,C100331,1984-04-09,Male,Delhi,139917.52,2024-12-10,235911,8353.98,40.2
T504699,C100225,1991-10-09,Male,Chennai,181650.06,2024-05-20,11509,3642.83,32.7
T500591,C100520,1979-07-13,Male,Bengaluru,57394.34,2024-01-26,22906,661.71,45.0
T504898,C100261,1960-11-11,Unknown,Ahmedabad,4697.32,2024-07-21,232744,1278.1,63.6
T502202,C100093,1965-10-15,Female,Unknown,157865.54,2024-04-01,162538,4782.93,58.7
T502225,C100260,1982-07-05,Male,Mumbai,47216.74,2024-09-15,142735,552.18,42.0
T502259,C100483,2004-08-13,Male,Mumbai,47693.35,2024-12-06,55916,6107.82,19.9
T500518,C100705,1964-12-03,Female,Bengaluru,92850.2,2024-07-27,213928,1176.75,59.6
T503104,C100548,1982-08-07,Female,Nagpur,53292.45,2024-05-23,120819,2998.3,41.9
T504062,C100338,1977-03-17,Male,Chennai,34108.53,2024-09-26,154127,3192.49,47.3
T503045,C100760,1974-03-14,Female,Mumbai,286147.6,2024-11-26,1454,10391.09,50.3
T501650,C100501,,Female,Delhi,98637.64,2024-05-12,130630,794.69,40.7
T505495,C100327,1959-06-23,Unknown,Bangalore,51367.71,2024-04-27,222530,1614.63,65.0
T505808,C100569,1967-08-06,Unknown,Kolkata,51367.71,2024-06-03,160916,5007.87,56.9
T501274,C100776,1964-01-07,Female,Bangalore,31244.52,2024-06-29,111113,3781.61,60.5
T501816,C100174,1972-07-21,Male,Bengaluru,97279.18,2024-11-12,133,1161.22,51.9
T502634,C100254,1964-06-08,Female,Ahmedabad,184790.05,2024-10-02,71516,6316.95,60.1
T501327,C100432,,Female,Jaipur,52253.95,2024-02-19,234540,1450.11,40.7
T505275,C100484,1984-05-17,Male,Jaipur,12346.88,2024-12-20,170815,2057.3999999999996,40.1
T500043,C100094,1981-03-20,Female,Bangalore,50521.45,2024-04-12,190818,10182.88,43.3
T500007,C100146,1976-10-20,Male,Mumbai,113306.25,2024-05-15,145313,2613.71,47.7
T500480,C100252,2002-06-21,Unknown,Jaipur,51367.71,2024-09-26,53242,373.27,22.0
T500471,C100257,,Unknown,Jaipur,88380.56,2024-02-15,83814,614.68,40.7
T502237,C100021,1996-01-24,Male,Hyderabad,51078.01,2024-06-16,173242,1242.1,28.4
T504676,C100563,,Unknown,Delhi,51367.71,2024-02-06,113002,1448.92,40.7
T500654,C100334,1992-05-05,Unknown,Kolkata,92365.78,2024-08-23,13656,5603.47,32.2
T504293,C100788,1965-10-17,Male,Bengaluru,40994.26,2024-05-03,191006,3216.61,58.7
T505557,C100071,2001-06-04,Male,Pune,7466.77,2024-06-12,34355,1854.55,23.1
T500464,C100532,2004-08-12,Male,Ahmedabad,47693.35,2024-04-04,35017,16918.66,19.9
T503902,C100670,1983-10-26,Female,Mumbai,371867.09,2024-06-21,2613,1106.03,40.7
T501691,C100703,1984-05-15,Female,Jaipur,125815.19,2024-01-25,31813,1272.73,40.1
T500697,C100110,2004-06-04,Unknown,Chennai,188084.65,2024-04-07,144913,269.21,20.1
T502230,C100339,1966-04-20,Male,Pune,62182.35,2024-10-24,223006,12326.52,58.2
T502695,C100593,,Male,Ahmedabad,77632.67,2024-09-19,182106,2160.37,40.7
T500065,C100337,1987-03-24,Female,Ahmedabad,120535.8,2024-04-01,151846,2079.34,37.3
T501348,C100717,1983-04-25,Female,Mumbai,52253.95,2024-01-17,65600,6933.86,41.2
T502415,C100221,1977-09-02,Female,Kolkata,26363.02,2024-01-01,111011,600.43,46.8
T502480,C100006,1990-02-05,Female,Bangalore,40563.16,2024-09-20,222605,2026.54,34.4
T502149,C100237,,Male,Pune,47693.35,2024-03-13,234219,7849.19,40.7
T505058,C100745,2002-11-16,Female,Ahmedabad,53359.6,2024-04-07,85231,505.21,21.6
T505836,C100436,,Female,Jaipur,93354.27,2024-06-21,182212,2414.93,40.7
T504385,C100083,,Female,Hyderabad,7606.81,2024-10-05,223640,1099.43,40.7
T505690,C100426,2001-12-20,Female,Kolkata,64167.81,2024-11-30,24045,2047.59,22.5
T502047,C100151,1955-05-06,Male,Kolkata,83391.84,2024-10-25,40002,4087.41,69.2
T503852,C100733,2001-03-05,Female,Bangalore,244077.09,2024-10-01,11018,7874.3,23.3
T504588,C100443,2004-05-13,Female,Nagpur,102909.31,2024-11-25,75727,963.46,20.1
T500849,C100411,1980-10-24,Female,Lucknow,2108.17,2024-08-28,12742,853.86,43.7
T504347,C100177,,Unknown,Ahmedabad,208320.55,2024-07-18,25129,3376.38,40.7
T503965,C100353,2001-12-08,Male,Pune,47693.35,2024-08-06,121936,2995.09,22.6
T500417,C100491,1974-05-21,Female,Pune,8845.0,2024-03-24,73825,264.16,50.1
T503718,C100232,1984-12-23,Unknown,Chennai,41614.26,2024-11-02,43840,3045.59,39.5
T504745,C100172,1991-12-18,Unknown,Lucknow,180835.83,2024-12-29,140254,3200.47,32.5
T502285,C100142,1997-07-20,Female,Jaipur,52253.95,2024-02-23,155204,318.13,26.9
T502549,C100239,1978-10-02,Male,Chennai,30783.15,2024-07-12,124415,2675.76,45.7
T505497,C100179,1993-09-18,Female,Bangalore,4962.98,2024-02-15,140536,216.59,30.8
T502570,C100508,1989-11-21,Male,Jaipur,6654.1,2024-03-10,211158,500.6,34.6
T505939,C100470,1997-02-05,Female,Nagpur,155474.78,2024-06-05,173512,3587.34,27.4
T502102,C100476,1964-07-27,Female,Pune,66112.87,2024-04-29,152911,2721.43,59.9
T505741,C100623,1972-11-07,Female,Nagpur,52253.95,2024-11-29,161407,120294.0,51.6
T504783,C100026,1980-06-13,Female,Bangalore,42425.02,2024-01-24,210240,873.79,44.0
T505903,C100267,1964-03-24,Female,Bengaluru,100432.83,2024-10-31,82700,455.64,60.3
T501481,C100772,,Female,Chennai,14449.91,2024-04-03,151643,371.29,40.7
T500382,C100640,2003-11-22,Male,Ahmedabad,47693.35,2024-03-17,42543,2057.3999999999996,20.6
T504995,C100588,2003-09-24,Unknown,Kolkata,10922.29,2024-06-27,61707,2794.21,20.8
T500029,C100328,1993-09-23,Female,Mumbai,138849.89,2024-10-14,114419,1569.66,30.8
T503811,C100774,,Female,Pune,10948.71,2024-05-14,121802,1601.25,40.7
T504996,C100164,1997-11-15,Female,Delhi,20966.32,2024-05-15,235324,272883.0199999997,26.6
T500321,C100573,1976-01-19,Male,Hyderabad,41943.84,2024-08-20,174637,2550.09,48.4
T505274,C100684,,Unknown,Ahmedabad,27777.54,2024-12-27,152455,876.59,40.7
T504325,C100205,1967-04-14,Female,Pune,35559.48,2024-03-03,30541,2057.3999999999996,57.2
T503684,C100449,2001-08-09,Male,Chennai,47693.35,2024-09-18,54144,6397.97,22.9
T503344,C100688,2001-10-21,Male,Hyderabad,28109.11,2024-11-06,171447,735.16,22.7
T504272,C100463,1963-05-18,Male,Nagpur,11964.39,2024-09-17,33206,2057.3999999999996,61.1
T504388,C100490,1992-01-23,Male,Lucknow,47693.35,2024-07-23,203025,557.05,32.4
T505369,C100125,1962-08-01,Male,Mumbai,17605.36,2024-11-26,343,656.38,61.9
T503944,C100252,2002-06-21,Unknown,Jaipur,51367.71,2024-05-21,194303,1275.15,22.0
T505726,C100541,,Male,Ahmedabad,186265.55,2024-03-14,173759,1532.48,40.7
T505803,C100317,1983-03-05,Unknown,Surat,27760.8,2024-10-26,152451,2201.36,41.3
T503280,C100291,1975-08-14,Female,Pune,52253.95,2024-12-21,43517,653.61,48.9
T503185,C100301,1990-12-15,Female,Delhi,30265.49,2024-11-18,235805,2530.3,33.5
T503167,C100276,2000-08-02,Unknown,Jaipur,56892.89,2024-08-19,135332,1644.4,23.9
T500097,C100632,1999-08-02,Female,Chennai,70747.64,2024-12-21,144008,13537.19,24.9
T504912,C100501,,Female,Delhi,98637.64,2024-02-17,105619,557.1,40.7
T502429,C100707,1993-12-17,Female,Delhi,19040.78,2024-06-24,55239,2032.72,30.5
T502245,C100272,,Female,Pune,10046.68,2024-05-25,40145,130.92,40.7
T502076,C100246,1992-12-11,Male,Delhi,459949.04,2024-02-25,230212,2913.64,31.6
T500447,C100797,1984-08-09,Female,Lucknow,21946.42,2024-07-11,80341,754.47,39.9
T500014,C100697,1969-10-22,Male,Mumbai,47693.35,2024-07-06,55507,971.01,54.7
T504436,C100252,2002-06-21,Unknown,Jaipur,51367.71,2024-09-09,54841,549.84,22.0
T501215,C100239,1978-10-02,Male,Chennai,30783.15,2024-01-17,213507,2998.03,45.7
T503794,C100641,2004-09-15,Male,Pune,23713.23,2024-02-04,45643,567.81,19.8
T504288,C100343,1992-02-11,Female,Mumbai,60102.72,2024-08-15,140612,4559.98,32.4
T502342,C100671,1957-02-18,Male,Mumbai,60107.96,2024-01-03,44737,5506.5,67.4
T500286,C100663,1961-03-24,Male,Unknown,600713.48,2024-02-18,110359,6970.17,63.3
T503843,C100402,2003-11-06,Male,Delhi,104593.33,2024-04-08,131821,3331.89,20.6
T504218,C100776,1964-01-07,Female,Bangalore,31244.52,2024-12-07,212251,4198.4,60.5
T502312,C100499,,Male,Hyderabad,29516.2,2024-10-19,212140,3025.18,40.7
T502859,C100517,2001-06-26,Male,Jaipur,53788.28,2024-07-29,102850,3150.23,23.0
T500779,C100737,1961-06-03,Female,Delhi,71291.17,2024-06-22,231058,826.44,63.1
T505778,C100628,1990-09-03,Male,Pune,109284.74,2024-10-19,83228,758.31,33.8
T504019,C100441,1973-01-26,Male,Lucknow,109974.75,2024-01-02,50658,451.81,51.4
T502052,C100738,1983-12-12,Female,Surat,7716.93,2024-10-17,104942,1275.31,40.6
T504028,C100001,1976-03-03,Unknown,Ahmedabad,43869.35,2024-11-23,170006,2945.61,48.3
T505098,C100248,1970-05-12,Male,Kolkata,89559.95,2024-04-05,101150,3966.97,54.1
T505486,C100471,1963-11-03,Male,Bangalore,47693.35,2024-08-22,115858,3733.03,60.7
T500165,C100416,1988-10-20,Male,Jaipur,77721.72,2024-10-15,53729,267.02,35.7
T500660,C100010,1989-09-06,Female,Kolkata,239001.2,2024-05-09,65457,9805.75,34.8
T503108,C100452,1966-10-27,Female,Mumbai,33276.34,2024-09-27,11453,2606.06,57.7
T501339,C100106,,Male,Delhi,60836.59,2024-01-17,24549,971.8,40.7
T501138,C100483,2004-08-13,Male,Mumbai,47693.35,2024-03-06,212352,4748.69,19.9
T502618,C100028,1973-05-26,Unknown,Hyderabad,51367.71,2024-11-11,93652,4082.09,51.1
T502188,C100613,1972-02-21,Unknown,Unknown,22232.68,2024-06-13,162842,196.9,52.4
T503832,C100400,1961-12-17,Female,Pune,52253.95,2024-07-09,222438,3196.3,62.5
T505264,C100664,1987-01-09,Unknown,Mumbai,99475.96,2024-08-10,101130,4493.79,37.5
T500299,C100670,1983-10-26,Female,Mumbai,371867.09,2024-07-07,184108,2449.9,40.7
T501615,C100385,1986-09-04,Female,Pune,31830.7,2024-02-17,45127,3633.3,37.8
T504902,C100773,1982-04-10,Unknown,Kolkata,51367.71,2024-09-24,153839,2627.91,42.2
T501133,C100182,1997-04-19,Female,Chennai,52253.95,2024-02-12,214227,1409.49,27.2
T503081,C100680,1964-12-27,Male,Chennai,83125.23,2024-01-06,193906,2269.55,59.5
T503142,C100294,1977-04-19,Female,Hyderabad,52253.95,2024-07-31,153431,2018.15,47.2
T501937,C100030,2003-10-13,Male,Delhi,14152.67,2024-04-05,234533,1215.17,20.7
T501048,C100266,1960-08-05,Female,Surat,201021.76,2024-05-25,121447,1658.47,63.9
T505442,C100726,1966-07-04,Male,Kolkata,213622.83,2024-12-24,95201,2217.76,58.0
T505625,C100538,1970-08-11,Male,Ahmedabad,47693.35,2024-04-16,174100,163.64,53.9
T500846,C100668,1978-07-21,Female,Bangalore,99681.03,2024-03-04,191112,2971.6,45.9
T500251,C100349,,Female,Pune,397135.49,2024-06-07,150436,4577.09,40.7
T503034,C100381,2000-06-26,Female,Ahmedabad,34569.41,2024-09-12,55510,5705.86,24.0
T501027,C100280,1996-06-03,Male,Kolkata,61078.77,2024-03-11,144803,5467.72,28.1
T500806,C100146,1976-10-20,Male,Mumbai,113306.25,2024-02-09,55120,3736.36,47.7
T501552,C100757,,Unknown,Nagpur,128307.71,2024-02-22,202857,4514.61,40.7
T500031,C100132,,Unknown,Delhi,51367.71,2024-12-27,43917,764.42,40.7
T500715,C100636,1969-07-07,Female,Surat,52253.95,2024-03-22,230705,1065.95,55.0
T502384,C100560,,Female,Jaipur,25797.87,2024-07-27,131322,2091.92,40.7
T504315,C100174,1972-07-21,Male,Bengaluru,97279.18,2024-07-20,55641,8526.16,51.9
T505904,C100693,1988-10-11,Female,Jaipur,247886.54,2024-05-01,184047,5226.59,35.7
T503599,C100534,1980-09-21,Female,Mumbai,52253.95,2024-09-25,25449,834.58,43.8
T505255,C100459,1999-07-20,Unknown,Lucknow,5482.84,2024-02-16,221240,561.76,24.9
T503459,C100189,1969-02-16,Female,Mumbai,7756.98,2024-04-15,192344,3230.7,55.4
T504431,C100749,,Male,Mumbai,372624.79,2024-12-24,81540,12360.38,40.7
T501044,C100062,1976-02-16,Male,Mumbai,6698.94,2024-11-21,35635,401.94,48.4
T502144,C100357,1977-01-06,Female,Mumbai,76877.42,2024-01-13,202634,524.94,47.5
T502489,C100586,2002-01-03,Unknown,Hyderabad,69749.17,2024-02-15,35436,2163.25,22.5
T503244,C100292,,Female,Mumbai,9547.79,2024-08-25,233342,743.26,40.7
T503191,C100355,1977-08-11,Male,Pune,47693.35,2024-02-23,214556,1197.79,46.9
T504558,C100693,1988-10-11,Female,Jaipur,247886.54,2024-09-18,234924,1966.5,35.7
T504640,C100415,1964-08-05,Male,Bangalore,81774.91,2024-07-18,190128,1193.36,59.9
T503987,C100275,1965-05-04,Female,Bangalore,175954.66,2024-10-06,51143,15240.78,59.2
T500330,C100161,1999-05-26,Male,Lucknow,68566.76,2024-09-17,5924,1603.13,25.1
T505535,C100425,1986-04-10,Unknown,Mumbai,59725.38,2024-12-10,20813,961.7,38.2
T503510,C100504,1999-12-20,Male,Jaipur,97634.59,2024-10-25,25016,2057.3999999999996,24.5
T500861,C100350,1984-05-06,Male,Bengaluru,47693.35,2024-01-16,225309,2723.95,40.2
T501198,C100219,1997-11-21,Female,Bengaluru,20875.12,2024-02-05,163922,1062.66,26.6
T503951,C100292,,Female,Mumbai,9547.79,2024-07-10,180246,1217.59,40.7
T501088,C100431,,Male,Surat,10914.09,2024-08-01,185721,597.92,40.7
T504219,C100105,1995-10-18,Female,Lucknow,21507.37,2024-06-04,204519,303.47,28.7
T502515,C100487,1993-04-18,Male,Delhi,5364.64,2024-01-02,184449,413.23,31.2
T500003,C100663,1961-03-24,Male,Unknown,600713.48,2024-07-09,170713,10373.0,63.3
T503757,C100525,1969-05-10,Female,Chennai,212533.64,2024-04-23,205943,6364.32,55.1
T503724,C100735,1971-11-02,Unknown,Hyderabad,55080.47,2024-11-21,142855,1244.32,52.7
T505994,C100244,1983-09-24,Female,Delhi,52253.95,2024-11-06,123748,2328.23,40.8
T504040,C100310,1984-08-23,Male,Hyderabad,323760.11,2024-09-26,60732,6218.54,39.9
T502459,C100084,2001-10-25,Male,Unknown,47693.35,2024-08-19,32656,1186.6,22.7
T500549,C100094,1981-03-20,Female,Bangalore,50521.45,2024-08-21,234813,9323.14,43.3
T505019,C100398,1994-03-14,Male,Lucknow,16335.93,2024-10-12,93238,1764.26,30.3
T504524,C100587,1991-07-27,Male,Mumbai,18400.96,2024-06-02,62019,1258.09,32.9
T500385,C100753,1958-12-05,Male,Ahmedabad,47693.35,2024-07-06,34943,2487.7,65.6
T501471,C100750,1976-09-20,Male,Mumbai,140121.33,2024-07-29,132235,2374.79,47.8
T501234,C100439,1967-03-08,Female,Bangalore,48286.94,2024-06-12,162105,4887.38,57.3
T501154,C100739,1975-09-21,Female,Jaipur,6681.5,2024-05-12,234050,1156.54,48.8
T501401,C100759,1983-06-08,Female,Unknown,52253.95,2024-04-13,124630,2057.3999999999996,41.1
T500918,C100112,1984-02-13,Unknown,Chennai,51367.71,2024-08-31,60450,708.03,40.4
T502348,C100449,2001-08-09,Male,Chennai,47693.35,2024-05-13,41535,5174.39,22.9
T505268,C100613,1972-02-21,Unknown,Unknown,22232.68,2024-02-20,31032,373.87,52.4
T503660,C100200,1984-09-07,Female,Pune,99008.06,2024-04-05,182921,4558.7,39.8
T505544,C100480,1993-09-08,Female,Mumbai,37940.98,2024-01-08,102054,1900.97,30.8
T502601,C100781,,Female,Lucknow,52253.95,2024-02-05,215623,74.06,40.7
T505243,C100679,,Male,Kolkata,39458.8,2024-11-17,225707,1402.46,40.7
T501821,C100796,1985-01-13,Female,Chennai,22196.84,2024-06-03,84216,2188.18,39.5
T500467,C100331,1984-04-09,Male,Delhi,139917.52,2024-06-11,82535,5467.48,40.2
T501492,C100443,2004-05-13,Female,Nagpur,102909.31,2024-11-04,224838,1544.9,20.1
T505584,C100561,1991-08-26,Female,Mumbai,39563.93,2024-01-31,31451,876.94,32.8
T504170,C100151,1955-05-06,Male,Kolkata,83391.84,2024-12-20,61034,16894.85,69.2
T505693,C100405,1959-09-13,Male,Nagpur,5646.11,2024-12-24,82221,1900.99,64.8
T504900,C100347,1963-10-13,Male,Mumbai,37311.99,2024-05-14,45720,468.23,60.7
T503754,C100385,1986-09-04,Female,Pune,31830.7,2024-03-18,233928,2726.43,37.8
T501888,C100708,1964-01-27,Male,Kolkata,48367.85,2024-03-07,84203,847.83,60.4
T504830,C100295,,Male,Bangalore,25848.99,2024-09-01,35959,430.52,40.7
T503128,C100042,1968-12-11,Male,Mumbai,41014.43,2024-03-07,122618,3172.06,55.6
T502487,C100291,1975-08-14,Female,Pune,52253.95,2024-07-18,54932,3057.55,48.9
T504653,C100693,1988-10-11,Female,Jaipur,247886.54,2024-06-08,32950,2314.34,35.7
T500021,C100750,1976-09-20,Male,Mumbai,140121.33,2024-08-06,221808,13475.92,47.8
T505970,C100140,1964-06-15,Unknown,Kolkata,699519.01,2024-08-20,114152,405.83,60.0
T504580,C100758,1995-09-16,Female,Pune,8457.46,2024-09-12,120415,2625.98,28.8
T505760,C100593,,Male,Ahmedabad,77632.67,2024-02-23,203611,7964.42,40.7
T503275,C100237,,Male,Pune,47693.35,2024-01-13,60756,8273.09,40.7
T502403,C100574,1985-10-03,Male,Mumbai,11779.17,2024-05-30,210918,2057.3999999999996,38.7
T503592,C100349,,Female,Pune,397135.49,2024-09-06,154744,27405.3,40.7
T501314,C100097,1991-02-26,Female,Pune,6498.69,2024-04-05,84023,990.32,33.3
T505185,C100404,,Male,Kolkata,17067.98,2024-10-05,134518,2972.21,40.7
T501047,C100620,1967-06-27,Unknown,Chennai,22920.89,2024-01-06,160539,749.15,57.0
T503247,C100054,,Female,Ahmedabad,2705.17,2024-09-13,80156,838.09,40.7
T505663,C100027,1989-08-17,Unknown,Ahmedabad,11262.83,2024-03-11,172758,2057.3999999999996,34.9
T504066,C100425,1986-04-10,Unknown,Mumbai,59725.38,2024-06-04,184932,2057.3999999999996,38.2
T500810,C100235,1981-09-21,Female,Pune,15017.22,2024-02-09,230007,3274.75,42.8
T503741,C100421,1985-01-17,Male,Chennai,123501.29,2024-10-10,31713,2395.57,39.4
T502479,C100749,,Male,Mumbai,372624.79,2024-12-18,130755,2293.7,40.7
T504203,C100541,,Male,Ahmedabad,186265.55,2024-01-26,4252,2278.3,40.7
T501368,C100428,1981-03-17,Male,Pune,163084.05,2024-03-11,202524,4356.0,43.3
T502668,C100694,2004-09-15,Male,Ahmedabad,4580.61,2024-12-21,45930,185.01,19.8
T501520,C100597,1972-09-02,Female,Pune,30467.88,2024-10-14,80225,2701.92,51.8
T504031,C100619,1979-10-27,Female,Jaipur,618590.11,2024-07-10,125133,7056.32,44.7
T505774,C100361,,Male,Delhi,39185.42,2024-03-03,152753,388.09,40.7
T501205,C100111,1961-02-13,Female,Bengaluru,31428.6,2024-10-04,10132,6691.05,63.4
T502332,C100179,1993-09-18,Female,Bangalore,4962.98,2024-01-15,113751,1931.46,30.8
T505435,C100293,1989-05-13,Male,Bangalore,10023.2,2024-09-15,173443,1223.8,35.1
T503849,C100050,1981-01-09,Male,Unknown,3008.14,2024-09-25,31232,481.2,43.5
T504226,C100019,,Unknown,Bengaluru,102437.46,2024-03-24,194304,15081.64,40.7
T500955,C100598,1995-02-20,Female,Bengaluru,138205.32,2024-05-14,100116,5037.66,29.4
T500859,C100691,1998-08-13,Male,Pune,47693.35,2024-03-05,175005,4318.03,25.9
T502033,C100260,1982-07-05,Male,Mumbai,47216.74,2024-04-18,14140,1181.05,42.0
T501315,C100147,1997-03-17,Male,Mumbai,34392.46,2024-04-21,55522,7823.67,27.3
T502399,C100057,1998-12-21,Male,Hyderabad,108663.77,2024-11-25,201946,17557.66,25.5
T505177,C100169,1990-12-22,Unknown,Ahmedabad,346738.24,2024-05-11,121725,531.75,33.5
T503904,C100746,1972-05-02,Male,Mumbai,66601.54,2024-02-13,225126,420.77,52.2
T504897,C100191,1979-01-02,Male,Pune,70003.54,2024-12-24,20628,3979.63,45.5
T501366,C100568,,Unknown,Jaipur,51367.71,2024-04-23,21925,913.32,40.7
T503043,C100092,2000-06-15,Male,Ahmedabad,47693.35,2024-09-08,74444,5508.13,24.0
T503924,C100070,1994-10-17,Female,Lucknow,29489.38,2024-01-30,125511,3395.39,29.7
T505173,C100591,1975-05-16,Male,Jaipur,31294.72,2024-10-03,181450,1901.71,49.1
T502506,C100232,1984-12-23,Unknown,Chennai,41614.26,2024-05-27,1821,7708.44,39.5
T500462,C100116,1960-09-25,Female,Pune,220401.55,2024-06-02,91028,3941.84,63.8
T501573,C100005,1966-11-23,Unknown,Mumbai,44083.6,2024-04-02,51444,5615.08,57.6
T502121,C100572,1969-12-09,Female,Mumbai,8282.21,2024-07-31,10353,557.47,54.6
T500579,C100452,1966-10-27,Female,Mumbai,33276.34,2024-01-11,154250,2688.89,57.7
T504201,C100764,1966-06-14,Male,Jaipur,62112.48,2024-12-23,191734,3511.31,58.0
T501705,C100149,2004-10-19,Female,Mumbai,31910.38,2024-09-25,53052,9040.62,19.7
T503786,C100619,1979-10-27,Female,Jaipur,618590.11,2024-09-24,102109,3394.18,44.7
T504669,C100727,1978-08-19,Female,Jaipur,123863.27,2024-11-27,151752,41.22,45.9
T502994,C100465,1975-04-06,Female,Kolkata,52253.95,2024-05-20,64027,778.84,49.2
T502037,C100229,2004-07-25,Female,Chennai,47420.96,2024-09-03,24525,2079.1,19.9
T505448,C100328,1993-09-23,Female,Mumbai,138849.89,2024-04-20,160907,1441.83,30.8
T504789,C100521,1962-02-16,Male,Kolkata,56258.99,2024-01-09,213652,978.56,62.4
T502095,C100749,,Male,Mumbai,372624.79,2024-10-19,2508,714.45,40.7
T500870,C100148,1980-03-12,Female,Chennai,52253.95,2024-02-07,114441,4247.91,44.3
T504881,C100153,1982-08-04,Female,Lucknow,379373.89,2024-02-07,52456,23466.92,41.9
T504541,C100146,1976-10-20,Male,Mumbai,113306.25,2024-04-12,65850,3656.22,47.7
T503049,C100089,1985-03-10,Male,Chennai,47693.35,2024-03-27,184809,272883.0199999997,39.3
T503512,C100583,,Male,Nagpur,71828.0,2024-12-03,10631,715.2,40.7
T502656,C100328,1993-09-23,Female,Mumbai,138849.89,2024-06-03,61851,6116.29,30.8
T504484,C100510,2000-08-03,Female,Ahmedabad,235563.0,2024-09-26,232326,4073.75,23.9
T503502,C100596,1972-04-07,Male,Mumbai,240531.19,2024-03-28,150251,8963.49,52.2
T504357,C100233,1962-03-23,Male,Unknown,47693.35,2024-09-07,165409,925.25,62.3
T500976,C100602,1960-01-10,Female,Hyderabad,6182.2,2024-07-30,141703,628.48,64.5
T503352,C100796,1985-01-13,Female,Chennai,22196.84,2024-07-05,233330,1860.23,39.5
T503699,C100213,1989-03-26,Female,Kolkata,16101.96,2024-01-23,230428,2629.59,35.3
T501340,C100423,2004-10-23,Male,Chennai,138103.22,2024-07-31,233656,15208.69,19.7
T501822,C100055,2001-01-23,Male,Lucknow,39750.83,2024-08-14,190410,303.25,23.4
T502329,C100105,1995-10-18,Female,Lucknow,21507.37,2024-02-20,95919,4383.95,28.7
T501929,C100663,1961-03-24,Male,Unknown,600713.48,2024-11-16,70445,8882.42,63.3
T503880,C100520,1979-07-13,Male,Bengaluru,57394.34,2024-10-30,212008,1321.95,45.0
T505097,C100246,1992-12-11,Male,Delhi,459949.04,2024-12-02,121848,12573.69,31.6
T505102,C100345,1983-05-01,Female,Kolkata,12276.92,2024-11-20,202751,212.75,41.2
T500353,C100111,1961-02-13,Female,Bengaluru,31428.6,2024-07-02,225516,373.29,63.4
T501445,C100239,1978-10-02,Male,Chennai,30783.15,2024-10-13,123419,1670.63,45.7
T502726,C100220,1967-12-16,Female,Kolkata,36055.65,2024-02-21,143550,1963.72,56.5
T505687,C100748,1989-07-05,Male,Mumbai,63573.89,2024-12-30,182538,8494.12,35.0
T504256,C100215,,Male,Jaipur,51679.23,2024-10-21,215840,966.01,40.7
T503200,C100660,1974-12-09,Male,Chennai,54801.46,2024-04-23,155357,576.63,49.6
T504623,C100111,1961-02-13,Female,Bengaluru,31428.6,2024-01-09,205948,4372.29,63.4
T505306,C100608,1978-05-11,Male,Nagpur,49274.28,2024-04-07,31132,604.06,46.1
T501385,C100011,1966-02-23,Male,Unknown,15559.6,2024-09-10,726,2281.83,58.3
T505298,C100267,1964-03-24,Female,Bengaluru,100432.83,2024-02-01,150623,2012.99,60.3
T500501,C100399,,Female,Jaipur,32377.8,2024-01-13,191907,356.99,40.7
T503524,C100413,1975-06-17,Male,Chennai,47693.35,2024-11-17,73609,3225.3,49.0
T505961,C100739,1975-09-21,Female,Jaipur,6681.5,2024-02-29,194040,2173.12,48.8
T502104,C100637,1989-04-09,Female,Pune,52253.95,2024-09-04,42717,2348.69,35.2
T502233,C100209,,Female,Unknown,38752.88,2024-05-03,202055,1656.18,40.7
T505749,C100408,1983-10-01,Male,Mumbai,30500.46,2024-09-30,161640,144.98,40.7
T501007,C100703,1984-05-15,Female,Jaipur,125815.19,2024-04-07,174948,1016.92,40.1
T505828,C100605,,Male,Lucknow,79326.66,2024-04-17,34302,3819.51,40.7
T504622,C100550,1986-08-19,Female,Mumbai,121126.01,2024-01-16,101213,5898.13,37.9
T502171,C100550,1986-08-19,Female,Mumbai,121126.01,2024-05-24,235346,2041.29,37.9
T503216,C100315,2001-02-16,Unknown,Pune,10487.31,2024-03-03,135243,747.21,23.4
T502437,C100116,1960-09-25,Female,Pune,220401.55,2024-10-23,14151,1895.05,63.8
T504472,C100007,2003-10-06,Male,Bangalore,14715.92,2024-10-07,170305,397.89,20.7
T501318,C100181,,Male,Pune,46982.71,2024-12-19,214137,746.34,40.7
T503982,C100046,1985-11-27,Female,Delhi,4232.4,2024-01-07,190828,1463.64,38.6
T504429,C100696,1975-05-18,Male,Unknown,295142.68,2024-09-26,115218,272883.0199999997,49.1
T501475,C100404,,Male,Kolkata,17067.98,2024-12-29,192359,1331.16,40.7
T500679,C100443,2004-05-13,Female,Nagpur,102909.31,2024-09-07,122051,2057.3999999999996,20.1
T504854,C100661,1965-06-14,Unknown,Jaipur,105161.33,2024-01-17,113726,1543.33,59.0
T503926,C100376,1973-05-09,Unknown,Delhi,51367.71,2024-08-23,183348,2683.69,51.1
T500380,C100250,1964-10-04,Female,Ahmedabad,12840.3,2024-10-11,142608,249.38,59.7
T505080,C100246,1992-12-11,Male,Delhi,459949.04,2024-06-29,102852,4880.01,31.6
T504163,C100284,1987-04-12,Male,Lucknow,21229.49,2024-03-09,160711,175.91,37.2
T500477,C100730,1987-07-18,Female,Unknown,25757.03,2024-06-22,93759,31076.0,37.0
T505576,C100428,1981-03-17,Male,Pune,163084.05,2024-10-25,54247,6346.08,43.3
T502382,C100368,1991-10-16,Female,Jaipur,144315.15,2024-09-09,51639,3201.26,32.7
T505881,C100019,,Unknown,Bengaluru,102437.46,2024-07-14,21127,9561.15,40.7
T502359,C100762,,Female,Chennai,52253.95,2024-01-22,60351,1108.53,40.7
T500425,C100374,1997-06-01,Female,Jaipur,55312.12,2024-02-16,172717,554.92,27.1
T504741,C100057,1998-12-21,Male,Hyderabad,108663.77,2024-09-20,51500,775.59,25.5
T502255,C100591,1975-05-16,Male,Jaipur,31294.72,2024-08-12,85304,966.81,49.1
T501333,C100157,1964-04-06,Male,Pune,47693.35,2024-01-03,25955,654.79,60.2
T500199,C100283,1977-10-18,Male,Surat,54219.8,2024-11-29,150811,836.33,46.7
T504494,C100330,1996-01-03,Male,Mumbai,8776.03,2024-01-15,3730,987.33,28.5
T501938,C100178,1996-02-12,Female,Mumbai,18046.45,2024-03-12,195126,10948.51,28.4
T500143,C100177,,Unknown,Ahmedabad,208320.55,2024-01-28,162838,10018.3,40.7
T503820,C100202,1976-09-08,Female,Surat,57912.5,2024-12-14,15012,8289.62,47.8
T504345,C100375,1999-11-27,Male,Nagpur,267588.1,2024-05-13,124127,4998.25,24.6
T505394,C100634,1987-06-04,Female,Mumbai,31133.41,2024-09-20,71921,4930.64,37.1
T500304,C100048,2003-04-06,Male,Chennai,13288.01,2024-01-10,32635,80.81,21.2
T501454,C100465,1975-04-06,Female,Kolkata,52253.95,2024-11-15,234021,579.39,49.2
T500911,C100157,1964-04-06,Male,Pune,47693.35,2024-03-15,30028,2568.06,60.2
T505647,C100287,,Female,Unknown,2589.86,2024-05-15,212141,763.69,40.7
T502596,C100051,1976-02-21,Male,Pune,169367.84,2024-07-11,184906,4047.47,48.4
T502309,C100617,,Female,Jaipur,9784.54,2024-01-23,173603,2305.21,40.7
T502112,C100280,1996-06-03,Male,Kolkata,61078.77,2024-12-26,175506,4650.25,28.1
T505729,C100085,1983-10-17,Male,Pune,36223.4,2024-07-07,91629,2832.01,40.7
T500593,C100779,,Female,Kolkata,297969.29,2024-01-20,2111,272883.0199999997,40.7
T503570,C100427,1973-05-14,Female,Hyderabad,13652.98,2024-01-12,10844,2990.95,51.1
T503533,C100566,1975-06-21,Female,Kolkata,12023.59,2024-05-15,192311,551.53,49.0
T501288,C100248,1970-05-12,Male,Kolkata,89559.95,2024-01-10,164656,583.59,54.1
T501655,C100759,1983-06-08,Female,Unknown,52253.95,2024-11-23,162631,3276.93,41.1
T504790,C100389,1975-07-12,Female,Kolkata,52253.95,2024-12-10,80940,9161.78,49.0
T502131,C100244,1983-09-24,Female,Delhi,52253.95,2024-06-21,231632,1305.4,40.8
T500765,C100049,2002-11-07,Female,Pune,26295.53,2024-11-18,184752,477.17,21.6
T505979,C100630,,Male,Ahmedabad,47693.35,2024-04-18,45143,1259.97,40.7
T505237,C100115,1993-02-11,Male,Kolkata,11109.49,2024-07-01,144809,835.87,31.4
T500146,C100636,1969-07-07,Female,Surat,52253.95,2024-10-14,155908,1421.41,55.0
T500394,C100490,1992-01-23,Male,Lucknow,47693.35,2024-03-28,52135,2045.14,32.4
T504733,C100242,1991-05-14,Male,Hyderabad,103866.17,2024-07-08,25927,600.38,33.1
T503808,C100515,1997-10-13,Male,Chennai,48437.97,2024-05-28,2401,170.64,26.7
T500045,C100350,1984-05-06,Male,Bengaluru,47693.35,2024-01-10,23749,2368.28,40.2
T503494,C100435,1982-06-13,Unknown,Delhi,58275.09,2024-12-05,43859,6400.05,42.0
T504517,C100592,1965-07-19,Male,Surat,57107.77,2024-04-09,140211,1882.79,58.9
T503336,C100080,1998-05-06,Male,Bangalore,772078.46,2024-08-29,114942,5380.7,26.2
T504417,C100331,1984-04-09,Male,Delhi,139917.52,2024-04-24,34629,3250.5,40.2
T502159,C100377,1965-07-07,Male,Bangalore,31307.17,2024-04-12,121213,6967.64,59.0
T501957,C100698,1986-10-03,Male,Mumbai,186379.37,2024-01-26,5010,6531.02,37.7
T502184,C100439,1967-03-08,Female,Bangalore,48286.94,2024-11-25,15905,428.73,57.3
T505626,C100520,1979-07-13,Male,Bengaluru,57394.34,2024-01-24,24427,2057.3999999999996,45.0
T505975,C100339,1966-04-20,Male,Pune,62182.35,2024-06-28,3221,9685.44,58.2
T505229,C100005,1966-11-23,Unknown,Mumbai,44083.6,2024-01-04,213302,360.88,57.6
T503497,C100267,1964-03-24,Female,Bengaluru,100432.83,2024-05-09,83625,704.32,60.3
T502071,C100725,1979-08-04,Male,Ahmedabad,104953.2,2024-04-29,54611,2788.59,44.9
T501367,C100153,1982-08-04,Female,Lucknow,379373.89,2024-11-19,91538,7979.17,41.9
T503095,C100209,,Female,Unknown,38752.88,2024-12-14,145118,4652.36,40.7
T502364,C100760,1974-03-14,Female,Mumbai,286147.6,2024-06-06,62650,3087.89,50.3
T500930,C100020,1982-04-12,Male,Ahmedabad,3015.98,2024-05-28,101848,1544.17,42.2
T502975,C100403,2003-06-13,Female,Jaipur,14630.12,2024-01-30,183342,994.56,21.0
T503141,C100614,1968-08-13,Male,Chennai,11618.4,2024-08-28,104637,334.27,55.9
T505215,C100318,1976-04-19,Unknown,Jaipur,171947.48,2024-08-13,163813,144.23,48.2
T502581,C100118,1993-04-18,Unknown,Ahmedabad,51367.71,2024-10-03,101719,4055.52,31.2
T505429,C100093,1965-10-15,Female,Unknown,157865.54,2024-07-24,190831,6179.84,58.7
T500606,C100246,1992-12-11,Male,Delhi,459949.04,2024-07-25,174557,2763.2,31.6
T500074,C100233,1962-03-23,Male,Unknown,47693.35,2024-01-12,74819,1739.36,62.3
T504868,C100529,1991-11-11,Female,Bengaluru,104328.62,2024-08-13,32844,2603.89,32.6
T501322,C100165,2004-12-17,Male,Bangalore,5165.05,2024-12-24,200206,844.92,19.5
T504825,C100436,,Female,Jaipur,93354.27,2024-10-23,124812,10909.13,40.7
T500113,C100737,1961-06-03,Female,Delhi,71291.17,2024-02-21,75706,1334.64,63.1
T503913,C100789,1972-02-08,Female,Delhi,52253.95,2024-08-30,72734,638.76,52.4
T500986,C100750,1976-09-20,Male,Mumbai,140121.33,2024-04-27,112702,15169.42,47.8
T505631,C100071,2001-06-04,Male,Pune,7466.77,2024-10-29,91715,3744.25,23.1
T500222,C100047,1966-07-11,Female,Hyderabad,22419.5,2024-11-08,233614,6474.98,58.0
T501992,C100730,1987-07-18,Female,Unknown,25757.03,2024-04-15,214821,639.47,37.0
T504131,C100479,1980-10-22,Female,Kolkata,98501.77,2024-06-26,223218,1381.31,43.7
T505161,C100508,1989-11-21,Male,Jaipur,6654.1,2024-06-03,174059,777.52,34.6
T501761,C100352,1998-02-03,Female,Delhi,52253.95,2024-08-22,83320,8156.81,26.4
T504443,C100074,,Female,Hyderabad,138675.48,2024-12-23,45658,4243.13,40.7
T504263,C100134,1959-04-17,Male,Hyderabad,12808.18,2024-12-15,180858,138.9,65.2
T504180,C100001,1976-03-03,Unknown,Ahmedabad,43869.35,2024-07-20,204829,194.82,48.3
T504212,C100759,1983-06-08,Female,Unknown,52253.95,2024-07-27,202948,4021.46,41.1
T504043,C100058,1976-02-26,Male,Surat,47693.35,2024-03-27,151940,6109.74,48.3
T503456,C100757,,Unknown,Nagpur,128307.71,2024-03-29,113322,8590.14,40.7
T500530,C100498,1999-12-16,Male,Lucknow,9148.77,2024-10-22,11019,2520.1,24.5
T502590,C100427,1973-05-14,Female,Hyderabad,13652.98,2024-04-01,163438,2275.66,51.1
T503954,C100339,1966-04-20,Male,Pune,62182.35,2024-07-31,50932,2822.8,58.2
T503630,C100162,1997-09-24,Male,Delhi,42810.3,2024-06-07,211259,1107.88,26.8
T502521,C100402,2003-11-06,Male,Delhi,104593.33,2024-07-20,82741,5748.52,20.6
T503051,C100020,1982-04-12,Male,Ahmedabad,3015.98,2024-11-04,71256,3330.85,42.2
T504849,C100665,1963-12-08,Male,Ahmedabad,100878.91,2024-09-20,855,891.93,60.6
T504579,C100645,1981-11-02,Male,Unknown,47693.35,2024-11-25,53236,17937.01,42.7
T505073,C100455,,Female,Surat,9423.4,2024-12-23,70226,281.66,40.7
T505618,C100609,,Male,Mumbai,18375.7,2024-07-06,232607,394.2,40.7
T505314,C100222,1969-03-14,Female,Lucknow,77445.15,2024-06-27,151632,627.22,55.3
T505843,C100020,1982-04-12,Male,Ahmedabad,3015.98,2024-11-16,224113,702.2,42.2
T503204,C100512,1986-08-19,Male,Unknown,88055.27,2024-11-18,25920,4830.36,37.9
T505766,C100141,1986-10-20,Unknown,Mumbai,160886.94,2024-08-06,70000,32942.57,37.7
T501779,C100622,1963-08-04,Male,Pune,114620.95,2024-12-13,192704,10520.38,60.9
T501025,C100059,1955-01-19,Female,Hyderabad,1737.55,2024-04-05,180042,366.73,69.4
T503778,C100076,2001-07-05,Female,Ahmedabad,12298.94,2024-07-28,162739,1550.09,23.0
T500081,C100247,1986-05-17,Female,Unknown,60362.87,2024-04-18,42000,59.62,38.1
T504668,C100450,1992-01-17,Female,Delhi,111417.27,2024-04-27,224009,6366.27,32.5
T502030,C100571,1961-01-15,Male,Jaipur,15548.64,2024-01-19,75259,448.16,63.5
T504054,C100750,1976-09-20,Male,Mumbai,140121.33,2024-11-22,173011,371.55,47.8
T501792,C100796,1985-01-13,Female,Chennai,22196.84,2024-08-06,26,1509.23,39.5
T502716,C100618,1967-10-10,Female,Surat,29639.57,2024-11-25,33455,1736.31,56.7
T503819,C100234,1998-03-15,Female,Chennai,59188.47,2024-08-29,105244,941.24,26.3
T502673,C100676,,Unknown,Nagpur,44650.65,2024-01-07,182203,4690.6,40.7
T505918,C100758,1995-09-16,Female,Pune,8457.46,2024-06-29,50124,1756.02,28.8
T503501,C100537,1963-01-27,Female,Chennai,26621.54,2024-04-16,123051,4836.98,61.4
T502563,C100261,1960-11-11,Unknown,Ahmedabad,4697.32,2024-04-03,14053,258.97,63.6
T503402,C100612,1987-09-22,Unknown,Jaipur,378740.24,2024-10-01,130508,3235.97,36.8
T501956,C100789,1972-02-08,Female,Delhi,52253.95,2024-12-05,233052,712.07,52.4
T503869,C100739,1975-09-21,Female,Jaipur,6681.5,2024-10-19,151629,262.01,48.8
T504136,C100639,1969-08-08,Female,Mumbai,7888.88,2024-02-08,114625,612.65,54.9
T505793,C100181,,Male,Pune,46982.71,2024-02-07,114734,2047.27,40.7
T505382,C100044,1962-08-19,Male,Hyderabad,43950.32,2024-02-24,54604,560.7,61.9
T503136,C100274,1973-07-26,Male,Kolkata,47693.35,2024-12-07,55131,880.33,50.9
T500311,C100604,1974-03-04,Male,Pune,47693.35,2024-06-23,24445,298.14,50.3
T501631,C100694,2004-09-15,Male,Ahmedabad,4580.61,2024-05-25,60832,650.98,19.8
T504260,C100573,1976-01-19,Male,Hyderabad,41943.84,2024-06-01,132931,352.02,48.4
T502067,C100791,1986-10-19,Female,Kolkata,91747.28,2024-11-29,100245,243.4,37.7
T501426,C100263,,Female,Bangalore,52253.95,2024-08-14,25738,3590.55,40.7
T502002,C100102,1981-07-14,Male,Kolkata,15311.0,2024-10-28,142424,960.84,43.0
T504453,C100254,1964-06-08,Female,Ahmedabad,184790.05,2024-10-09,20936,12605.47,60.1
T503810,C100719,1996-08-18,Male,Pune,28569.22,2024-11-03,143108,2057.3999999999996,27.9
T504886,C100301,1990-12-15,Female,Delhi,30265.49,2024-05-20,104633,159.99,33.5
T502337,C100240,2003-12-24,Male,Mumbai,58083.3,2024-09-18,170637,3985.37,20.5
T502440,C100630,,Male,Ahmedabad,47693.35,2024-11-23,73122,292.86,40.7
T500128,C100014,1995-01-22,Male,Lucknow,72097.18,2024-10-21,75431,6267.88,29.4
T501009,C100749,,Male,Mumbai,372624.79,2024-01-27,174853,8238.03,40.7
T501813,C100385,1986-09-04,Female,Pune,31830.7,2024-10-11,155346,3764.82,37.8
T501290,C100223,,Female,Nagpur,7196.01,2024-02-27,51132,1765.71,40.7
T503873,C100681,1967-05-15,Female,Lucknow,239151.47,2024-04-16,191111,1419.05,57.1
T502771,C100762,,Female,Chennai,52253.95,2024-06-14,50624,282.32,40.7
T500201,C100391,1973-06-01,Female,Jaipur,18082.92,2024-05-04,193032,1524.42,51.1
T505474,C100166,1986-04-06,Male,Nagpur,8813.64,2024-07-26,193808,2057.3999999999996,38.2
T505987,C100766,2004-12-11,Female,Hyderabad,73693.65,2024-05-27,141936,2455.72,19.6
T500954,C100448,1996-08-17,Female,Mumbai,1576.53,2024-02-08,104603,704.06,27.9
T502418,C100055,2001-01-23,Male,Lucknow,39750.83,2024-08-04,161224,1494.37,23.4
T504020,C100551,1967-07-13,Male,Mumbai,13935.52,2024-05-18,224541,99.15,57.0
T500829,C100328,1993-09-23,Female,Mumbai,138849.89,2024-05-21,193739,2222.64,30.8
T502361,C100000,,Male,Delhi,17012.07,2024-10-20,135324,268.74,40.7
T503907,C100729,,Male,Lucknow,264299.97,2024-01-04,151929,6577.99,40.7
T500970,C100587,1991-07-27,Male,Mumbai,18400.96,2024-02-29,191753,1141.98,32.9
T500202,C100387,1977-02-16,Male,Kolkata,20501.21,2024-02-11,193910,9568.29,47.4
T500982,C100238,1981-10-25,Unknown,Pune,51367.71,2024-05-10,120557,3360.56,42.7
T503696,C100765,1958-11-07,Male,Chennai,22571.43,2024-12-09,112258,211.88,65.6
T503318,C100083,,Female,Hyderabad,7606.81,2024-12-03,113916,2057.3999999999996,40.7
T502380,C100012,1993-10-12,Female,Unknown,50102.02,2024-06-25,175730,1256.74,30.7
T502486,C100092,2000-06-15,Male,Ahmedabad,47693.35,2024-03-19,62650,5884.74,24.0
T505068,C100579,2003-07-08,Female,Jaipur,200313.27,2024-02-01,43117,1402.14,21.0
T503097,C100764,1966-06-14,Male,Jaipur,62112.48,2024-09-24,112355,5980.3,58.0
T505756,C100189,1969-02-16,Female,Mumbai,7756.98,2024-12-24,72755,305.79,55.4
T503089,C100215,,Male,Jaipur,51679.23,2024-04-05,34925,359.16,40.7
T501187,C100609,,Male,Mumbai,18375.7,2024-06-26,80501,785.89,40.7
T504447,C100384,1998-07-13,Female,Kolkata,102416.63,2024-09-16,220903,2470.22,26.0
T503919,C100074,,Female,Hyderabad,138675.48,2024-12-13,82225,2427.54,40.7
T501595,C100692,1971-01-16,Male,Surat,47693.35,2024-09-22,220739,2915.6,53.5
T504092,C100714,1967-02-19,Male,Bengaluru,13233.37,2024-11-25,45639,447.19,57.4
T500042,C100140,1964-06-15,Unknown,Kolkata,699519.01,2024-12-17,135509,1175.07,60.0
T503347,C100022,,Female,Delhi,52253.95,2024-06-10,234321,2404.96,40.7
T505592,C100385,1986-09-04,Female,Pune,31830.7,2024-06-05,81624,1992.66,37.8
T501273,C100632,1999-08-02,Female,Chennai,70747.64,2024-01-05,203103,4095.38,24.9
T502182,C100139,1990-08-09,Male,Jaipur,34813.1,2024-12-17,120207,2057.3999999999996,33.9
T500574,C100607,,Male,Kolkata,11588.68,2024-02-23,25828,1148.21,40.7
T501920,C100759,1983-06-08,Female,Unknown,52253.95,2024-01-16,152604,11037.18,41.1
T505722,C100482,1995-05-12,Female,Bengaluru,52253.95,2024-04-14,194144,167.07,29.1
T500856,C100131,2002-07-19,Female,Hyderabad,114687.04,2024-08-11,215659,5044.04,21.9
T501808,C100619,1979-10-27,Female,Jaipur,618590.11,2024-08-03,201836,13230.41,44.7
T502620,C100454,2003-04-10,Female,Nagpur,18847.61,2024-03-26,195824,3402.67,21.2
T501846,C100560,,Female,Jaipur,25797.87,2024-09-11,133600,12291.17,40.7
T504034,C100645,1981-11-02,Male,Unknown,47693.35,2024-04-25,174513,10690.08,42.7
T504199,C100181,,Male,Pune,46982.71,2024-12-24,23020,1032.21,40.7
T504782,C100549,1985-03-20,Female,Delhi,92675.9,2024-10-19,12137,5397.0,39.3
T502458,C100132,,Unknown,Delhi,51367.71,2024-09-26,120802,686.79,40.7
T500988,C100236,1983-02-12,Male,Surat,11778.81,2024-09-30,113437,532.24,41.4
T501433,C100329,1958-11-08,Male,Ahmedabad,37113.65,2024-03-20,11119,4115.31,65.6
T504480,C100608,1978-05-11,Male,Nagpur,49274.28,2024-05-09,214858,2037.78,46.1
T504152,C100040,1994-09-14,Male,Unknown,22609.54,2024-03-17,5944,402.37,29.8
T500711,C100755,1975-07-15,Female,Hyderabad,52253.95,2024-01-17,25003,1659.93,49.0
T502372,C100759,1983-06-08,Female,Unknown,52253.95,2024-10-04,194235,4261.71,41.1
T503850,C100633,1960-05-16,Male,Jaipur,7650.67,2024-04-19,70438,2564.74,64.1
T504451,C100784,1976-08-21,Male,Pune,83499.01,2024-07-29,71703,2974.88,47.9
T503565,C100715,1966-07-01,Male,Ahmedabad,5484.47,2024-02-10,13354,465.5,58.0
T501018,C100620,1967-06-27,Unknown,Chennai,22920.89,2024-12-24,144258,4658.38,57.0
T503887,C100325,1983-11-25,Male,Jaipur,47693.35,2024-10-03,437,369.2,40.6
T503296,C100407,,Female,Jaipur,11790.29,2024-11-18,230602,4247.7,40.7
T502963,C100753,1958-12-05,Male,Ahmedabad,47693.35,2024-03-26,25322,10126.35,65.6
T504403,C100797,1984-08-09,Female,Lucknow,21946.42,2024-09-22,193254,662.57,39.9
T503461,C100177,,Unknown,Ahmedabad,208320.55,2024-04-08,80631,10185.55,40.7
T504137,C100612,1987-09-22,Unknown,Jaipur,378740.24,2024-04-14,154655,15474.99,36.8
T504714,C100381,2000-06-26,Female,Ahmedabad,34569.41,2024-07-13,202504,4248.89,24.0
T505759,C100240,2003-12-24,Male,Mumbai,58083.3,2024-11-21,22708,4331.86,20.5
T501681,C100636,1969-07-07,Female,Surat,52253.95,2024-06-16,14255,1266.57,55.0
T501969,C100527,,Male,Ahmedabad,6830.51,2024-11-12,80642,236.24,40.7
T504894,C100201,1995-06-05,Female,Surat,52253.95,2024-02-25,45100,29.56,29.1
T502051,C100504,1999-12-20,Male,Jaipur,97634.59,2024-02-12,195357,1293.23,24.5
T504311,C100330,1996-01-03,Male,Mumbai,8776.03,2024-07-23,20432,2247.5,28.5
T502146,C100353,2001-12-08,Male,Pune,47693.35,2024-05-12,141750,986.19,22.6
T502322,C100679,,Male,Kolkata,39458.8,2024-05-24,102056,1228.46,40.7
T502696,C100464,1975-12-20,Unknown,Ahmedabad,51367.71,2024-05-27,1302,774.07,48.5
T502482,C100577,1986-07-21,Male,Delhi,22754.07,2024-12-05,114044,8442.77,37.9
T501370,C100209,,Female,Unknown,38752.88,2024-03-05,90858,6851.45,40.7
T501566,C100089,1985-03-10,Male,Chennai,47693.35,2024-06-14,103705,2481.69,39.3
T503596,C100779,,Female,Kolkata,297969.29,2024-04-16,181506,272883.0199999997,40.7
T504354,C100288,1992-09-08,Unknown,Ahmedabad,35907.23,2024-05-27,114647,3101.57,31.8
T501516,C100188,1981-12-18,Male,Pune,34870.27,2024-03-11,224343,1863.76,42.5
T503993,C100674,1998-05-02,Male,Pune,3566.68,2024-09-03,22639,2763.57,26.2
T502186,C100608,1978-05-11,Male,Nagpur,49274.28,2024-12-07,230205,802.99,46.1
T503308,C100574,1985-10-03,Male,Mumbai,11779.17,2024-11-04,162245,1021.08,38.7
T503731,C100092,2000-06-15,Male,Ahmedabad,47693.35,2024-05-13,63253,10998.2,24.0
T501037,C100759,1983-06-08,Female,Unknown,52253.95,2024-08-30,145953,5305.73,41.1
T502999,C100208,,Female,Bangalore,16479.19,2024-06-06,24120,479.08,40.7
T501510,C100274,1973-07-26,Male,Kolkata,47693.35,2024-03-05,234028,206.14,50.9
T500411,C100611,,Male,Bangalore,47693.35,2024-11-12,201259,17466.7,40.7
T504760,C100380,,Female,Delhi,52253.95,2024-03-31,90151,641.27,40.7
T504075,C100109,,Male,Mumbai,83476.96,2024-02-28,52112,1479.55,40.7
T501301,C100151,1955-05-06,Male,Kolkata,83391.84,2024-12-13,201136,3252.67,69.2
T503259,C100474,1985-02-22,Male,Chennai,20972.53,2024-12-10,182455,422.99,39.4
T501317,C100727,1978-08-19,Female,Jaipur,123863.27,2024-09-13,161435,2845.96,45.9
T503316,C100450,1992-01-17,Female,Delhi,111417.27,2024-02-08,2337,3595.97,32.5
T500777,C100521,1962-02-16,Male,Kolkata,56258.99,2024-03-22,50446,1081.87,62.4
T505047,C100449,2001-08-09,Male,Chennai,47693.35,2024-10-10,2716,7098.99,22.9
T505372,C100671,1957-02-18,Male,Mumbai,60107.96,2024-08-02,194256,2751.66,67.4
T504671,C100796,1985-01-13,Female,Chennai,22196.84,2024-11-01,190656,3346.73,39.5
T502367,C100634,1987-06-04,Female,Mumbai,31133.41,2024-11-13,13850,2355.06,37.1
T502476,C100721,1984-04-01,Female,Delhi,9140.35,2024-08-17,161618,681.42,40.2
T504169,C100077,1990-01-06,Female,Ahmedabad,28809.7,2024-08-02,223110,3128.69,34.5
T500025,C100255,1959-07-12,Female,Pune,52253.95,2024-03-04,205202,1763.19,65.0
T503392,C100093,1965-10-15,Female,Unknown,157865.54,2024-04-16,194229,16655.74,58.7
T501408,C100759,1983-06-08,Female,Unknown,52253.95,2024-07-27,1718,16469.93,41.1
T501139,C100094,1981-03-20,Female,Bangalore,50521.45,2024-09-24,34302,7574.78,43.3
T500505,C100506,,Female,Mumbai,26364.3,2024-03-15,105538,900.97,40.7
T501560,C100612,1987-09-22,Unknown,Jaipur,378740.24,2024-09-28,110906,3656.57,36.8
T501120,C100136,2002-08-17,Unknown,Ahmedabad,51367.71,2024-02-23,25710,2929.79,21.9
T504682,C100263,,Female,Bangalore,52253.95,2024-06-05,112331,2323.73,40.7
T500601,C100759,1983-06-08,Female,Unknown,52253.95,2024-07-08,45939,2901.05,41.1
T504707,C100620,1967-06-27,Unknown,Chennai,22920.89,2024-04-17,13614,2505.68,57.0
T503941,C100253,1978-03-27,Male,Bangalore,107511.5,2024-08-30,142147,3963.91,46.3
T502737,C100230,,Female,Chennai,17144.19,2024-04-04,105310,803.21,40.7
T503851,C100532,2004-08-12,Male,Ahmedabad,47693.35,2024-02-13,210905,26648.0,19.9
T502613,C100196,1965-08-17,Female,Hyderabad,24873.57,2024-04-14,161104,536.63,58.9
T500348,C100509,1977-09-18,Male,Bangalore,26256.74,2024-06-17,123739,2057.3999999999996,46.8
T502442,C100065,2001-02-18,Male,Delhi,55990.05,2024-07-22,30606,6825.29,23.4
T505591,C100109,,Male,Mumbai,83476.96,2024-03-25,203501,1568.7,40.7
T505744,C100050,1981-01-09,Male,Unknown,3008.14,2024-03-25,102011,1202.87,43.5
T504987,C100519,1980-10-12,Male,Kolkata,103786.19,2024-01-19,213446,2057.3999999999996,43.7
T500629,C100278,1989-05-16,Male,Bangalore,113740.31,2024-06-27,234901,4346.54,35.1
T505519,C100130,1977-02-07,Female,Pune,7572.86,2024-10-27,183442,173.56,47.4
T502548,C100539,2001-07-22,Female,Bengaluru,34098.88,2024-03-14,1824,2057.3999999999996,22.9
T504807,C100136,2002-08-17,Unknown,Ahmedabad,51367.71,2024-11-28,211236,1151.95,21.9
T500408,C100612,1987-09-22,Unknown,Jaipur,378740.24,2024-06-03,232627,4632.64,36.8
T503391,C100700,1988-03-06,Male,Pune,47693.35,2024-08-10,165517,2533.53,36.3
T500164,C100772,,Female,Chennai,14449.91,2024-03-31,161144,569.61,40.7
T502336,C100419,,Male,Delhi,26055.1,2024-02-07,21529,415.76,40.7
T504049,C100220,1967-12-16,Female,Kolkata,36055.65,2024-01-22,171924,397.04,56.5
T502426,C100229,2004-07-25,Female,Chennai,47420.96,2024-12-02,120332,4751.38,19.9
T501087,C100789,1972-02-08,Female,Delhi,52253.95,2024-02-04,54611,161.99,52.4
T503770,C100661,1965-06-14,Unknown,Jaipur,105161.33,2024-07-29,74918,2946.7,59.0
T504390,C100757,,Unknown,Nagpur,128307.71,2024-11-22,230700,6210.92,40.7
T502914,C100637,1989-04-09,Female,Pune,52253.95,2024-02-03,3611,3175.96,35.2
T502860,C100647,,Female,Chennai,27953.84,2024-10-12,184240,1855.48,40.7
T502363,C100542,1995-07-05,Male,Pune,27050.64,2024-02-26,162836,1549.0,29.0
T504624,C100525,1969-05-10,Female,Chennai,212533.64,2024-04-19,114016,14775.93,55.1
T503881,C100794,1959-07-15,Female,Pune,32969.19,2024-08-22,181949,787.79,65.0
T504123,C100570,1960-04-04,Female,Kolkata,8280.19,2024-05-24,181949,2057.3999999999996,64.2
T505981,C100141,1986-10-20,Unknown,Mumbai,160886.94,2024-06-20,232012,5393.52,37.7
T500274,C100597,1972-09-02,Female,Pune,30467.88,2024-10-18,22104,3085.9,51.8
T501072,C100345,1983-05-01,Female,Kolkata,12276.92,2024-05-04,130944,1380.41,41.2
T504885,C100218,1979-08-01,Male,Ahmedabad,470799.86,2024-02-27,221845,6862.32,44.9
T500675,C100573,1976-01-19,Male,Hyderabad,41943.84,2024-11-13,73319,2576.02,48.4
T505682,C100016,1956-02-07,Female,Mumbai,21454.12,2024-04-11,61615,624.4,68.4
T503382,C100340,1974-11-10,Male,Mumbai,11896.1,2024-08-04,80120,2680.15,49.6
T503704,C100696,1975-05-18,Male,Unknown,295142.68,2024-10-18,112106,3734.56,49.1
T500585,C100670,1983-10-26,Female,Mumbai,371867.09,2024-09-02,234026,13867.0,40.7
T500837,C100267,1964-03-24,Female,Bengaluru,100432.83,2024-11-25,51609,3215.45,60.3
T504399,C100653,1965-07-06,Female,Ahmedabad,305029.15,2024-09-06,211633,506.63,59.0
T502615,C100517,2001-06-26,Male,Jaipur,53788.28,2024-09-13,15607,10213.38,23.0
T502965,C100052,,Female,Mumbai,54071.44,2024-03-09,62924,8940.86,40.7
T501437,C100429,1992-05-17,Female,Delhi,40293.13,2024-01-14,135025,1425.89,32.1
T501553,C100274,1973-07-26,Male,Kolkata,47693.35,2024-05-23,61238,1524.27,50.9
T500816,C100210,1956-12-04,Female,Delhi,112806.44,2024-02-07,61938,3240.39,67.6
T501243,C100581,1991-01-10,Male,Bengaluru,13752.63,2024-11-27,45035,264.84,33.5
T504312,C100579,2003-07-08,Female,Jaipur,200313.27,2024-07-06,314,8461.21,21.0
T500302,C100330,1996-01-03,Male,Mumbai,8776.03,2024-08-26,191950,909.46,28.5
T502619,C100723,1971-06-05,Male,Surat,78759.05,2024-07-02,120159,4212.59,53.1
T505779,C100237,,Male,Pune,47693.35,2024-03-19,135720,14385.54,40.7
T502678,C100579,2003-07-08,Female,Jaipur,200313.27,2024-10-13,164601,4091.52,21.0
T502485,C100162,1997-09-24,Male,Delhi,42810.3,2024-04-08,123428,1358.99,26.8
T503936,C100763,1994-09-10,Male,Mumbai,47693.35,2024-05-30,4243,3887.6,29.8
T503162,C100640,2003-11-22,Male,Ahmedabad,47693.35,2024-12-18,144218,10698.32,20.6
T501063,C100389,1975-07-12,Female,Kolkata,52253.95,2024-12-25,100118,2469.38,49.0
T500872,C100521,1962-02-16,Male,Kolkata,56258.99,2024-05-07,72556,2113.02,62.4
T502819,C100065,2001-02-18,Male,Delhi,55990.05,2024-02-12,222605,17522.89,23.4
T500952,C100437,1977-05-10,Female,Pune,58587.83,2024-06-29,140249,503.1,47.1
T500159,C100293,1989-05-13,Male,Bangalore,10023.2,2024-09-23,180547,82.92,35.1
T500923,C100145,,Unknown,Mumbai,51367.71,2024-06-08,105541,652.81,40.7
T502770,C100773,1982-04-10,Unknown,Kolkata,51367.71,2024-02-26,165058,2758.49,42.2
T504155,C100056,1973-08-20,Male,Chennai,116022.67,2024-10-07,102353,43.68,50.9
T505798,C100412,1985-10-02,Unknown,Mumbai,21748.09,2024-05-13,82214,1347.79,38.7
T504334,C100662,,Male,Mumbai,64116.87,2024-05-28,41934,1768.16,40.7
T501975,C100021,1996-01-24,Male,Hyderabad,51078.01,2024-07-13,92745,1462.86,28.4
T504119,C100569,1967-08-06,Unknown,Kolkata,51367.71,2024-03-23,55842,5950.91,56.9
T501828,C100423,2004-10-23,Male,Chennai,138103.22,2024-07-28,200657,3954.38,19.7
T504779,C100095,1980-11-25,Female,Ahmedabad,52253.95,2024-06-25,222238,600.31,43.6
T503735,C100036,1957-08-04,Unknown,Lucknow,119884.19,2024-11-01,191144,1686.87,66.9
T502394,C100169,1990-12-22,Unknown,Ahmedabad,346738.24,2024-09-17,215637,18952.85,33.5
T505329,C100327,1959-06-23,Unknown,Bangalore,51367.71,2024-06-08,120027,206.44,65.0
T503603,C100464,1975-12-20,Unknown,Ahmedabad,51367.71,2024-08-31,95056,578.45,48.5
T502056,C100027,1989-08-17,Unknown,Ahmedabad,11262.83,2024-10-11,151835,2016.14,34.9
T504324,C100479,1980-10-22,Female,Kolkata,98501.77,2024-04-03,193928,2056.76,43.7
T500489,C100766,2004-12-11,Female,Hyderabad,73693.65,2024-06-21,195843,1549.53,19.6
T503713,C100121,,Unknown,Delhi,51367.71,2024-01-03,144515,1834.77,40.7
T503488,C100077,1990-01-06,Female,Ahmedabad,28809.7,2024-05-28,235605,1086.63,34.5
T502283,C100289,2004-03-09,Male,Jaipur,26392.12,2024-04-29,174204,113.19,20.3
T504111,C100412,1985-10-02,Unknown,Mumbai,21748.09,2024-08-03,30914,3946.55,38.7
T501824,C100675,1962-04-07,Unknown,Bangalore,91272.97,2024-03-15,73347,3798.36,62.2
T504365,C100333,1986-03-18,Female,Lucknow,52253.95,2024-08-05,111256,5346.07,38.3
T504419,C100389,1975-07-12,Female,Kolkata,52253.95,2024-01-10,104205,303.41,49.0
T501588,C100124,1959-11-13,Male,Unknown,2357.17,2024-04-20,201503,521.18,64.6
T503348,C100794,1959-07-15,Female,Pune,32969.19,2024-12-07,183512,373.62,65.0
T505910,C100559,2001-12-04,Unknown,Mumbai,83977.32,2024-12-24,224250,1634.22,22.6
T501751,C100318,1976-04-19,Unknown,Jaipur,171947.48,2024-01-07,151132,5506.91,48.2
T501231,C100541,,Male,Ahmedabad,186265.55,2024-09-05,104238,3239.28,40.7
T504089,C100005,1966-11-23,Unknown,Mumbai,44083.6,2024-04-24,10350,3762.6,57.6
T503160,C100504,1999-12-20,Male,Jaipur,97634.59,2024-05-20,140458,1303.94,24.5
T500963,C100013,1995-03-19,Unknown,Mumbai,11833.88,2024-02-22,180434,2057.3999999999996,29.3
T504593,C100366,1987-12-10,Female,Surat,9704.44,2024-04-20,35309,562.89,36.6
T500352,C100501,,Female,Delhi,98637.64,2024-01-06,204004,2770.85,40.7
T501838,C100083,,Female,Hyderabad,7606.81,2024-10-24,51234,705.36,40.7
T503945,C100046,1985-11-27,Female,Delhi,4232.4,2024-02-27,120504,215.65,38.6
T504952,C100586,2002-01-03,Unknown,Hyderabad,69749.17,2024-06-23,175309,5600.26,22.5
T500001,C100794,1959-07-15,Female,Pune,32969.19,2024-09-03,163603,905.34,65.0
T505270,C100097,1991-02-26,Female,Pune,6498.69,2024-06-23,192311,228.27,33.3
T504381,C100504,1999-12-20,Male,Jaipur,97634.59,2024-03-14,125746,2255.91,24.5
T505932,C100080,1998-05-06,Male,Bangalore,772078.46,2024-11-26,21155,6958.41,26.2
T500783,C100745,2002-11-16,Female,Ahmedabad,53359.6,2024-12-14,113806,1430.82,21.6
T504991,C100557,1988-09-20,Female,Unknown,20249.85,2024-03-10,171020,184.13,35.8
T502396,C100075,2001-02-25,Female,Hyderabad,13759.87,2024-01-26,115909,1123.09,23.3
T504973,C100097,1991-02-26,Female,Pune,6498.69,2024-08-30,60636,189.96,33.3
T500068,C100060,2001-09-21,Male,Hyderabad,4623.6,2024-04-06,21923,590.51,22.8
T500403,C100015,1994-04-22,Male,Mumbai,47693.35,2024-09-14,194325,1307.51,30.2
T503434,C100190,1979-11-06,Male,Jaipur,39923.71,2024-12-06,162154,1952.6,44.6
T505532,C100549,1985-03-20,Female,Delhi,92675.9,2024-02-04,174027,3646.99,39.3
T504273,C100417,1993-03-23,Male,Mumbai,1928.25,2024-09-19,10512,720.63,31.3
T503428,C100628,1990-09-03,Male,Pune,109284.74,2024-03-02,100829,873.0,33.8
T502139,C100532,2004-08-12,Male,Ahmedabad,47693.35,2024-08-10,11203,558.64,19.9
T501200,C100148,1980-03-12,Female,Chennai,52253.95,2024-04-19,141819,2317.55,44.3
T502915,C100372,1983-12-19,Female,Mumbai,59995.96,2024-06-13,82531,4206.36,40.5
T502300,C100403,2003-06-13,Female,Jaipur,14630.12,2024-03-22,40808,72.44,21.0
T501756,C100513,1992-02-06,Female,Bengaluru,14786.27,2024-10-15,41131,4092.09,32.4
T503486,C100031,1977-11-04,Unknown,Delhi,51367.71,2024-01-23,34008,108.88,46.7
T501577,C100637,1989-04-09,Female,Pune,52253.95,2024-05-18,15849,16253.07,35.2
T502719,C100318,1976-04-19,Unknown,Jaipur,171947.48,2024-01-27,163338,4740.65,48.2
T502241,C100498,1999-12-16,Male,Lucknow,9148.77,2024-05-17,152208,1376.82,24.5
T502774,C100574,1985-10-03,Male,Mumbai,11779.17,2024-06-28,224919,920.34,38.7
T501507,C100534,1980-09-21,Female,Mumbai,52253.95,2024-02-20,21804,1625.0,43.8
T503749,C100421,1985-01-17,Male,Chennai,123501.29,2024-05-02,31622,349.11,39.4
T502493,C100235,1981-09-21,Female,Pune,15017.22,2024-05-23,164929,675.51,42.8
T505224,C100573,1976-01-19,Male,Hyderabad,41943.84,2024-06-10,191607,9341.17,48.4
T500538,C100473,1982-04-03,Female,Bengaluru,52253.95,2024-08-21,35602,2738.03,42.2
T501330,C100326,,Male,Hyderabad,23182.39,2024-01-18,221216,920.56,40.7
T502303,C100393,1981-11-11,Female,Mumbai,15018.25,2024-08-19,183351,589.19,42.6
T502499,C100637,1989-04-09,Female,Pune,52253.95,2024-01-11,165547,383.52,35.2
T501612,C100598,1995-02-20,Female,Bengaluru,138205.32,2024-01-13,62342,2696.59,29.4
T501488,C100012,1993-10-12,Female,Unknown,50102.02,2024-01-09,13028,1300.0,30.7
T502018,C100514,1975-12-04,Unknown,Kolkata,51367.71,2024-05-24,122627,897.56,48.6
T501744,C100695,,Male,Unknown,26555.71,2024-08-05,24753,4760.84,40.7
T504939,C100500,2001-04-06,Female,Pune,34173.25,2024-01-15,121803,1265.48,23.2
T505610,C100096,1961-08-20,Male,Lucknow,76980.73,2024-06-16,145419,3018.64,62.9
T504606,C100022,,Female,Delhi,52253.95,2024-08-30,222828,103.07,40.7
T501393,C100633,1960-05-16,Male,Jaipur,7650.67,2024-10-21,190601,3387.21,64.1
T501508,C100303,1973-05-06,Male,Bangalore,16218.38,2024-06-30,165603,1814.42,51.2
T501194,C100657,1974-08-02,Male,Ahmedabad,71006.14,2024-08-20,123159,1267.52,49.9
T505334,C100658,1996-06-17,Female,Chennai,62261.48,2024-01-04,235415,1262.59,28.0
T505925,C100021,1996-01-24,Male,Hyderabad,51078.01,2024-09-13,193845,299.13,28.4
T503800,C100070,1994-10-17,Female,Lucknow,29489.38,2024-09-08,102221,1505.61,29.7
T505252,C100436,,Female,Jaipur,93354.27,2024-01-21,130818,2654.87,40.7
T504677,C100260,1982-07-05,Male,Mumbai,47216.74,2024-01-30,53355,3755.65,42.0
T504951,C100339,1966-04-20,Male,Pune,62182.35,2024-05-14,224213,7709.26,58.2
T501931,C100479,1980-10-22,Female,Kolkata,98501.77,2024-02-09,112749,2225.34,43.7
T502812,C100513,1992-02-06,Female,Bengaluru,14786.27,2024-05-27,132106,517.88,32.4
T503974,C100200,1984-09-07,Female,Pune,99008.06,2024-07-27,192239,4890.97,39.8
T502539,C100480,1993-09-08,Female,Mumbai,37940.98,2024-05-20,190709,963.28,30.8
T502669,C100005,1966-11-23,Unknown,Mumbai,44083.6,2024-02-16,75300,5427.14,57.6
T503719,C100450,1992-01-17,Female,Delhi,111417.27,2024-03-25,11038,16978.83,32.5
T503248,C100153,1982-08-04,Female,Lucknow,379373.89,2024-05-01,62901,7312.2,41.9
T504759,C100600,1981-01-05,Female,Jaipur,67373.79,2024-11-18,172601,4035.81,43.5
T502822,C100070,1994-10-17,Female,Lucknow,29489.38,2024-10-11,235711,331.87,29.7
T500573,C100163,1970-08-04,Male,Kolkata,3126.03,2024-10-09,113553,496.2,53.9
T500696,C100734,1985-06-24,Female,Pune,29158.72,2024-03-02,90747,2651.95,39.0
T505937,C100349,,Female,Pune,397135.49,2024-06-12,202339,7853.89,40.7
T505499,C100139,1990-08-09,Male,Jaipur,34813.1,2024-06-23,201459,6066.13,33.9
T505031,C100465,1975-04-06,Female,Kolkata,52253.95,2024-10-29,213307,331.51,49.2
T505214,C100274,1973-07-26,Male,Kolkata,47693.35,2024-12-18,54845,2153.92,50.9
T502187,C100470,1997-02-05,Female,Nagpur,155474.78,2024-03-29,72502,272883.0199999997,27.4
T504022,C100395,2001-02-20,Female,Kolkata,30084.28,2024-04-10,72834,943.62,23.4
T505043,C100363,1995-11-08,Male,Surat,6950.01,2024-09-20,82118,307.22,28.6
T502045,C100368,1991-10-16,Female,Jaipur,144315.15,2024-07-06,24302,15310.78,32.7
T500282,C100045,,Male,Unknown,50615.7,2024-07-28,35931,5505.5,40.7
T500258,C100349,,Female,Pune,397135.49,2024-03-11,40906,3806.21,40.7
T502664,C100387,1977-02-16,Male,Kolkata,20501.21,2024-01-16,173252,2265.62,47.4
T505132,C100715,1966-07-01,Male,Ahmedabad,5484.47,2024-12-12,203550,38.06,58.0
T503233,C100680,1964-12-27,Male,Chennai,83125.23,2024-06-23,55931,12006.36,59.5
T500725,C100229,2004-07-25,Female,Chennai,47420.96,2024-09-30,112514,1147.81,19.9
T501636,C100658,1996-06-17,Female,Chennai,62261.48,2024-03-14,55912,1050.21,28.0
T504773,C100517,2001-06-26,Male,Jaipur,53788.28,2024-09-27,154721,11145.4,23.0
T500055,C100649,1959-08-03,Unknown,Delhi,342978.92,2024-03-27,224045,6952.3,64.9
T505018,C100289,2004-03-09,Male,Jaipur,26392.12,2024-02-15,171049,2147.37,20.3
T501411,C100294,1977-04-19,Female,Hyderabad,52253.95,2024-07-27,171347,1347.18,47.2
T502214,C100476,1964-07-27,Female,Pune,66112.87,2024-12-10,55234,3763.41,59.9
T502935,C100646,,Male,Delhi,56399.4,2024-06-03,130245,1779.93,40.7
T500888,C100123,1996-09-14,Male,Hyderabad,24576.12,2024-02-13,83731,880.81,27.8
T502954,C100234,1998-03-15,Female,Chennai,59188.47,2024-07-28,104100,835.37,26.3
T501687,C100173,2003-09-18,Female,Pune,28296.42,2024-12-07,225417,6631.25,20.8
T501819,C100587,1991-07-27,Male,Mumbai,18400.96,2024-05-03,172643,478.69,32.9
T503703,C100065,2001-02-18,Male,Delhi,55990.05,2024-05-04,90504,15445.13,23.4
T501972,C100468,,Male,Chennai,84203.67,2024-06-10,192630,7711.27,40.7
T504701,C100139,1990-08-09,Male,Jaipur,34813.1,2024-01-02,162301,4106.93,33.9
T502286,C100232,1984-12-23,Unknown,Chennai,41614.26,2024-01-29,42919,921.37,39.5
T505784,C100553,2001-07-01,Female,Surat,71513.73,2024-11-07,154351,5150.36,23.0
T505042,C100174,1972-07-21,Male,Bengaluru,97279.18,2024-12-06,100332,4362.23,51.9
T502848,C100344,1963-04-13,Unknown,Unknown,4994.06,2024-06-27,190752,436.49,61.2
T504713,C100663,1961-03-24,Male,Unknown,600713.48,2024-11-14,91319,3251.34,63.3
T500123,C100275,1965-05-04,Female,Bangalore,175954.66,2024-02-05,24718,6607.91,59.2
T504430,C100375,1999-11-27,Male,Nagpur,267588.1,2024-01-31,152819,23499.4,24.6
T505704,C100741,1966-04-24,Male,Kolkata,32097.85,2024-09-05,105021,2384.04,58.2
T504400,C100409,,Female,Bangalore,20193.51,2024-03-28,22853,2057.3999999999996,40.7
T500980,C100439,1967-03-08,Female,Bangalore,48286.94,2024-11-02,135709,1313.73,57.3
T500175,C100726,1966-07-04,Male,Kolkata,213622.83,2024-10-01,110009,21462.28,58.0
T500581,C100055,2001-01-23,Male,Lucknow,39750.83,2024-12-20,122639,1995.45,23.4
T504950,C100136,2002-08-17,Unknown,Ahmedabad,51367.71,2024-01-15,223648,986.61,21.9
T501616,C100701,1973-08-26,Male,Delhi,26855.95,2024-06-20,220228,1636.2,50.8
T505443,C100312,1971-03-04,Female,Nagpur,52253.95,2024-05-17,91433,483.86,53.3
T502876,C100438,,Female,Bengaluru,52253.95,2024-07-07,1705,2842.51,40.7
T505198,C100726,1966-07-04,Male,Kolkata,213622.83,2024-02-09,65848,15835.96,58.0
T503243,C100191,1979-01-02,Male,Pune,70003.54,2024-02-21,213646,3900.21,45.5
T501861,C100072,1987-07-07,Female,Bengaluru,13636.68,2024-08-06,132534,2263.21,37.0
T503575,C100716,,Female,Unknown,240805.5,2024-01-24,141114,2729.78,40.7
T503606,C100663,1961-03-24,Male,Unknown,600713.48,2024-09-05,43432,4206.36,63.3
T505840,C100006,1990-02-05,Female,Bangalore,40563.16,2024-12-30,235152,2057.3999999999996,34.4
T502974,C100664,1987-01-09,Unknown,Mumbai,99475.96,2024-04-01,2729,7693.2,37.5
T504505,C100550,1986-08-19,Female,Mumbai,121126.01,2024-07-13,110113,14533.63,37.9
T504771,C100350,1984-05-06,Male,Bengaluru,47693.35,2024-11-13,215720,1007.06,40.2
T500297,C100698,1986-10-03,Male,Mumbai,186379.37,2024-03-18,134807,6270.93,37.7
T500925,C100509,1977-09-18,Male,Bangalore,26256.74,2024-11-24,151636,955.42,46.8
T504118,C100597,1972-09-02,Female,Pune,30467.88,2024-09-02,72216,1786.55,51.8
T505063,C100687,1961-01-23,Female,Jaipur,52253.95,2024-12-14,171609,430.09,63.4
T502115,C100153,1982-08-04,Female,Lucknow,379373.89,2024-06-27,170950,7004.32,41.9
T504824,C100605,,Male,Lucknow,79326.66,2024-06-01,104940,251.5,40.7
T501307,C100640,2003-11-22,Male,Ahmedabad,47693.35,2024-12-03,210148,3534.63,20.6
T504767,C100737,1961-06-03,Female,Delhi,71291.17,2024-02-16,21230,366.03,63.1
T501672,C100151,1955-05-06,Male,Kolkata,83391.84,2024-09-09,10835,10825.95,69.2
T501199,C100418,1960-01-14,Unknown,Hyderabad,51367.71,2024-01-31,103024,2451.43,64.5
T502229,C100600,1981-01-05,Female,Jaipur,67373.79,2024-08-09,32120,2010.85,43.5
T500293,C100177,,Unknown,Ahmedabad,208320.55,2024-10-23,105705,928.1,40.7
T502690,C100401,1997-12-22,Female,Chennai,24925.63,2024-02-12,233043,887.66,26.5
T504222,C100546,1993-05-20,Male,Delhi,76684.14,2024-04-30,95221,1494.06,31.1
T504994,C100153,1982-08-04,Female,Lucknow,379373.89,2024-02-17,50819,1617.04,41.9
T500692,C100329,1958-11-08,Male,Ahmedabad,37113.65,2024-04-12,5236,3575.19,65.6
T500686,C100779,,Female,Kolkata,297969.29,2024-12-24,122404,3934.11,40.7
T500817,C100773,1982-04-10,Unknown,Kolkata,51367.71,2024-04-10,75014,11129.49,42.2
T500216,C100451,2002-01-19,Male,Chennai,24527.13,2024-02-06,135941,898.02,22.4
T503325,C100486,1993-04-07,Female,Pune,3302.51,2024-01-03,81859,92.83,31.2
T504248,C100513,1992-02-06,Female,Bengaluru,14786.27,2024-03-05,195904,6950.08,32.4
T505891,C100726,1966-07-04,Male,Kolkata,213622.83,2024-08-24,150240,3496.61,58.0
T503889,C100291,1975-08-14,Female,Pune,52253.95,2024-02-02,124054,197.61,48.9
T505672,C100762,,Female,Chennai,52253.95,2024-06-24,22207,232.85,40.7
T505899,C100797,1984-08-09,Female,Lucknow,21946.42,2024-05-04,144933,546.96,39.9
T500478,C100063,2001-02-14,Female,Chennai,67715.0,2024-04-27,125130,763.17,23.4
T505819,C100683,1974-10-06,Female,Mumbai,51370.71,2024-08-08,93644,2005.89,49.7
T505483,C100449,2001-08-09,Male,Chennai,47693.35,2024-12-07,214145,1917.02,22.9
T503198,C100668,1978-07-21,Female,Bangalore,99681.03,2024-02-29,22428,9955.48,45.9
T500812,C100002,1990-10-14,Female,Bangalore,4740.87,2024-07-22,90445,481.91,33.7
T504346,C100457,1991-11-23,Male,Hyderabad,46885.9,2024-05-23,10222,1943.17,32.6
T500843,C100563,,Unknown,Delhi,51367.71,2024-02-01,202933,6387.02,40.7
T503056,C100134,1959-04-17,Male,Hyderabad,12808.18,2024-09-28,221748,1274.92,65.2
T502375,C100670,1983-10-26,Female,Mumbai,371867.09,2024-02-13,220327,4460.45,40.7
T504069,C100742,,Unknown,Mumbai,4402.93,2024-05-26,63540,578.48,40.7
T502032,C100448,1996-08-17,Female,Mumbai,1576.53,2024-12-12,165722,1014.05,27.9
T500967,C100210,1956-12-04,Female,Delhi,112806.44,2024-12-16,22105,677.35,67.6
T505883,C100517,2001-06-26,Male,Jaipur,53788.28,2024-05-29,30159,3207.62,23.0
T505412,C100735,1971-11-02,Unknown,Hyderabad,55080.47,2024-10-17,173027,515.41,52.7
T500972,C100512,1986-08-19,Male,Unknown,88055.27,2024-08-28,74838,1716.56,37.9
T501896,C100239,1978-10-02,Male,Chennai,30783.15,2024-10-28,82343,3015.17,45.7
T504342,C100342,1969-06-07,Male,Surat,9262.22,2024-10-26,115547,7545.33,55.1
T502704,C100037,1994-03-09,Female,Delhi,33340.33,2024-09-22,80630,1977.17,30.3
T505114,C100736,1994-08-24,Male,Mumbai,21365.93,2024-01-01,163136,1349.37,29.9
T503374,C100693,1988-10-11,Female,Jaipur,247886.54,2024-03-20,102102,4024.96,35.7
T505067,C100591,1975-05-16,Male,Jaipur,31294.72,2024-01-31,221008,5378.03,49.1
T505112,C100452,1966-10-27,Female,Mumbai,33276.34,2024-08-20,94428,7379.87,57.7
T505378,C100512,1986-08-19,Male,Unknown,88055.27,2024-08-07,72032,965.98,37.9
T502951,C100371,1960-12-25,Male,Pune,10182.0,2024-06-06,203636,3101.84,63.5
T501345,C100071,2001-06-04,Male,Pune,7466.77,2024-08-19,40824,1253.98,23.1
T505505,C100321,,Male,Bangalore,66868.65,2024-02-06,14157,425.27,40.7
T500975,C100077,1990-01-06,Female,Ahmedabad,28809.7,2024-10-30,90332,1763.14,34.5
T505217,C100131,2002-07-19,Female,Hyderabad,114687.04,2024-09-25,82637,2164.61,21.9
T500509,C100594,1990-02-24,Male,Hyderabad,73506.23,2024-09-12,200750,290.15,34.3
T500122,C100565,2004-09-19,Female,Bangalore,67225.87,2024-08-06,72903,1406.21,19.8
T505509,C100144,1996-01-03,Female,Chennai,63913.1,2024-06-26,95246,120.79,28.5
T505552,C100771,,Female,Kolkata,9840.47,2024-06-08,141221,783.94,40.7
T501710,C100203,2002-02-01,Female,Kolkata,3361.7,2024-04-25,192410,1633.5,22.4
T502100,C100000,,Male,Delhi,17012.07,2024-10-24,31657,231.95,40.7
T500869,C100257,,Unknown,Jaipur,88380.56,2024-05-30,65238,3768.34,40.7
T505561,C100781,,Female,Lucknow,52253.95,2024-09-27,22031,2227.77,40.7
T501030,C100334,1992-05-05,Unknown,Kolkata,92365.78,2024-11-20,203144,354.07,32.2
T503463,C100204,1969-02-01,Unknown,Jaipur,19428.09,2024-06-07,200435,639.8,55.4
T504852,C100083,,Female,Hyderabad,7606.81,2024-09-22,123814,1518.95,40.7
T501998,C100239,1978-10-02,Male,Chennai,30783.15,2024-09-08,83145,3486.79,45.7
T503590,C100563,,Unknown,Delhi,51367.71,2024-08-08,81246,8289.3,40.7
T501156,C100291,1975-08-14,Female,Pune,52253.95,2024-06-23,174630,10345.35,48.9
T503156,C100209,,Female,Unknown,38752.88,2024-09-03,25309,882.05,40.7
T504428,C100134,1959-04-17,Male,Hyderabad,12808.18,2024-09-16,213255,858.38,65.2
T501575,C100185,1990-08-13,Female,Kolkata,119141.06,2024-11-21,235759,7971.01,33.9
T505761,C100220,1967-12-16,Female,Kolkata,36055.65,2024-05-03,32015,2225.59,56.5
T500061,C100587,1991-07-27,Male,Mumbai,18400.96,2024-05-30,93910,4151.0,32.9
T500472,C100181,,Male,Pune,46982.71,2024-10-02,161102,2057.3999999999996,40.7
T504997,C100268,1990-10-09,Female,Ahmedabad,24478.2,2024-05-17,115119,1621.21,33.7
T503454,C100556,,Female,Hyderabad,92723.33,2024-02-04,123351,1704.64,40.7
T500865,C100404,,Male,Kolkata,17067.98,2024-05-04,90414,2518.65,40.7
T503583,C100254,1964-06-08,Female,Ahmedabad,184790.05,2024-04-27,215803,21294.25,60.1
T503614,C100720,,Male,Lucknow,53994.49,2024-12-25,165628,385.71,40.7
T504837,C100635,1998-07-13,Male,Delhi,20087.81,2024-09-11,204035,1785.78,26.0
T505938,C100759,1983-06-08,Female,Unknown,52253.95,2024-10-01,212249,7098.12,41.1
T503388,C100663,1961-03-24,Male,Unknown,600713.48,2024-10-20,130524,12418.3,63.3
T502180,C100336,1997-02-27,Male,Nagpur,75339.25,2024-07-09,205943,1111.96,27.3
T504743,C100108,1974-12-26,Male,Jaipur,53397.38,2024-03-05,160517,920.98,49.5
T503281,C100563,,Unknown,Delhi,51367.71,2024-08-13,73443,913.8,40.7
T505087,C100091,1994-12-19,Female,Kolkata,138944.05,2024-09-27,100137,6526.81,29.5
T501628,C100047,1966-07-11,Female,Hyderabad,22419.5,2024-08-24,105646,1124.47,58.0
T502438,C100555,1993-03-27,Female,Ahmedabad,66420.28,2024-02-28,81554,1796.13,31.3
T501149,C100658,1996-06-17,Female,Chennai,62261.48,2024-05-18,70347,1669.13,28.0
T501160,C100798,2000-02-01,Male,Delhi,17004.51,2024-12-09,24505,414.38,24.4
T500256,C100728,1988-08-09,Female,Delhi,6027.16,2024-03-01,81356,217.97,35.9
T502598,C100428,1981-03-17,Male,Pune,163084.05,2024-06-20,10229,8719.53,43.3
T504729,C100449,2001-08-09,Male,Chennai,47693.35,2024-03-26,15447,3911.81,22.9
T505525,C100631,1970-03-15,Male,Delhi,47693.35,2024-01-23,221926,151.7,54.3
T504873,C100215,,Male,Jaipur,51679.23,2024-03-03,152601,1411.97,40.7
T501105,C100449,2001-08-09,Male,Chennai,47693.35,2024-10-19,100104,3044.58,22.9
T505120,C100680,1964-12-27,Male,Chennai,83125.23,2024-07-17,135008,4414.21,59.5
T503407,C100675,1962-04-07,Unknown,Bangalore,91272.97,2024-12-18,23109,1291.01,62.2
T500557,C100535,1981-02-12,Female,Chennai,10577.18,2024-05-31,132625,234205.00000000003,43.4
T501850,C100194,2004-04-10,Female,Mumbai,8031.94,2024-08-31,81849,1618.75,20.2
T502088,C100185,1990-08-13,Female,Kolkata,119141.06,2024-11-21,123051,6867.98,33.9
T502899,C100709,2001-12-15,Female,Nagpur,253403.83,2024-06-07,171308,2250.65,22.5
T503220,C100371,1960-12-25,Male,Pune,10182.0,2024-08-11,51225,497.22,63.5
T500261,C100515,1997-10-13,Male,Chennai,48437.97,2024-01-02,204955,1781.74,26.7
T505178,C100623,1972-11-07,Female,Nagpur,52253.95,2024-06-20,180254,151.05,51.6
T500627,C100238,1981-10-25,Unknown,Pune,51367.71,2024-10-17,212853,3751.54,42.7
T501889,C100381,2000-06-26,Female,Ahmedabad,34569.41,2024-11-05,183045,326.1,24.0
T503042,C100527,,Male,Ahmedabad,6830.51,2024-09-04,165930,717.35,40.7
T504305,C100444,1984-06-13,Female,Surat,14948.14,2024-02-01,113840,840.17,40.0
T502078,C100065,2001-02-18,Male,Delhi,55990.05,2024-02-10,21536,5380.2,23.4
T503585,C100010,1989-09-06,Female,Kolkata,239001.2,2024-10-05,61834,13419.85,34.8
T504304,C100436,,Female,Jaipur,93354.27,2024-04-01,94039,5118.03,40.7
T501606,C100693,1988-10-11,Female,Jaipur,247886.54,2024-11-04,3550,11376.32,35.7
T501020,C100569,1967-08-06,Unknown,Kolkata,51367.71,2024-02-21,81454,878.67,56.9
T500608,C100541,,Male,Ahmedabad,186265.55,2024-08-09,135118,380.47,40.7
T501403,C100633,1960-05-16,Male,Jaipur,7650.67,2024-10-01,22837,3348.69,64.1
T505081,C100498,1999-12-16,Male,Lucknow,9148.77,2024-09-12,111541,751.75,24.5
T503254,C100585,,Female,Chennai,51724.58,2024-01-13,45401,931.81,40.7
T502096,C100521,1962-02-16,Male,Kolkata,56258.99,2024-11-03,122855,4668.27,62.4
T500209,C100214,1998-06-09,Female,Lucknow,68205.42,2024-09-26,70220,1071.94,26.1
T503798,C100596,1972-04-07,Male,Mumbai,240531.19,2024-09-06,162601,611.34,52.2
T503539,C100613,1972-02-21,Unknown,Unknown,22232.68,2024-05-13,110329,2302.53,52.4
T500153,C100072,1987-07-07,Female,Bengaluru,13636.68,2024-04-25,64511,2838.13,37.0
T501590,C100455,,Female,Surat,9423.4,2024-03-06,12418,3907.4,40.7
T501147,C100720,,Male,Lucknow,53994.49,2024-12-06,120228,2373.84,40.7
T503427,C100237,,Male,Pune,47693.35,2024-10-21,165334,461.35,40.7
T501967,C100788,1965-10-17,Male,Bengaluru,40994.26,2024-12-04,145526,1608.66,58.7
T503206,C100316,1994-03-18,Male,Mumbai,11959.24,2024-06-29,40403,228.04,30.3
T502433,C100757,,Unknown,Nagpur,128307.71,2024-12-05,151956,2948.12,40.7
T501633,C100604,1974-03-04,Male,Pune,47693.35,2024-06-18,160531,681.63,50.3
T503292,C100237,,Male,Pune,47693.35,2024-05-28,125704,4669.47,40.7
T500597,C100675,1962-04-07,Unknown,Bangalore,91272.97,2024-11-25,65927,1355.16,62.2
T503137,C100210,1956-12-04,Female,Delhi,112806.44,2024-07-20,33924,6024.08,67.6
T501656,C100169,1990-12-22,Unknown,Ahmedabad,346738.24,2024-03-28,20937,2031.49,33.5
T504776,C100497,,Male,Hyderabad,28147.07,2024-06-07,84150,713.81,40.7
T505282,C100073,1997-10-26,Unknown,Pune,3393.42,2024-05-02,144453,288.02,26.7
T503297,C100791,1986-10-19,Female,Kolkata,91747.28,2024-05-16,155410,9031.28,37.7
T501565,C100086,1987-10-15,Unknown,Lucknow,11228.91,2024-11-02,110229,420.31,36.7
T501518,C100696,1975-05-18,Male,Unknown,295142.68,2024-12-22,173016,1406.39,49.1
T505182,C100646,,Male,Delhi,56399.4,2024-10-10,5914,957.76,40.7
T504317,C100303,1973-05-06,Male,Bangalore,16218.38,2024-04-15,183114,304.76,51.2
T500225,C100622,1963-08-04,Male,Pune,114620.95,2024-12-16,194726,9578.21,60.9
T505475,C100578,1972-02-22,Male,Hyderabad,68047.49,2024-08-21,122143,3696.3,52.4
T502517,C100080,1998-05-06,Male,Bangalore,772078.46,2024-03-23,4252,13174.58,26.2
T505170,C100148,1980-03-12,Female,Chennai,52253.95,2024-11-01,142330,9070.85,44.3
T502393,C100487,1993-04-18,Male,Delhi,5364.64,2024-10-12,82359,2269.71,31.2
T501760,C100785,2000-02-01,Male,Chennai,102157.68,2024-12-26,144557,6612.94,24.4
T501360,C100675,1962-04-07,Unknown,Bangalore,91272.97,2024-03-17,121837,1476.31,62.2
T503304,C100498,1999-12-16,Male,Lucknow,9148.77,2024-07-22,104525,525.07,24.5
T502324,C100592,1965-07-19,Male,Surat,57107.77,2024-07-26,63637,438.65,58.9
T503558,C100745,2002-11-16,Female,Ahmedabad,53359.6,2024-04-17,152837,1442.74,21.6
T505269,C100385,1986-09-04,Female,Pune,31830.7,2024-11-28,75934,8602.47,37.8
T501833,C100302,1974-11-07,Female,Pune,45783.91,2024-08-21,161350,4342.42,49.6
T503661,C100278,1989-05-16,Male,Bangalore,113740.31,2024-01-15,2637,1936.1,35.1
T502009,C100016,1956-02-07,Female,Mumbai,21454.12,2024-01-01,130954,3263.43,68.4
T503657,C100152,2001-12-26,Unknown,Jaipur,4579.54,2024-07-22,214927,524.55,22.5
T504301,C100690,,Male,Bangalore,120392.94,2024-07-19,230616,1876.37,40.7
T504187,C100577,1986-07-21,Male,Delhi,22754.07,2024-12-17,192128,7862.95,37.9
T505125,C100246,1992-12-11,Male,Delhi,459949.04,2024-07-13,141255,7135.42,31.6
T503857,C100217,,Male,Pune,18308.71,2024-09-18,203637,5842.2,40.7
T500693,C100027,1989-08-17,Unknown,Ahmedabad,11262.83,2024-01-30,13818,272883.0199999997,34.9
T505586,C100626,1988-04-25,Male,Surat,47693.35,2024-08-31,160409,2177.3,36.2
T502612,C100204,1969-02-01,Unknown,Jaipur,19428.09,2024-12-04,10829,4125.62,55.4
T501186,C100184,1988-07-10,Female,Bangalore,45597.09,2024-09-15,4129,166.76,36.0
T501369,C100266,1960-08-05,Female,Surat,201021.76,2024-02-16,131606,7556.19,63.9
T501907,C100346,1993-08-22,Male,Pune,134207.78,2024-05-30,182325,5959.56,30.9
T504088,C100112,1984-02-13,Unknown,Chennai,51367.71,2024-12-19,74818,750.4,40.4
T502477,C100097,1991-02-26,Female,Pune,6498.69,2024-03-15,65917,536.18,33.3
T500016,C100624,1991-03-23,Female,Kolkata,34075.98,2024-12-03,21832,3493.49,33.3
T502514,C100514,1975-12-04,Unknown,Kolkata,51367.71,2024-04-04,143257,1065.64,48.6
T505685,C100556,,Female,Hyderabad,92723.33,2024-09-09,211333,3992.37,40.7
T502205,C100512,1986-08-19,Male,Unknown,88055.27,2024-12-21,172029,14038.87,37.9
T503595,C100553,2001-07-01,Female,Surat,71513.73,2024-03-27,12630,1299.5,23.0
T501486,C100085,1983-10-17,Male,Pune,36223.4,2024-04-18,210057,1919.12,40.7
T501676,C100598,1995-02-20,Female,Bengaluru,138205.32,2024-04-25,5934,4365.94,29.4
T502353,C100654,1979-10-15,Male,Bengaluru,55160.82,2024-07-15,125712,2409.93,44.7
T500656,C100049,2002-11-07,Female,Pune,26295.53,2024-08-28,234501,1858.33,21.6
T501571,C100619,1979-10-27,Female,Jaipur,618590.11,2024-06-20,33257,9706.62,44.7
T501737,C100532,2004-08-12,Male,Ahmedabad,47693.35,2024-02-26,134530,5916.74,19.9
T503855,C100454,2003-04-10,Female,Nagpur,18847.61,2024-05-11,193919,1491.77,21.2
T504495,C100107,1982-06-20,Male,Hyderabad,47693.35,2024-01-20,53131,518.79,42.0
T502846,C100741,1966-04-24,Male,Kolkata,32097.85,2024-12-27,54826,243.2,58.2
T502980,C100592,1965-07-19,Male,Surat,57107.77,2024-03-15,172942,3111.29,58.9
T500618,C100349,,Female,Pune,397135.49,2024-04-02,224626,619.31,40.7
T504604,C100225,1991-10-09,Male,Chennai,181650.06,2024-01-18,215321,6019.78,32.7
T502847,C100009,1989-01-13,Female,Pune,52253.95,2024-05-14,91541,274.68,35.5
T505422,C100352,1998-02-03,Female,Delhi,52253.95,2024-05-15,101136,1936.84,26.4
T502507,C100135,1976-12-12,Female,Mumbai,52253.95,2024-08-26,4941,1416.75,47.5
T504982,C100569,1967-08-06,Unknown,Kolkata,51367.71,2024-05-28,163431,12748.31,56.9
T502110,C100112,1984-02-13,Unknown,Chennai,51367.71,2024-01-21,191033,2640.1,40.4
T504695,C100449,2001-08-09,Male,Chennai,47693.35,2024-02-15,103210,7417.0,22.9
T505715,C100512,1986-08-19,Male,Unknown,88055.27,2024-08-24,52852,5939.56,37.9
T500457,C100037,1994-03-09,Female,Delhi,33340.33,2024-01-14,22407,3210.89,30.3
T505311,C100328,1993-09-23,Female,Mumbai,138849.89,2024-02-25,115702,729.61,30.8
T504966,C100790,1994-02-03,Female,Pune,108574.79,2024-04-05,155946,3791.74,30.4
T500790,C100515,1997-10-13,Male,Chennai,48437.97,2024-07-07,214307,1765.13,26.7
T505246,C100534,1980-09-21,Female,Mumbai,52253.95,2024-06-26,221133,2314.6,43.8
T503607,C100791,1986-10-19,Female,Kolkata,91747.28,2024-02-02,44918,2935.88,37.7
T503822,C100140,1964-06-15,Unknown,Kolkata,699519.01,2024-05-10,143759,6439.84,60.0
T502260,C100266,1960-08-05,Female,Surat,201021.76,2024-10-16,3939,753.58,63.9
T505643,C100741,1966-04-24,Male,Kolkata,32097.85,2024-08-11,141847,3518.73,58.2
T502808,C100266,1960-08-05,Female,Surat,201021.76,2024-05-09,215648,4580.08,63.9
T505050,C100387,1977-02-16,Male,Kolkata,20501.21,2024-07-24,84643,4565.67,47.4
T503518,C100796,1985-01-13,Female,Chennai,22196.84,2024-10-06,50643,1179.84,39.5
T504746,C100616,1998-12-12,Male,Lucknow,68502.33,2024-05-15,12648,2162.14,25.5
T500733,C100300,1990-07-09,Male,Chennai,47693.35,2024-12-30,114549,1070.56,34.0
T505976,C100661,1965-06-14,Unknown,Jaipur,105161.33,2024-09-26,170624,1944.4,59.0
T504475,C100326,,Male,Hyderabad,23182.39,2024-03-05,212303,93.29,40.7
T503958,C100553,2001-07-01,Female,Surat,71513.73,2024-08-10,43429,1013.08,23.0
T502133,C100565,2004-09-19,Female,Bangalore,67225.87,2024-06-28,5351,8243.72,19.8
T505052,C100143,1981-07-23,Male,Pune,241385.44,2024-01-16,95046,9577.51,42.9
T504267,C100781,,Female,Lucknow,52253.95,2024-07-05,184723,5590.43,40.7
T501944,C100023,1975-05-12,Male,Hyderabad,5699.11,2024-05-24,85223,843.25,49.1
T502279,C100385,1986-09-04,Female,Pune,31830.7,2024-12-20,105325,924.78,37.8
T500659,C100550,1986-08-19,Female,Mumbai,121126.01,2024-11-30,155314,3004.72,37.9
T502430,C100418,1960-01-14,Unknown,Hyderabad,51367.71,2024-10-22,60131,1600.56,64.5
T503751,C100436,,Female,Jaipur,93354.27,2024-09-09,123218,4704.81,40.7
T502528,C100174,1972-07-21,Male,Bengaluru,97279.18,2024-05-17,125337,7455.44,51.9
T505376,C100390,,Female,Delhi,5005.43,2024-10-22,43651,246.88,40.7
T500642,C100225,1991-10-09,Male,Chennai,181650.06,2024-01-11,5555,7427.72,32.7
T500168,C100338,1977-03-17,Male,Chennai,34108.53,2024-11-24,95834,1880.52,47.3
T501517,C100378,2003-11-06,Male,Chennai,47693.35,2024-11-08,131938,818.3,20.6
T501800,C100390,,Female,Delhi,5005.43,2024-06-10,503,2057.3999999999996,40.7
T503394,C100152,2001-12-26,Unknown,Jaipur,4579.54,2024-02-10,24459,1553.67,22.5
T501917,C100224,1990-02-18,Male,Surat,29503.15,2024-08-05,213134,1226.83,34.4
T500272,C100216,1995-01-05,Unknown,Bangalore,51367.71,2024-10-15,141430,758.26,29.5
T502468,C100039,1975-06-13,Female,Bangalore,269975.33,2024-12-24,182421,4036.1,49.0
T502939,C100477,1992-08-08,Male,Ahmedabad,72921.71,2024-04-11,121500,957.83,31.9
T505827,C100353,2001-12-08,Male,Pune,47693.35,2024-02-06,230318,4672.98,22.6
T501066,C100016,1956-02-07,Female,Mumbai,21454.12,2024-07-24,170820,2252.05,68.4
T500494,C100670,1983-10-26,Female,Mumbai,371867.09,2024-12-23,91724,2224.01,40.7
T501912,C100325,1983-11-25,Male,Jaipur,47693.35,2024-01-28,11553,1333.02,40.6
T503646,C100051,1976-02-21,Male,Pune,169367.84,2024-08-10,110146,13464.64,48.4
T500038,C100108,1974-12-26,Male,Jaipur,53397.38,2024-03-13,151507,4619.4,49.5
T500306,C100393,1981-11-11,Female,Mumbai,15018.25,2024-07-10,92438,1084.73,42.6
T503740,C100232,1984-12-23,Unknown,Chennai,41614.26,2024-11-06,234553,959.19,39.5
T504102,C100067,,Unknown,Jaipur,36368.89,2024-09-16,130704,6040.35,40.7
T503152,C100095,1980-11-25,Female,Ahmedabad,52253.95,2024-11-08,151632,1099.58,43.6
T502829,C100627,1961-10-08,Female,Bangalore,24171.98,2024-10-07,33157,1899.68,62.7
T500781,C100339,1966-04-20,Male,Pune,62182.35,2024-02-19,121549,9677.38,58.2
T500534,C100081,1987-07-26,Male,Lucknow,8629.03,2024-04-01,41255,3766.64,36.9
T500583,C100173,2003-09-18,Female,Pune,28296.42,2024-09-23,122753,217.52,20.8
T505501,C100443,2004-05-13,Female,Nagpur,102909.31,2024-07-01,135232,612.3,20.1
T504143,C100565,2004-09-19,Female,Bangalore,67225.87,2024-04-18,23815,795.89,19.8
T504418,C100517,2001-06-26,Male,Jaipur,53788.28,2024-09-08,190632,5735.73,23.0
T503796,C100331,1984-04-09,Male,Delhi,139917.52,2024-03-17,65824,440.95,40.2
T505905,C100689,2001-09-03,Female,Mumbai,5503.87,2024-02-23,111442,79.89,22.8
T500931,C100330,1996-01-03,Male,Mumbai,8776.03,2024-05-27,20423,480.53,28.5
T502861,C100270,,Male,Kolkata,40183.8,2024-03-25,122040,3457.18,40.7
T500316,C100056,1973-08-20,Male,Chennai,116022.67,2024-04-24,73749,1365.08,50.9
T502197,C100281,2001-10-01,Male,Hyderabad,2716.26,2024-11-25,30956,1141.78,22.7
T502564,C100591,1975-05-16,Male,Jaipur,31294.72,2024-11-09,53120,4585.19,49.1
T505565,C100437,1977-05-10,Female,Pune,58587.83,2024-03-26,5802,2881.38,47.1
T505902,C100133,1980-02-04,Female,Hyderabad,52253.95,2024-07-17,120045,2058.49,44.4
T501794,C100210,1956-12-04,Female,Delhi,112806.44,2024-04-29,20207,6749.99,67.6
T505740,C100553,2001-07-01,Female,Surat,71513.73,2024-03-16,101039,2892.62,23.0
T505234,C100223,,Female,Nagpur,7196.01,2024-10-09,231950,741.22,40.7
T500271,C100413,1975-06-17,Male,Chennai,47693.35,2024-09-29,190508,1368.32,49.0
T500548,C100146,1976-10-20,Male,Mumbai,113306.25,2024-02-25,233513,4790.29,47.7
T501692,C100680,1964-12-27,Male,Chennai,83125.23,2024-03-20,230016,2802.78,59.5
T503525,C100426,2001-12-20,Female,Kolkata,64167.81,2024-07-05,55523,2582.76,22.5
T503012,C100780,,Female,Surat,1632.01,2024-03-15,151423,21.66,40.7
T505914,C100103,1991-02-14,Unknown,Delhi,51367.71,2024-08-06,144900,2500.22,33.4
T505927,C100726,1966-07-04,Male,Kolkata,213622.83,2024-03-14,112437,7944.36,58.0
T502390,C100734,1985-06-24,Female,Pune,29158.72,2024-12-05,95504,698.97,39.0
T503876,C100141,1986-10-20,Unknown,Mumbai,160886.94,2024-06-05,170242,6919.12,37.7
T504694,C100436,,Female,Jaipur,93354.27,2024-06-27,130312,5577.73,40.7
T500894,C100748,1989-07-05,Male,Mumbai,63573.89,2024-04-01,163028,1839.68,35.0
T504666,C100054,,Female,Ahmedabad,2705.17,2024-07-24,52116,1005.87,40.7
T501999,C100196,1965-08-17,Female,Hyderabad,24873.57,2024-04-02,223633,602.26,58.9
T502122,C100703,1984-05-15,Female,Jaipur,125815.19,2024-05-09,105239,1228.17,40.1
T504157,C100178,1996-02-12,Female,Mumbai,18046.45,2024-08-03,121637,1771.57,28.4
T501247,C100576,,Female,Nagpur,52253.95,2024-09-26,170503,4033.63,40.7
T504487,C100047,1966-07-11,Female,Hyderabad,22419.5,2024-04-01,64431,1199.23,58.0
T501259,C100183,1989-11-17,Female,Pune,17926.98,2024-10-17,41537,1501.44,34.6
T500809,C100574,1985-10-03,Male,Mumbai,11779.17,2024-07-18,201650,389.05,38.7
T501049,C100612,1987-09-22,Unknown,Jaipur,378740.24,2024-06-14,232306,2432.03,36.8
T501878,C100616,1998-12-12,Male,Lucknow,68502.33,2024-12-05,234239,2159.73,25.5
T502879,C100402,2003-11-06,Male,Delhi,104593.33,2024-08-30,73031,2916.62,20.6
T500107,C100274,1973-07-26,Male,Kolkata,47693.35,2024-09-03,1648,816.14,50.9
T500673,C100668,1978-07-21,Female,Bangalore,99681.03,2024-10-06,160827,2057.3999999999996,45.9
T505515,C100271,1977-11-07,Male,Bengaluru,8306.59,2024-01-15,3148,885.1,46.6
T504761,C100629,1993-12-25,Female,Delhi,24299.3,2024-10-28,70139,2148.03,30.5
T504605,C100389,1975-07-12,Female,Kolkata,52253.95,2024-04-07,83426,3543.89,49.0
T505296,C100664,1987-01-09,Unknown,Mumbai,99475.96,2024-01-30,33442,3779.26,37.5
T501532,C100406,,Female,Chennai,70730.83,2024-03-19,34221,5593.51,40.7
T504962,C100189,1969-02-16,Female,Mumbai,7756.98,2024-09-15,202724,3330.02,55.4
T501855,C100019,,Unknown,Bengaluru,102437.46,2024-01-10,110359,8269.11,40.7
T500211,C100565,2004-09-19,Female,Bangalore,67225.87,2024-01-23,170010,2934.51,19.8
T503147,C100395,2001-02-20,Female,Kolkata,30084.28,2024-02-10,141245,7380.62,23.4
T505156,C100618,1967-10-10,Female,Surat,29639.57,2024-01-21,144700,2060.77,56.7
T502256,C100044,1962-08-19,Male,Hyderabad,43950.32,2024-05-31,63114,1372.8,61.9
T502105,C100112,1984-02-13,Unknown,Chennai,51367.71,2024-10-04,164925,389.5,40.4
T503268,C100234,1998-03-15,Female,Chennai,59188.47,2024-08-10,53806,2938.67,26.3
T505885,C100150,2001-08-10,Female,Kolkata,80031.58,2024-01-17,103125,450.6,22.9
T501973,C100764,1966-06-14,Male,Jaipur,62112.48,2024-02-18,141443,6402.54,58.0
T504685,C100515,1997-10-13,Male,Chennai,48437.97,2024-12-19,120440,2057.3999999999996,26.7
T501501,C100764,1966-06-14,Male,Jaipur,62112.48,2024-10-12,51152,1049.99,58.0
T504182,C100422,,Female,Delhi,10121.37,2024-01-29,182314,151.18,40.7
T500646,C100701,1973-08-26,Male,Delhi,26855.95,2024-10-04,30407,4401.41,50.8
T503633,C100514,1975-12-04,Unknown,Kolkata,51367.71,2024-12-05,70025,764.63,48.6
T500771,C100212,2000-06-24,Female,Nagpur,119741.09,2024-08-16,144708,1287.68,24.0
T500703,C100553,2001-07-01,Female,Surat,71513.73,2024-05-08,154149,708.46,23.0
T503587,C100421,1985-01-17,Male,Chennai,123501.29,2024-04-27,224944,399.34,39.4
T501249,C100415,1964-08-05,Male,Bangalore,81774.91,2024-06-16,212506,1392.01,59.9
T504804,C100519,1980-10-12,Male,Kolkata,103786.19,2024-10-01,174352,2432.66,43.7
T502472,C100735,1971-11-02,Unknown,Hyderabad,55080.47,2024-06-24,191116,72.85,52.7
T501860,C100493,,Female,Ahmedabad,102129.94,2024-09-16,35611,2513.35,40.7
T500709,C100150,2001-08-10,Female,Kolkata,80031.58,2024-03-29,123251,6317.9,22.9
T502672,C100708,1964-01-27,Male,Kolkata,48367.85,2024-04-06,73405,2226.97,60.4
T504514,C100521,1962-02-16,Male,Kolkata,56258.99,2024-04-12,72207,4702.59,62.4
T501461,C100199,1983-08-12,Male,Mumbai,71799.72,2024-04-29,35214,2247.46,40.9
T501484,C100266,1960-08-05,Female,Surat,201021.76,2024-07-10,191058,8070.16,63.9
T502545,C100288,1992-09-08,Unknown,Ahmedabad,35907.23,2024-08-22,44505,634.81,31.8
T500230,C100392,1981-08-02,Female,Bangalore,52253.95,2024-01-05,221409,122.71,42.9
T501356,C100510,2000-08-03,Female,Ahmedabad,235563.0,2024-10-08,111711,4293.77,23.9
T503011,C100391,1973-06-01,Female,Jaipur,18082.92,2024-12-15,175436,799.69,51.1
T500851,C100010,1989-09-06,Female,Kolkata,239001.2,2024-10-24,110413,11307.49,34.8
T501004,C100749,,Male,Mumbai,372624.79,2024-03-22,30607,12705.75,40.7
T501996,C100581,1991-01-10,Male,Bengaluru,13752.63,2024-06-04,221757,1552.8,33.5
T501834,C100681,1967-05-15,Female,Lucknow,239151.47,2024-08-08,41911,4767.93,57.1
T503973,C100147,1997-03-17,Male,Mumbai,34392.46,2024-07-31,125305,1004.35,27.3
T504532,C100214,1998-06-09,Female,Lucknow,68205.42,2024-04-06,91332,611.88,26.1
T501316,C100767,,Female,Unknown,70068.58,2024-07-20,235312,1648.85,40.7
T503327,C100035,1992-05-22,Male,Mumbai,47693.35,2024-08-12,80739,1773.67,32.1
T501623,C100532,2004-08-12,Male,Ahmedabad,47693.35,2024-12-09,80314,1603.4,19.9
T501480,C100378,2003-11-06,Male,Chennai,47693.35,2024-07-19,23434,4398.61,20.6
T503833,C100693,1988-10-11,Female,Jaipur,247886.54,2024-06-29,73449,2057.3999999999996,35.7
T505099,C100282,1998-11-01,Female,Hyderabad,10270.51,2024-04-20,152133,352.32,25.7
T501278,C100653,1965-07-06,Female,Ahmedabad,305029.15,2024-06-02,81300,11729.65,59.0
T503080,C100070,1994-10-17,Female,Lucknow,29489.38,2024-07-14,205016,2388.61,29.7
T501823,C100059,1955-01-19,Female,Hyderabad,1737.55,2024-06-13,72100,2504.31,69.4
T501053,C100556,,Female,Hyderabad,92723.33,2024-06-30,185440,1348.63,40.7
T504145,C100320,1980-02-27,Male,Lucknow,23034.86,2024-06-12,72923,38.87,44.3
T500475,C100475,,Female,Bengaluru,89827.75,2024-05-24,205506,481.41,40.7
T502282,C100441,1973-01-26,Male,Lucknow,109974.75,2024-04-15,45737,1353.82,51.4
T503711,C100133,1980-02-04,Female,Hyderabad,52253.95,2024-05-27,215525,1689.3,44.4
T503146,C100141,1986-10-20,Unknown,Mumbai,160886.94,2024-10-11,121547,15529.29,37.7
T500335,C100144,1996-01-03,Female,Chennai,63913.1,2024-08-26,25408,831.79,28.5
T502617,C100057,1998-12-21,Male,Hyderabad,108663.77,2024-05-23,83209,4255.18,25.5
T503662,C100161,1999-05-26,Male,Lucknow,68566.76,2024-08-08,103508,470.81,25.1
T500088,C100641,2004-09-15,Male,Pune,23713.23,2024-09-26,84100,607.79,19.8
T500874,C100288,1992-09-08,Unknown,Ahmedabad,35907.23,2024-12-10,205421,822.76,31.8
T500543,C100764,1966-06-14,Male,Jaipur,62112.48,2024-04-29,144726,10064.97,58.0
T503000,C100753,1958-12-05,Male,Ahmedabad,47693.35,2024-07-06,201250,4301.41,65.6
T502760,C100260,1982-07-05,Male,Mumbai,47216.74,2024-07-23,172743,2057.3999999999996,42.0
T501880,C100001,1976-03-03,Unknown,Ahmedabad,43869.35,2024-04-25,114115,1198.53,48.3
T500926,C100318,1976-04-19,Unknown,Jaipur,171947.48,2024-03-13,105645,1729.78,48.2
T500319,C100482,1995-05-12,Female,Bengaluru,52253.95,2024-04-08,212423,196.69,29.1
T504615,C100132,,Unknown,Delhi,51367.71,2024-11-14,102705,1831.8,40.7
T500878,C100761,1989-02-09,Female,Surat,25607.8,2024-06-07,160852,1372.32,35.4
T503994,C100647,,Female,Chennai,27953.84,2024-03-19,42707,2604.35,40.7
T504921,C100405,1959-09-13,Male,Nagpur,5646.11,2024-09-20,191519,2015.36,64.8
T503246,C100254,1964-06-08,Female,Ahmedabad,184790.05,2024-09-12,124711,1295.0,60.1
T503761,C100688,2001-10-21,Male,Hyderabad,28109.11,2024-10-13,3458,169.54,22.7
T504730,C100623,1972-11-07,Female,Nagpur,52253.95,2024-05-19,170602,579.81,51.6
T505688,C100065,2001-02-18,Male,Delhi,55990.05,2024-11-06,120000,272883.0199999997,23.4
T504234,C100796,1985-01-13,Female,Chennai,22196.84,2024-10-15,235909,2980.82,39.5
T504259,C100771,,Female,Kolkata,9840.47,2024-01-22,110520,772.09,40.7
T501618,C100281,2001-10-01,Male,Hyderabad,2716.26,2024-05-30,201533,1314.09,22.7
T503726,C100676,,Unknown,Nagpur,44650.65,2024-12-10,161850,2442.85,40.7
T505983,C100363,1995-11-08,Male,Surat,6950.01,2024-12-29,30624,4325.34,28.6
T501045,C100112,1984-02-13,Unknown,Chennai,51367.71,2024-11-12,416,592.07,40.4
T505056,C100663,1961-03-24,Male,Unknown,600713.48,2024-08-28,25846,2048.57,63.3
T501750,C100178,1996-02-12,Female,Mumbai,18046.45,2024-05-26,71102,2057.3999999999996,28.4
T505151,C100591,1975-05-16,Male,Jaipur,31294.72,2024-09-12,124747,2057.3999999999996,49.1
T503878,C100071,2001-06-04,Male,Pune,7466.77,2024-10-02,232110,1122.44,23.1
T503917,C100101,1978-06-19,Male,Hyderabad,10568.41,2024-09-21,235110,198.32,46.0
T505189,C100742,,Unknown,Mumbai,4402.93,2024-06-22,223320,340.9,40.7
T501043,C100701,1973-08-26,Male,Delhi,26855.95,2024-12-26,100207,2084.1,50.8
T503010,C100512,1986-08-19,Male,Unknown,88055.27,2024-10-21,53947,7326.27,37.9
T505155,C100554,1980-01-24,Male,Surat,31094.72,2024-09-17,130227,2618.27,44.4
T503290,C100110,2004-06-04,Unknown,Chennai,188084.65,2024-02-22,25857,3246.57,20.1
T505876,C100676,,Unknown,Nagpur,44650.65,2024-05-25,63954,1923.89,40.7
T504751,C100636,1969-07-07,Female,Surat,52253.95,2024-01-24,210137,2324.05,55.0
T502064,C100577,1986-07-21,Male,Delhi,22754.07,2024-02-22,22014,1484.13,37.9
T502964,C100632,1999-08-02,Female,Chennai,70747.64,2024-09-17,151806,1280.61,24.9
T500641,C100466,,Male,Mumbai,11590.04,2024-01-17,85823,1782.54,40.7
T500137,C100301,1990-12-15,Female,Delhi,30265.49,2024-05-12,124325,2141.0,33.5
T500880,C100309,1970-04-13,Female,Mumbai,40590.8,2024-12-01,232312,1656.89,54.2
T501976,C100788,1965-10-17,Male,Bengaluru,40994.26,2024-05-26,134216,2884.56,58.7
T501581,C100333,1986-03-18,Female,Lucknow,52253.95,2024-03-01,75329,5496.14,38.3
T504793,C100283,1977-10-18,Male,Surat,54219.8,2024-05-18,212107,1781.7,46.7
T501097,C100601,1967-01-26,Male,Bengaluru,5370.73,2024-11-24,55042,1789.74,57.4
T505362,C100614,1968-08-13,Male,Chennai,11618.4,2024-12-27,172150,1751.31,55.9
T505762,C100791,1986-10-19,Female,Kolkata,91747.28,2024-02-02,210924,25826.01,37.7
T501392,C100076,2001-07-05,Female,Ahmedabad,12298.94,2024-10-16,916,4582.65,23.0
T502083,C100014,1995-01-22,Male,Lucknow,72097.18,2024-07-21,234850,2309.33,29.4
T501266,C100488,1977-03-25,Male,Bangalore,29268.42,2024-11-22,172909,4359.55,47.3
T504231,C100047,1966-07-11,Female,Hyderabad,22419.5,2024-08-16,35759,175.79,58.0
T505265,C100316,1994-03-18,Male,Mumbai,11959.24,2024-06-09,164759,4681.34,30.3
T502574,C100006,1990-02-05,Female,Bangalore,40563.16,2024-03-11,143912,4437.7,34.4
T502135,C100250,1964-10-04,Female,Ahmedabad,12840.3,2024-05-09,82959,1453.17,59.7
T501503,C100153,1982-08-04,Female,Lucknow,379373.89,2024-08-13,111544,15454.17,41.9
T503367,C100574,1985-10-03,Male,Mumbai,11779.17,2024-07-24,51837,766.89,38.7
T503729,C100330,1996-01-03,Male,Mumbai,8776.03,2024-10-31,1832,606.4,28.5
T500148,C100573,1976-01-19,Male,Hyderabad,41943.84,2024-09-18,10351,10042.99,48.4
T500303,C100238,1981-10-25,Unknown,Pune,51367.71,2024-02-13,92548,621.27,42.7
T505113,C100727,1978-08-19,Female,Jaipur,123863.27,2024-09-10,104902,1563.28,45.9
T501924,C100127,1957-03-24,Male,Jaipur,47693.35,2024-07-05,171926,5168.12,67.3
T505148,C100489,1990-06-02,Male,Mumbai,72526.62,2024-09-01,194222,3856.31,34.1
T505889,C100212,2000-06-24,Female,Nagpur,119741.09,2024-01-09,80747,4130.38,24.0
T502637,C100481,1988-05-22,Male,Jaipur,1624.3,2024-02-08,3804,271.18,36.1
T501904,C100579,2003-07-08,Female,Jaipur,200313.27,2024-04-09,151625,10417.79,21.0
T505750,C100054,,Female,Ahmedabad,2705.17,2024-08-25,74330,1586.17,40.7
T504294,C100026,1980-06-13,Female,Bangalore,42425.02,2024-05-22,195405,206.68,44.0
T503842,C100147,1997-03-17,Male,Mumbai,34392.46,2024-01-29,160205,4325.91,27.3
T505471,C100663,1961-03-24,Male,Unknown,600713.48,2024-11-17,124140,3788.72,63.3
T501768,C100764,1966-06-14,Male,Jaipur,62112.48,2024-06-25,63143,8576.95,58.0
T502875,C100672,1996-02-06,Male,Unknown,8048.34,2024-09-16,210903,1150.23,28.4
T502240,C100672,1996-02-06,Male,Unknown,8048.34,2024-08-22,102214,116.03,28.4
T504500,C100345,1983-05-01,Female,Kolkata,12276.92,2024-09-13,213202,3267.43,41.2
T500483,C100511,1977-05-08,Female,Unknown,10555.44,2024-07-20,73959,1204.31,47.1
T505278,C100553,2001-07-01,Female,Surat,71513.73,2024-09-02,11557,2287.64,23.0
T501280,C100445,1979-10-15,Female,Surat,5698.13,2024-04-05,61656,531.63,44.7
T505127,C100381,2000-06-26,Female,Ahmedabad,34569.41,2024-09-04,120957,2821.61,24.0
T503680,C100798,2000-02-01,Male,Delhi,17004.51,2024-07-29,102629,2366.98,24.4
T500791,C100584,1997-02-27,Female,Chennai,16020.27,2024-08-02,204709,465.49,27.3
T504895,C100210,1956-12-04,Female,Delhi,112806.44,2024-11-21,84238,21474.1,67.6
T501201,C100283,1977-10-18,Male,Surat,54219.8,2024-03-28,135709,2153.82,46.7
T504518,C100264,1984-06-01,Male,Hyderabad,47693.35,2024-11-14,182458,12697.7,40.1
T503912,C100687,1961-01-23,Female,Jaipur,52253.95,2024-03-21,105708,411.26,63.4
T502362,C100276,2000-08-02,Unknown,Jaipur,56892.89,2024-06-17,104713,5041.0,23.9
T503069,C100541,,Male,Ahmedabad,186265.55,2024-12-13,1437,2099.83,40.7
T503429,C100407,,Female,Jaipur,11790.29,2024-11-26,55043,2092.95,40.7
T505966,C100495,1977-03-09,Male,Mumbai,638.04,2024-07-01,11131,397.8,47.3
T502591,C100750,1976-09-20,Male,Mumbai,140121.33,2024-09-09,4540,9308.58,47.8
T502710,C100676,,Unknown,Nagpur,44650.65,2024-10-31,101109,4236.85,40.7
T501529,C100193,1986-11-26,Male,Delhi,16440.96,2024-04-14,12120,1177.16,37.6
T504998,C100254,1964-06-08,Female,Ahmedabad,184790.05,2024-02-03,53948,217.23,60.1
T502809,C100679,,Male,Kolkata,39458.8,2024-03-15,95443,4154.01,40.7
T500685,C100199,1983-08-12,Male,Mumbai,71799.72,2024-04-09,210224,3636.9,40.9
T501551,C100299,2003-07-15,Male,Jaipur,47693.35,2024-12-29,144851,266.29,21.0
T504255,C100479,1980-10-22,Female,Kolkata,98501.77,2024-11-16,230439,2511.59,43.7
T505095,C100300,1990-07-09,Male,Chennai,47693.35,2024-06-10,134611,638.18,34.0
T503871,C100162,1997-09-24,Male,Delhi,42810.3,2024-04-15,163024,1495.08,26.8
T505122,C100717,1983-04-25,Female,Mumbai,52253.95,2024-10-20,73915,2902.17,41.2
T500560,C100129,1964-07-22,Male,Delhi,39437.66,2024-06-13,80759,1196.64,59.9
T502250,C100389,1975-07-12,Female,Kolkata,52253.95,2024-03-17,53527,1513.31,49.0
T505772,C100163,1970-08-04,Male,Kolkata,3126.03,2024-04-06,180830,844.86,53.9
T503500,C100751,1969-08-11,Male,Mumbai,47693.35,2024-06-10,20752,3633.3,54.9
T502689,C100504,1999-12-20,Male,Jaipur,97634.59,2024-07-28,201809,841.16,24.5
T504208,C100663,1961-03-24,Male,Unknown,600713.48,2024-12-18,170120,2254.35,63.3
T503379,C100191,1979-01-02,Male,Pune,70003.54,2024-05-21,202842,628.87,45.5
T503193,C100543,1989-02-25,Male,Chennai,28641.23,2024-01-20,74018,2729.4,35.3
T501446,C100062,1976-02-16,Male,Mumbai,6698.94,2024-08-02,193429,745.31,48.4
T501952,C100234,1998-03-15,Female,Chennai,59188.47,2024-07-31,190947,2583.04,26.3
T500922,C100755,1975-07-15,Female,Hyderabad,52253.95,2024-02-17,102821,42155.0,49.0
T501624,C100301,1990-12-15,Female,Delhi,30265.49,2024-10-06,173831,7039.9,33.5
T500310,C100300,1990-07-09,Male,Chennai,47693.35,2024-04-18,120137,3112.04,34.0
T501319,C100392,1981-08-02,Female,Bangalore,52253.95,2024-04-12,95015,1750.64,42.9
T503531,C100060,2001-09-21,Male,Hyderabad,4623.6,2024-05-05,72414,488.47,22.8
T501663,C100036,1957-08-04,Unknown,Lucknow,119884.19,2024-08-10,11342,242.19,66.9
T500815,C100608,1978-05-11,Male,Nagpur,49274.28,2024-07-04,55800,3367.84,46.1
T505601,C100743,1968-05-24,Male,Unknown,121700.99,2024-06-02,30132,127.91,56.1
T502266,C100092,2000-06-15,Male,Ahmedabad,47693.35,2024-07-30,162230,4249.53,24.0
T501473,C100051,1976-02-21,Male,Pune,169367.84,2024-09-26,35812,6009.8,48.4
T501773,C100060,2001-09-21,Male,Hyderabad,4623.6,2024-09-14,121932,714.95,22.8
T504775,C100404,,Male,Kolkata,17067.98,2024-09-02,81417,1875.42,40.7
T505702,C100678,1971-03-09,Male,Nagpur,43991.48,2024-02-16,172004,749.87,53.3
T501093,C100253,1978-03-27,Male,Bangalore,107511.5,2024-05-23,215342,12093.69,46.3
T504176,C100455,,Female,Surat,9423.4,2024-04-19,173443,1639.55,40.7
T501950,C100633,1960-05-16,Male,Jaipur,7650.67,2024-08-09,45841,25595.0,64.1
T503884,C100315,2001-02-16,Unknown,Pune,10487.31,2024-01-25,154521,588.38,23.4
T505581,C100698,1986-10-03,Male,Mumbai,186379.37,2024-09-17,94014,8126.35,37.7
T505771,C100082,,Unknown,Hyderabad,3621.26,2024-07-06,124556,213.53,40.7
T502800,C100378,2003-11-06,Male,Chennai,47693.35,2024-05-13,155700,2057.3999999999996,20.6
T501239,C100629,1993-12-25,Female,Delhi,24299.3,2024-06-09,201134,4408.48,30.5
T500329,C100001,1976-03-03,Unknown,Ahmedabad,43869.35,2024-11-07,201823,2057.3999999999996,48.3
T503102,C100436,,Female,Jaipur,93354.27,2024-03-22,10807,2523.9,40.7
T500242,C100336,1997-02-27,Male,Nagpur,75339.25,2024-06-14,154737,3347.4,27.3
T505782,C100327,1959-06-23,Unknown,Bangalore,51367.71,2024-04-15,100439,243.48,65.0
T504737,C100633,1960-05-16,Male,Jaipur,7650.67,2024-02-07,75032,5700.53,64.1
T504792,C100136,2002-08-17,Unknown,Ahmedabad,51367.71,2024-01-30,61425,9705.63,21.9
T502257,C100051,1976-02-21,Male,Pune,169367.84,2024-01-29,104057,2858.26,48.4
T502818,C100319,1956-01-12,Female,Mumbai,418468.01,2024-09-03,4110,3897.78,68.5
T503824,C100598,1995-02-20,Female,Bengaluru,138205.32,2024-02-28,20955,907.11,29.4
T500753,C100188,1981-12-18,Male,Pune,34870.27,2024-03-19,43638,2057.3999999999996,42.5
T504531,C100659,2000-11-01,Female,Jaipur,86238.94,2024-11-15,53042,1249.6,23.7
T501563,C100191,1979-01-02,Male,Pune,70003.54,2024-11-26,34318,1572.4,45.5
T501934,C100653,1965-07-06,Female,Ahmedabad,305029.15,2024-01-30,183706,9561.09,59.0
T505919,C100608,1978-05-11,Male,Nagpur,49274.28,2024-10-24,92036,2891.29,46.1
T503493,C100047,1966-07-11,Female,Hyderabad,22419.5,2024-06-12,72117,6265.1,58.0
T503022,C100411,1980-10-24,Female,Lucknow,2108.17,2024-08-15,133756,1269.29,43.7
T504647,C100372,1983-12-19,Female,Mumbai,59995.96,2024-06-17,83524,4007.95,40.5
T502648,C100558,1958-07-13,Female,Hyderabad,43904.78,2024-02-08,44639,1716.49,66.0
T501856,C100094,1981-03-20,Female,Bangalore,50521.45,2024-07-19,20314,419.53,43.3
T504697,C100409,,Female,Bangalore,20193.51,2024-03-15,44704,654.61,40.7
T503563,C100238,1981-10-25,Unknown,Pune,51367.71,2024-10-16,121437,1954.15,42.7
T501964,C100585,,Female,Chennai,51724.58,2024-08-22,170043,1585.92,40.7
T501013,C100349,,Female,Pune,397135.49,2024-09-12,52443,10823.82,40.7
T501427,C100028,1973-05-26,Unknown,Hyderabad,51367.71,2024-11-01,45243,9123.06,51.1
T503322,C100286,1981-05-16,Female,Jaipur,28080.8,2024-04-20,122624,497.38,43.1
T501295,C100647,,Female,Chennai,27953.84,2024-09-09,141804,987.51,40.7
T500466,C100416,1988-10-20,Male,Jaipur,77721.72,2024-04-05,142654,2497.67,35.7
T500174,C100271,1977-11-07,Male,Bengaluru,8306.59,2024-05-18,205829,338.24,46.6
T504880,C100613,1972-02-21,Unknown,Unknown,22232.68,2024-02-12,40529,58.01,52.4
T500277,C100200,1984-09-07,Female,Pune,99008.06,2024-02-05,233756,1342.25,39.8
T501069,C100692,1971-01-16,Male,Surat,47693.35,2024-02-15,35935,1538.92,53.5
T501548,C100753,1958-12-05,Male,Ahmedabad,47693.35,2024-04-05,43126,14442.52,65.6
T501024,C100111,1961-02-13,Female,Bengaluru,31428.6,2024-04-17,134901,3135.63,63.4
T505036,C100545,1965-11-14,Female,Mumbai,76933.29,2024-07-10,50241,2213.97,58.6
T502834,C100129,1964-07-22,Male,Delhi,39437.66,2024-10-28,60936,1325.65,59.9
T501466,C100593,,Male,Ahmedabad,77632.67,2024-01-30,160310,1588.36,40.7
T505419,C100243,1981-10-26,Male,Ahmedabad,16321.79,2024-07-06,61804,3290.21,42.7
T505605,C100227,1962-10-14,Male,Pune,4871.68,2024-04-05,71945,1048.09,61.7
T505002,C100484,1984-05-17,Male,Jaipur,12346.88,2024-09-01,71026,272.01,40.1
T501713,C100153,1982-08-04,Female,Lucknow,379373.89,2024-10-31,21702,4137.22,41.9
T503424,C100118,1993-04-18,Unknown,Ahmedabad,51367.71,2024-04-14,9,1124.08,31.2
T502611,C100785,2000-02-01,Male,Chennai,102157.68,2024-06-21,30447,423.24,24.4
T500388,C100790,1994-02-03,Female,Pune,108574.79,2024-11-05,184047,6525.78,30.4
T502070,C100032,1977-10-16,Female,Kolkata,27810.1,2024-07-09,65531,632.89,46.7
T503970,C100750,1976-09-20,Male,Mumbai,140121.33,2024-07-06,153911,856.56,47.8
T503495,C100267,1964-03-24,Female,Bengaluru,100432.83,2024-05-30,63024,2368.91,60.3
T502821,C100550,1986-08-19,Female,Mumbai,121126.01,2024-12-20,114438,488.53,37.9
T504976,C100317,1983-03-05,Unknown,Surat,27760.8,2024-12-06,13620,372.95,41.3
T501424,C100492,,Male,Kolkata,3109.69,2024-12-18,50244,666.3,40.7
T503542,C100729,,Male,Lucknow,264299.97,2024-03-24,60446,4326.35,40.7
T503574,C100477,1992-08-08,Male,Ahmedabad,72921.71,2024-05-04,180229,814.0,31.9
T500050,C100363,1995-11-08,Male,Surat,6950.01,2024-06-08,52323,602.09,28.6
T501887,C100419,,Male,Delhi,26055.1,2024-04-27,81341,2605.08,40.7
T503695,C100142,1997-07-20,Female,Jaipur,52253.95,2024-02-19,31046,1303.6,26.9
T504229,C100319,1956-01-12,Female,Mumbai,418468.01,2024-09-08,103837,1064.4,68.5
T505201,C100329,1958-11-08,Male,Ahmedabad,37113.65,2024-10-09,223614,1618.8,65.6
T504799,C100051,1976-02-21,Male,Pune,169367.84,2024-01-10,33543,2655.53,48.4
T500482,C100268,1990-10-09,Female,Ahmedabad,24478.2,2024-03-21,102804,574.43,33.7
T503393,C100548,1982-08-07,Female,Nagpur,53292.45,2024-01-15,93112,1832.16,41.9
T505241,C100400,1961-12-17,Female,Pune,52253.95,2024-10-31,234834,2208.28,62.5
T502251,C100244,1983-09-24,Female,Delhi,52253.95,2024-07-21,71706,76756.0,40.8
T504162,C100691,1998-08-13,Male,Pune,47693.35,2024-02-01,225904,701.93,25.9
T502313,C100037,1994-03-09,Female,Delhi,33340.33,2024-02-10,182640,12469.09,30.3
T502849,C100543,1989-02-25,Male,Chennai,28641.23,2024-10-24,34541,7350.29,35.3
T505786,C100755,1975-07-15,Female,Hyderabad,52253.95,2024-01-30,221331,2049.3,49.0
T503103,C100066,1992-06-01,Female,Nagpur,54535.14,2024-03-31,93939,763.62,32.1
T505003,C100520,1979-07-13,Male,Bengaluru,57394.34,2024-03-27,211759,1650.95,45.0
T504127,C100380,,Female,Delhi,52253.95,2024-08-01,95516,5382.49,40.7
T503867,C100466,,Male,Mumbai,11590.04,2024-04-04,10110,174.27,40.7
T502465,C100148,1980-03-12,Female,Chennai,52253.95,2024-11-23,214914,3940.34,44.3
T505993,C100242,1991-05-14,Male,Hyderabad,103866.17,2024-03-05,51725,5186.11,33.1
T504106,C100010,1989-09-06,Female,Kolkata,239001.2,2024-02-22,21835,2411.13,34.8
T500064,C100194,2004-04-10,Female,Mumbai,8031.94,2024-02-01,144616,3458.86,20.2
T500776,C100162,1997-09-24,Male,Delhi,42810.3,2024-01-30,35929,2888.64,26.8
T504173,C100147,1997-03-17,Male,Mumbai,34392.46,2024-09-11,221728,5365.1,27.3
T504587,C100436,,Female,Jaipur,93354.27,2024-01-07,201545,667.86,40.7
T502734,C100290,1991-09-11,Unknown,Delhi,21647.56,2024-08-04,43652,299.68,32.8
T502580,C100019,,Unknown,Bengaluru,102437.46,2024-12-25,14730,5580.19,40.7
T504616,C100328,1993-09-23,Female,Mumbai,138849.89,2024-07-26,14928,1857.1,30.8
T503483,C100798,2000-02-01,Male,Delhi,17004.51,2024-09-09,24300,870.18,24.4
T502344,C100714,1967-02-19,Male,Bengaluru,13233.37,2024-05-04,214511,1172.83,57.4
T504687,C100720,,Male,Lucknow,53994.49,2024-07-29,5509,2203.18,40.7
T502815,C100257,,Unknown,Jaipur,88380.56,2024-10-11,20733,903.03,40.7
T505805,C100765,1958-11-07,Male,Chennai,22571.43,2024-06-16,125939,760.32,65.6
T505381,C100238,1981-10-25,Unknown,Pune,51367.71,2024-12-29,4235,1817.54,42.7
T504026,C100573,1976-01-19,Male,Hyderabad,41943.84,2024-11-22,173850,2851.3,48.4
T500724,C100788,1965-10-17,Male,Bengaluru,40994.26,2024-01-05,181105,10568.68,58.7
T505667,C100346,1993-08-22,Male,Pune,134207.78,2024-04-16,181031,6449.37,30.9
T505646,C100177,,Unknown,Ahmedabad,208320.55,2024-05-03,53808,1347.12,40.7
T502897,C100537,1963-01-27,Female,Chennai,26621.54,2024-07-17,155644,1559.84,61.4
T505308,C100291,1975-08-14,Female,Pune,52253.95,2024-03-05,220149,152615.0,48.9
T501735,C100701,1973-08-26,Male,Delhi,26855.95,2024-12-09,54107,2327.5,50.8
T503124,C100734,1985-06-24,Female,Pune,29158.72,2024-08-15,201514,4031.86,39.0
T504940,C100734,1985-06-24,Female,Pune,29158.72,2024-09-22,83432,1815.62,39.0
T505078,C100354,1965-03-09,Male,Delhi,47693.35,2024-06-24,1326,2727.11,59.3
T504802,C100341,1990-12-17,Male,Nagpur,1305.73,2024-03-30,160116,56.16,33.5
T500273,C100280,1996-06-03,Male,Kolkata,61078.77,2024-01-26,62620,272883.0199999997,28.1
T502944,C100668,1978-07-21,Female,Bangalore,99681.03,2024-10-21,200505,15672.82,45.9
T505896,C100046,1985-11-27,Female,Delhi,4232.4,2024-09-29,104704,1634.65,38.6
T505059,C100699,2003-11-15,Female,Kolkata,20709.46,2024-09-01,61458,1057.64,20.6
T505640,C100037,1994-03-09,Female,Delhi,33340.33,2024-04-14,75022,1989.53,30.3
T505496,C100322,1957-04-22,Female,Delhi,12582.93,2024-04-04,95119,7170.97,67.2
T501452,C100065,2001-02-18,Male,Delhi,55990.05,2024-02-03,125902,11164.99,23.4
T502715,C100657,1974-08-02,Male,Ahmedabad,71006.14,2024-01-05,133459,2057.3999999999996,49.9
T504245,C100223,,Female,Nagpur,7196.01,2024-11-22,163749,1683.98,40.7
T502692,C100769,1990-07-04,Female,Chennai,29909.5,2024-04-18,155526,1035.97,34.0
T502767,C100446,1990-03-06,Female,Surat,26944.66,2024-01-16,64655,450.25,34.3
T500218,C100196,1965-08-17,Female,Hyderabad,24873.57,2024-09-18,201145,7995.65,58.9
T500239,C100591,1975-05-16,Male,Jaipur,31294.72,2024-02-06,130739,1425.9,49.1
T501131,C100306,1967-04-23,Male,Pune,63186.77,2024-09-07,54845,4370.87,57.2
T503264,C100347,1963-10-13,Male,Mumbai,37311.99,2024-10-25,84011,2662.33,60.7
T502239,C100450,1992-01-17,Female,Delhi,111417.27,2024-05-20,151053,1659.3,32.5
T505349,C100181,,Male,Pune,46982.71,2024-06-02,43722,1372.44,40.7
T505149,C100737,1961-06-03,Female,Delhi,71291.17,2024-01-21,31247,2426.98,63.1
T501383,C100073,1997-10-26,Unknown,Pune,3393.42,2024-05-25,192456,834.52,26.7
T503074,C100094,1981-03-20,Female,Bangalore,50521.45,2024-10-16,95900,12834.66,43.3
T504860,C100554,1980-01-24,Male,Surat,31094.72,2024-03-24,200124,1017.36,44.4
T501357,C100733,2001-03-05,Female,Bangalore,244077.09,2024-09-13,141012,9080.93,23.3
T504871,C100090,1973-06-11,Male,Pune,17694.21,2024-07-11,123352,515.83,51.1
T502630,C100337,1987-03-24,Female,Ahmedabad,120535.8,2024-05-14,45954,6141.99,37.3
T502832,C100149,2004-10-19,Female,Mumbai,31910.38,2024-12-17,223954,4821.09,19.7
T500624,C100027,1989-08-17,Unknown,Ahmedabad,11262.83,2024-05-31,183139,2575.77,34.9
T500839,C100619,1979-10-27,Female,Jaipur,618590.11,2024-04-10,130208,5645.95,44.7
T504723,C100205,1967-04-14,Female,Pune,35559.48,2024-01-06,171907,713.78,57.2
T500323,C100274,1973-07-26,Male,Kolkata,47693.35,2024-10-03,171047,4486.98,50.9
T501867,C100215,,Male,Jaipur,51679.23,2024-12-29,114005,1533.24,40.7
T505256,C100645,1981-11-02,Male,Unknown,47693.35,2024-07-24,15716,15354.59,42.7
T502826,C100329,1958-11-08,Male,Ahmedabad,37113.65,2024-06-05,85423,2041.48,65.6
T505172,C100688,2001-10-21,Male,Hyderabad,28109.11,2024-02-16,50553,347.8,22.7
T505635,C100380,,Female,Delhi,52253.95,2024-06-09,204854,1168.2,40.7
T500437,C100140,1964-06-15,Unknown,Kolkata,699519.01,2024-11-13,101210,1806.22,60.0
T500119,C100057,1998-12-21,Male,Hyderabad,108663.77,2024-11-06,65259,1130.75,25.5
T505595,C100330,1996-01-03,Male,Mumbai,8776.03,2024-04-08,163614,555.37,28.5
T501839,C100077,1990-01-06,Female,Ahmedabad,28809.7,2024-09-05,202636,2144.09,34.5
T501026,C100333,1986-03-18,Female,Lucknow,52253.95,2024-07-27,62345,3309.4,38.3
T503301,C100688,2001-10-21,Male,Hyderabad,28109.11,2024-05-14,74828,2427.85,22.7
T504172,C100776,1964-01-07,Female,Bangalore,31244.52,2024-12-30,154618,2057.3999999999996,60.5
T503101,C100291,1975-08-14,Female,Pune,52253.95,2024-03-23,11149,832.91,48.9
T500900,C100138,1972-07-16,Female,Bengaluru,13258.49,2024-05-11,90336,138.46,52.0
T504467,C100653,1965-07-06,Female,Ahmedabad,305029.15,2024-05-02,44126,4367.4,59.0
T501204,C100416,1988-10-20,Male,Jaipur,77721.72,2024-05-15,184325,5806.2,35.7
T505691,C100620,1967-06-27,Unknown,Chennai,22920.89,2024-10-15,223512,2598.02,57.0
T505037,C100465,1975-04-06,Female,Kolkata,52253.95,2024-02-24,2249,380.69,49.2
T504050,C100333,1986-03-18,Female,Lucknow,52253.95,2024-05-28,195656,879.0,38.3
T500552,C100765,1958-11-07,Male,Chennai,22571.43,2024-09-21,35418,451.87,65.6
T500406,C100463,1963-05-18,Male,Nagpur,11964.39,2024-12-02,60138,1078.05,61.1
T505613,C100385,1986-09-04,Female,Pune,31830.7,2024-10-14,113520,6022.6,37.8
T501613,C100671,1957-02-18,Male,Mumbai,60107.96,2024-01-15,181253,6532.47,67.4
T502934,C100591,1975-05-16,Male,Jaipur,31294.72,2024-02-03,92851,1653.38,49.1
T505064,C100481,1988-05-22,Male,Jaipur,1624.3,2024-09-28,235417,98.59,36.1
T503298,C100748,1989-07-05,Male,Mumbai,63573.89,2024-08-22,231259,6303.89,35.0
T502833,C100733,2001-03-05,Female,Bangalore,244077.09,2024-10-31,223807,9900.92,23.3
T502349,C100383,1990-04-20,Male,Bangalore,38999.36,2024-08-04,82131,1921.71,34.2
T504785,C100727,1978-08-19,Female,Jaipur,123863.27,2024-05-07,92221,414.17,45.9
T503109,C100414,2002-02-15,Female,Pune,61143.12,2024-12-12,160443,1630.24,22.4
T501738,C100275,1965-05-04,Female,Bangalore,175954.66,2024-05-05,135649,6681.39,59.2
T500236,C100129,1964-07-22,Male,Delhi,39437.66,2024-12-04,222513,1594.78,59.9
T503163,C100610,1976-06-03,Male,Unknown,125370.42,2024-02-18,205645,705.28,48.1
T500499,C100418,1960-01-14,Unknown,Hyderabad,51367.71,2024-04-09,90018,6992.54,64.5
T504918,C100615,1997-06-02,Female,Delhi,10856.3,2024-06-18,23609,75.84,27.1
T503625,C100775,1994-07-25,Female,Surat,45130.4,2024-05-18,141720,1048.2,29.9
T503127,C100765,1958-11-07,Male,Chennai,22571.43,2024-01-09,64857,715.21,65.6
T500794,C100716,,Female,Unknown,240805.5,2024-10-27,102427,5503.81,40.7
T503358,C100285,1991-08-17,Female,Pune,63464.25,2024-08-06,35519,1548.87,32.9
T503291,C100285,1991-08-17,Female,Pune,63464.25,2024-07-23,200700,2204.42,32.9
T503972,C100726,1966-07-04,Male,Kolkata,213622.83,2024-03-27,112239,4632.74,58.0
T500990,C100733,2001-03-05,Female,Bangalore,244077.09,2024-05-07,235353,8170.69,23.3
T504663,C100627,1961-10-08,Female,Bangalore,24171.98,2024-07-02,113134,4743.16,62.7
T502435,C100549,1985-03-20,Female,Delhi,92675.9,2024-02-23,222420,845.71,39.3
T503376,C100517,2001-06-26,Male,Jaipur,53788.28,2024-04-24,170359,2630.18,23.0
T500390,C100317,1983-03-05,Unknown,Surat,27760.8,2024-06-22,92252,2352.23,41.3
T504839,C100105,1995-10-18,Female,Lucknow,21507.37,2024-06-21,152956,131760.0,28.7
T502400,C100080,1998-05-06,Male,Bangalore,772078.46,2024-10-01,174657,6199.63,26.2
T501217,C100421,1985-01-17,Male,Chennai,123501.29,2024-09-04,62838,1828.18,39.4
T500235,C100220,1967-12-16,Female,Kolkata,36055.65,2024-05-13,180657,169.38,56.5
T500331,C100603,2000-05-12,Male,Pune,3993.34,2024-11-18,231242,13.6,24.1
T504576,C100051,1976-02-21,Male,Pune,169367.84,2024-10-17,61335,5518.17,48.4
T503188,C100628,1990-09-03,Male,Pune,109284.74,2024-06-17,143026,1770.83,33.8
T500044,C100215,,Male,Jaipur,51679.23,2024-01-19,114939,851.34,40.7
T505564,C100797,1984-08-09,Female,Lucknow,21946.42,2024-08-05,171540,2642.89,39.9
T505801,C100295,,Male,Bangalore,25848.99,2024-07-13,203931,1036.29,40.7
T504216,C100375,1999-11-27,Male,Nagpur,267588.1,2024-09-12,84330,4693.8,24.6
T503436,C100204,1969-02-01,Unknown,Jaipur,19428.09,2024-06-09,61841,1948.35,55.4
T503072,C100431,,Male,Surat,10914.09,2024-02-02,101627,411.79,40.7
T503134,C100574,1985-10-03,Male,Mumbai,11779.17,2024-01-24,163339,463.41,38.7
T505368,C100290,1991-09-11,Unknown,Delhi,21647.56,2024-03-14,155209,222.42,32.8
T504045,C100423,2004-10-23,Male,Chennai,138103.22,2024-05-10,125209,17328.19,19.7
T505022,C100479,1980-10-22,Female,Kolkata,98501.77,2024-05-26,82005,4691.61,43.7
T501594,C100172,1991-12-18,Unknown,Lucknow,180835.83,2024-01-31,11309,3990.68,32.5
T500223,C100475,,Female,Bengaluru,89827.75,2024-07-17,221254,300.67,40.7
T504862,C100422,,Female,Delhi,10121.37,2024-02-14,55809,1224.49,40.7
T504709,C100068,2003-08-22,Unknown,Bengaluru,51367.71,2024-10-13,154411,9793.21,20.9
T502891,C100190,1979-11-06,Male,Jaipur,39923.71,2024-09-25,234700,5024.74,44.6
T501245,C100167,1989-12-06,Female,Bangalore,11248.7,2024-12-14,20238,2878.6,34.6
T501540,C100448,1996-08-17,Female,Mumbai,1576.53,2024-02-17,161144,570.23,27.9
T503537,C100795,1986-10-21,Female,Pune,43684.44,2024-10-03,74204,426.43,37.7
T504148,C100477,1992-08-08,Male,Ahmedabad,72921.71,2024-08-20,151135,1619.83,31.9
T504625,C100790,1994-02-03,Female,Pune,108574.79,2024-04-14,203206,679.65,30.4
T502533,C100047,1966-07-11,Female,Hyderabad,22419.5,2024-02-14,73849,910.02,58.0
T500818,C100698,1986-10-03,Male,Mumbai,186379.37,2024-11-12,40926,856.39,37.7
T503458,C100285,1991-08-17,Female,Pune,63464.25,2024-07-18,1906,2362.62,32.9
T500155,C100310,1984-08-23,Male,Hyderabad,323760.11,2024-04-06,75649,845.77,39.9
T500248,C100788,1965-10-17,Male,Bengaluru,40994.26,2024-08-12,112537,1301.98,58.7
T504857,C100006,1990-02-05,Female,Bangalore,40563.16,2024-03-19,102211,1299.86,34.4
T503927,C100626,1988-04-25,Male,Surat,47693.35,2024-07-30,170104,465.7,36.2
T504014,C100580,1993-07-18,Female,Mumbai,29452.82,2024-12-24,125224,5266.88,31.0
T502636,C100190,1979-11-06,Male,Jaipur,39923.71,2024-05-26,120959,6076.97,44.6
T505226,C100425,1986-04-10,Unknown,Mumbai,59725.38,2024-01-19,40905,3310.98,38.2
T504638,C100038,2001-08-16,Male,Kolkata,38387.92,2024-11-02,144701,7132.87,22.9
T500793,C100537,1963-01-27,Female,Chennai,26621.54,2024-05-14,212754,3049.71,61.4
T501725,C100413,1975-06-17,Male,Chennai,47693.35,2024-05-07,232735,7651.4,49.0
T503189,C100026,1980-06-13,Female,Bangalore,42425.02,2024-10-22,23547,5769.28,44.0
T502649,C100420,1978-09-17,Male,Delhi,25796.51,2024-02-12,93617,806.56,45.8
T500628,C100322,1957-04-22,Female,Delhi,12582.93,2024-05-21,180249,4347.82,67.2
T505870,C100709,2001-12-15,Female,Nagpur,253403.83,2024-12-23,151011,6947.3,22.5
T502339,C100621,2001-07-16,Female,Hyderabad,58120.95,2024-09-22,205030,672.19,23.0
T505463,C100258,2000-05-26,Male,Unknown,16944.13,2024-09-05,74900,4252.05,24.1
T501620,C100468,,Male,Chennai,84203.67,2024-12-14,161139,2766.65,40.7
T501451,C100392,1981-08-02,Female,Bangalore,52253.95,2024-05-20,4101,484.88,42.9
T502902,C100586,2002-01-03,Unknown,Hyderabad,69749.17,2024-01-16,25259,3868.48,22.5
T505167,C100331,1984-04-09,Male,Delhi,139917.52,2024-04-25,35326,15257.39,40.2
T504650,C100324,,Male,Ahmedabad,8250.81,2024-09-23,181048,2057.3999999999996,40.7
T500826,C100435,1982-06-13,Unknown,Delhi,58275.09,2024-08-29,232325,2024.76,42.0
T501639,C100729,,Male,Lucknow,264299.97,2024-11-20,183819,4968.83,40.7
T503864,C100473,1982-04-03,Female,Bengaluru,52253.95,2024-12-30,231325,3876.01,42.2
T502913,C100787,1997-04-22,Female,Delhi,16021.57,2024-01-24,134058,601.86,27.2
T503791,C100277,1978-08-06,Female,Bengaluru,63815.79,2024-07-05,195901,2920.6,45.9
T503420,C100374,1997-06-01,Female,Jaipur,55312.12,2024-02-02,34541,2990.83,27.1
T503996,C100216,1995-01-05,Unknown,Bangalore,51367.71,2024-12-26,71540,244.18,29.5
T503767,C100264,1984-06-01,Male,Hyderabad,47693.35,2024-03-23,195755,24502.19,40.1
T500535,C100263,,Female,Bangalore,52253.95,2024-05-05,201642,369.56,40.7
T502663,C100423,2004-10-23,Male,Chennai,138103.22,2024-07-23,74534,1200.5,19.7
T500154,C100747,1969-08-14,Female,Mumbai,52638.76,2024-02-07,210820,2441.01,54.9
T503241,C100165,2004-12-17,Male,Bangalore,5165.05,2024-01-28,233029,1226.08,19.5
T505596,C100266,1960-08-05,Female,Surat,201021.76,2024-04-20,52313,2200.38,63.9
T503149,C100525,1969-05-10,Female,Chennai,212533.64,2024-03-28,230735,3809.44,55.1
T502952,C100384,1998-07-13,Female,Kolkata,102416.63,2024-10-11,53928,2057.3999999999996,26.0
T501311,C100565,2004-09-19,Female,Bangalore,67225.87,2024-12-24,40849,600.91,19.8
T500322,C100280,1996-06-03,Male,Kolkata,61078.77,2024-02-22,122001,5099.07,28.1
T504110,C100556,,Female,Hyderabad,92723.33,2024-11-23,43616,1310.51,40.7
T503330,C100387,1977-02-16,Male,Kolkata,20501.21,2024-05-01,133753,3463.15,47.4
T503985,C100384,1998-07-13,Female,Kolkata,102416.63,2024-10-26,234609,1797.42,26.0
T501798,C100457,1991-11-23,Male,Hyderabad,46885.9,2024-09-09,85702,1767.6,32.6
T500082,C100085,1983-10-17,Male,Pune,36223.4,2024-10-21,22311,531.35,40.7
T502560,C100218,1979-08-01,Male,Ahmedabad,470799.86,2024-02-29,230313,5536.49,44.9
T501943,C100622,1963-08-04,Male,Pune,114620.95,2024-04-23,175759,5823.62,60.9
T503536,C100044,1962-08-19,Male,Hyderabad,43950.32,2024-03-18,142506,2328.98,61.9
T505479,C100532,2004-08-12,Male,Ahmedabad,47693.35,2024-05-31,144924,1845.35,19.9
T501574,C100589,,Female,Chennai,101026.53,2024-09-13,32506,5755.25,40.7
T502977,C100494,1999-10-07,Male,Ahmedabad,11661.72,2024-06-23,214017,1327.63,24.7
T502723,C100573,1976-01-19,Male,Hyderabad,41943.84,2024-04-18,133219,2198.46,48.4
T503405,C100681,1967-05-15,Female,Lucknow,239151.47,2024-05-07,85727,7503.84,57.1
T502058,C100595,1957-11-12,Female,Mumbai,17193.93,2024-11-19,171307,466.3,66.6
T501762,C100400,1961-12-17,Female,Pune,52253.95,2024-08-16,82908,4492.76,62.5
T501494,C100588,2003-09-24,Unknown,Kolkata,10922.29,2024-07-13,1747,5470.23,20.8
T504927,C100529,1991-11-11,Female,Bengaluru,104328.62,2024-04-28,31754,334.23,32.6
T502080,C100610,1976-06-03,Male,Unknown,125370.42,2024-11-29,100713,5764.18,48.1
T501174,C100691,1998-08-13,Male,Pune,47693.35,2024-07-08,234437,1950.0,25.9
T504509,C100154,,Female,Chennai,20227.6,2024-04-24,15041,2057.3999999999996,40.7
T502628,C100062,1976-02-16,Male,Mumbai,6698.94,2024-12-21,65006,1551.54,48.4
T504261,C100140,1964-06-15,Unknown,Kolkata,699519.01,2024-01-21,12132,1968.56,60.0
T505733,C100598,1995-02-20,Female,Bengaluru,138205.32,2024-05-11,145440,1674.52,29.4
T500614,C100651,1989-01-02,Female,Chennai,79050.49,2024-12-29,65820,5803.95,35.5
T503093,C100670,1983-10-26,Female,Mumbai,371867.09,2024-12-10,155955,9278.64,40.7
T503450,C100092,2000-06-15,Male,Ahmedabad,47693.35,2024-08-03,160053,534.98,24.0
T501014,C100234,1998-03-15,Female,Chennai,59188.47,2024-09-07,150242,1319.52,26.3
T503057,C100462,1975-07-18,Male,Unknown,8910.73,2024-03-20,220909,516.85,49.0
T505915,C100418,1960-01-14,Unknown,Hyderabad,51367.71,2024-04-12,110443,14984.08,64.5
T505333,C100264,1984-06-01,Male,Hyderabad,47693.35,2024-05-04,225908,8499.71,40.1
T503905,C100554,1980-01-24,Male,Surat,31094.72,2024-07-27,81806,470.0,44.4
T502181,C100630,,Male,Ahmedabad,47693.35,2024-04-20,195923,387.88,40.7
T503418,C100779,,Female,Kolkata,297969.29,2024-12-09,115451,6381.28,40.7
T504651,C100710,1988-06-06,Male,Lucknow,31418.04,2024-08-25,105949,2661.82,36.1
T503100,C100533,1959-07-05,Unknown,Lucknow,11799.16,2024-11-15,112940,1221.63,65.0
T501211,C100749,,Male,Mumbai,372624.79,2024-01-14,103230,9227.9,40.7
T500634,C100788,1965-10-17,Male,Bengaluru,40994.26,2024-06-08,94958,103.85,58.7
T501055,C100791,1986-10-19,Female,Kolkata,91747.28,2024-10-21,64934,1044.55,37.7
T502340,C100078,1963-07-19,Female,Chennai,51575.85,2024-05-21,53925,1042.75,61.0
T500796,C100089,1985-03-10,Male,Chennai,47693.35,2024-07-28,21915,1959.07,39.3
T505187,C100358,,Unknown,Kolkata,25096.75,2024-03-27,150848,194.41,40.7
T504270,C100270,,Male,Kolkata,40183.8,2024-02-20,141314,5396.27,40.7
T502814,C100023,1975-05-12,Male,Hyderabad,5699.11,2024-06-01,100353,533.2,49.1
T504341,C100087,1996-06-22,Male,Mumbai,47693.35,2024-09-21,225109,5740.57,28.0
T501080,C100696,1975-05-18,Male,Unknown,295142.68,2024-07-15,235236,2057.3999999999996,49.1
T501654,C100791,1986-10-19,Female,Kolkata,91747.28,2024-06-28,120135,6049.39,37.7
T501607,C100421,1985-01-17,Male,Chennai,123501.29,2024-01-06,130023,3198.01,39.4
T500144,C100696,1975-05-18,Male,Unknown,295142.68,2024-06-09,122954,5567.95,49.1
T504241,C100411,1980-10-24,Female,Lucknow,2108.17,2024-04-24,160222,3712.9,43.7
T500090,C100622,1963-08-04,Male,Pune,114620.95,2024-12-27,15643,10023.54,60.9
T500682,C100560,,Female,Jaipur,25797.87,2024-09-26,172657,2454.58,40.7
T504406,C100148,1980-03-12,Female,Chennai,52253.95,2024-07-02,140730,6176.47,44.3
T503431,C100240,2003-12-24,Male,Mumbai,58083.3,2024-08-01,220356,8937.05,20.5
T500093,C100418,1960-01-14,Unknown,Hyderabad,51367.71,2024-07-30,23309,272883.0199999997,64.5
T500834,C100709,2001-12-15,Female,Nagpur,253403.83,2024-04-23,132911,3048.98,22.5
T505020,C100733,2001-03-05,Female,Bangalore,244077.09,2024-03-09,40202,3978.78,23.3
T505912,C100105,1995-10-18,Female,Lucknow,21507.37,2024-09-13,162259,5238.47,28.7
T505131,C100430,1959-12-22,Unknown,Mumbai,49812.99,2024-05-11,220518,463.83,64.5
T501400,C100617,,Female,Jaipur,9784.54,2024-07-08,51456,104.53,40.7
T503979,C100509,1977-09-18,Male,Bangalore,26256.74,2024-03-11,135425,1594.04,46.8
T502291,C100705,1964-12-03,Female,Bengaluru,92850.2,2024-06-12,210949,1288.69,59.6
T501500,C100101,1978-06-19,Male,Hyderabad,10568.41,2024-09-29,94725,474.27,46.0
T502262,C100541,,Male,Ahmedabad,186265.55,2024-02-19,32019,10941.53,40.7
T501468,C100497,,Male,Hyderabad,28147.07,2024-07-27,220815,6375.5,40.7
T503928,C100637,1989-04-09,Female,Pune,52253.95,2024-10-16,120041,8566.34,35.2
T503245,C100573,1976-01-19,Male,Hyderabad,41943.84,2024-04-23,212744,7270.99,48.4
T500998,C100432,,Female,Jaipur,52253.95,2024-07-10,162234,120.46,40.7
T500853,C100471,1963-11-03,Male,Bangalore,47693.35,2024-03-10,172503,1525.5,60.7
T503875,C100743,1968-05-24,Male,Unknown,121700.99,2024-11-20,51811,237.35,56.1
T501142,C100142,1997-07-20,Female,Jaipur,52253.95,2024-04-13,123043,1021.55,26.9
T505239,C100621,2001-07-16,Female,Hyderabad,58120.95,2024-10-18,132306,1478.05,23.0
T502274,C100470,1997-02-05,Female,Nagpur,155474.78,2024-04-08,211219,2673.7,27.4
T504497,C100246,1992-12-11,Male,Delhi,459949.04,2024-04-23,94226,17840.84,31.6
T501103,C100122,1997-09-23,Male,Surat,15789.94,2024-01-06,13754,948.68,26.8
T500084,C100392,1981-08-02,Female,Bangalore,52253.95,2024-02-13,235608,4093.18,42.9
T502210,C100080,1998-05-06,Male,Bangalore,772078.46,2024-12-08,171638,8335.49,26.2
T504210,C100645,1981-11-02,Male,Unknown,47693.35,2024-06-08,184538,1559.07,42.7
T505768,C100472,2000-01-07,Male,Chennai,13195.64,2024-11-30,233218,889.16,24.5
T505681,C100792,1983-12-13,Male,Bengaluru,147204.05,2024-03-03,211327,2044.51,40.5
T503440,C100423,2004-10-23,Male,Chennai,138103.22,2024-09-01,62306,2328.61,19.7
T501567,C100386,,Unknown,Jaipur,12445.0,2024-03-24,180759,163.89,40.7
T505597,C100277,1978-08-06,Female,Bengaluru,63815.79,2024-02-07,91047,2194.98,45.9
T501660,C100777,,Male,Hyderabad,13106.62,2024-09-02,191904,665.71,40.7
T501556,C100529,1991-11-11,Female,Bengaluru,104328.62,2024-08-08,100156,2057.3999999999996,32.6
T504721,C100593,,Male,Ahmedabad,77632.67,2024-10-19,162044,1312.31,40.7
T503764,C100114,1977-09-22,Female,Lucknow,52253.95,2024-10-07,104550,241.17,46.8
T503584,C100446,1990-03-06,Female,Surat,26944.66,2024-11-16,164948,262.64,34.3
T501885,C100150,2001-08-10,Female,Kolkata,80031.58,2024-04-13,231438,1732.62,22.9
T503144,C100494,1999-10-07,Male,Ahmedabad,11661.72,2024-01-11,100823,383.57,24.7
T501866,C100169,1990-12-22,Unknown,Ahmedabad,346738.24,2024-02-29,34031,3363.15,33.5
T505048,C100133,1980-02-04,Female,Hyderabad,52253.95,2024-02-11,143622,1557.59,44.4
T504720,C100757,,Unknown,Nagpur,128307.71,2024-06-19,34313,6600.22,40.7
T502874,C100347,1963-10-13,Male,Mumbai,37311.99,2024-10-26,184747,4987.86,60.7
T504330,C100254,1964-06-08,Female,Ahmedabad,184790.05,2024-11-07,195944,9903.59,60.1
T503588,C100752,,Female,Nagpur,15655.98,2024-07-30,25948,582.05,40.7
T503267,C100766,2004-12-11,Female,Hyderabad,73693.65,2024-11-08,175313,2057.3999999999996,19.6
T502884,C100629,1993-12-25,Female,Delhi,24299.3,2024-04-28,71928,1226.3,30.5
T502890,C100753,1958-12-05,Male,Ahmedabad,47693.35,2024-09-28,204713,3286.37,65.6
T503007,C100609,,Male,Mumbai,18375.7,2024-10-07,154205,939.63,40.7
T501826,C100591,1975-05-16,Male,Jaipur,31294.72,2024-09-28,215318,489.74,49.1
T503923,C100243,1981-10-26,Male,Ahmedabad,16321.79,2024-09-17,190616,2016.34,42.7
T502640,C100653,1965-07-06,Female,Ahmedabad,305029.15,2024-05-16,231140,7161.67,59.0
T505410,C100637,1989-04-09,Female,Pune,52253.95,2024-07-13,91539,18803.27,35.2
T501525,C100311,1973-01-02,Female,Hyderabad,63960.0,2024-01-23,71358,6472.37,51.5
T501562,C100777,,Male,Hyderabad,13106.62,2024-05-22,111223,66.24,40.7
T505701,C100645,1981-11-02,Male,Unknown,47693.35,2024-12-29,142728,2038.75,42.7
T500343,C100312,1971-03-04,Female,Nagpur,52253.95,2024-02-01,231541,1521.5,53.3
T502542,C100606,2004-10-15,Unknown,Kolkata,51367.71,2024-07-15,30207,585.86,19.7
T503385,C100231,1991-01-13,Female,Delhi,66484.0,2024-01-28,162839,1983.86,33.5
T502412,C100116,1960-09-25,Female,Pune,220401.55,2024-08-08,62924,6201.71,63.8
T505092,C100503,1956-08-12,Female,Pune,146446.03,2024-11-12,164602,262.17,67.9
T501110,C100437,1977-05-10,Female,Pune,58587.83,2024-07-17,80958,2723.69,47.1
T503442,C100426,2001-12-20,Female,Kolkata,64167.81,2024-09-29,194823,184.45,22.5
T502213,C100691,1998-08-13,Male,Pune,47693.35,2024-08-31,45514,3506.84,25.9
T501359,C100167,1989-12-06,Female,Bangalore,11248.7,2024-03-18,132040,4123.94,34.6
T502107,C100381,2000-06-26,Female,Ahmedabad,34569.41,2024-12-15,185934,1608.46,24.0
T504805,C100155,,Male,Chennai,47693.35,2024-01-25,24136,800.73,40.7
T501378,C100785,2000-02-01,Male,Chennai,102157.68,2024-12-04,201020,3718.31,24.4
T502828,C100504,1999-12-20,Male,Jaipur,97634.59,2024-08-04,135205,9915.08,24.5
T500424,C100648,,Female,Hyderabad,9700.19,2024-02-22,83116,21.73,40.7
T500292,C100266,1960-08-05,Female,Surat,201021.76,2024-07-19,12533,9196.87,63.9
T501065,C100083,,Female,Hyderabad,7606.81,2024-05-02,171445,5640.69,40.7
T502377,C100037,1994-03-09,Female,Delhi,33340.33,2024-05-28,210734,1154.46,30.3
T505734,C100248,1970-05-12,Male,Kolkata,89559.95,2024-12-03,165214,2161.49,54.1
T505108,C100414,2002-02-15,Female,Pune,61143.12,2024-01-08,205602,1764.66,22.4
T502127,C100329,1958-11-08,Male,Ahmedabad,37113.65,2024-06-20,142207,681.35,65.6
T501717,C100108,1974-12-26,Male,Jaipur,53397.38,2024-03-15,10226,2047.29,49.5
T500937,C100055,2001-01-23,Male,Lucknow,39750.83,2024-03-31,25,2098.68,23.4
T503779,C100051,1976-02-21,Male,Pune,169367.84,2024-11-16,2926,2624.98,48.4
T503964,C100580,1993-07-18,Female,Mumbai,29452.82,2024-10-24,85230,2197.22,31.0
T503990,C100445,1979-10-15,Female,Surat,5698.13,2024-03-23,170610,352.1,44.7
T504930,C100339,1966-04-20,Male,Pune,62182.35,2024-08-12,121421,2430.05,58.2
T500254,C100238,1981-10-25,Unknown,Pune,51367.71,2024-04-06,52248,3972.28,42.7
T505948,C100351,1958-02-18,Female,Mumbai,52253.95,2024-12-13,91355,569.87,66.4
T501482,C100094,1981-03-20,Female,Bangalore,50521.45,2024-01-07,42308,6375.2,43.3
T500944,C100317,1983-03-05,Unknown,Surat,27760.8,2024-09-27,153459,3260.74,41.3
T505503,C100620,1967-06-27,Unknown,Chennai,22920.89,2024-03-07,202137,3051.99,57.0
T503183,C100083,,Female,Hyderabad,7606.81,2024-10-23,194049,2605.78,40.7
T503266,C100709,2001-12-15,Female,Nagpur,253403.83,2024-11-25,132121,266306.0,22.5
T504819,C100055,2001-01-23,Male,Lucknow,39750.83,2024-10-25,153128,1504.76,23.4
T502907,C100280,1996-06-03,Male,Kolkata,61078.77,2024-04-23,25234,2525.8,28.1
T500969,C100733,2001-03-05,Female,Bangalore,244077.09,2024-01-11,183554,10517.99,23.3
T500496,C100342,1969-06-07,Male,Surat,9262.22,2024-01-15,163644,3806.06,55.1
T505046,C100739,1975-09-21,Female,Jaipur,6681.5,2024-12-12,205425,676.47,48.8
T504901,C100444,1984-06-13,Female,Surat,14948.14,2024-02-28,72328,658.55,40.0
T501829,C100485,1998-11-08,Female,Bengaluru,2026.6,2024-01-11,74725,774.17,25.6
T502177,C100508,1989-11-21,Male,Jaipur,6654.1,2024-11-11,230750,35.52,34.6
T500337,C100029,1977-04-21,Male,Unknown,12477.43,2024-05-28,65931,1322.61,47.2
T504826,C100701,1973-08-26,Male,Delhi,26855.95,2024-04-13,93445,2826.21,50.8
T504704,C100166,1986-04-06,Male,Nagpur,8813.64,2024-04-18,165837,172.64,38.2
T501148,C100046,1985-11-27,Female,Delhi,4232.4,2024-05-13,213130,622.67,38.6
T502243,C100145,,Unknown,Mumbai,51367.71,2024-06-10,231550,1640.32,40.7
T505809,C100693,1988-10-11,Female,Jaipur,247886.54,2024-05-27,113411,7433.96,35.7
T505005,C100726,1966-07-04,Male,Kolkata,213622.83,2024-04-01,54515,8300.04,58.0
T503968,C100477,1992-08-08,Male,Ahmedabad,72921.71,2024-08-14,183155,472.79,31.9
T502151,C100580,1993-07-18,Female,Mumbai,29452.82,2024-07-20,131529,2188.2,31.0
T502010,C100520,1979-07-13,Male,Bengaluru,57394.34,2024-09-19,211358,373.86,45.0
T502491,C100716,,Female,Unknown,240805.5,2024-09-05,14122,4482.19,40.7
T501810,C100415,1964-08-05,Male,Bangalore,81774.91,2024-05-05,53213,3196.64,59.9
T501994,C100651,1989-01-02,Female,Chennai,79050.49,2024-12-23,183737,5282.08,35.5
T504815,C100006,1990-02-05,Female,Bangalore,40563.16,2024-05-28,235938,2297.43,34.4
T502932,C100608,1978-05-11,Male,Nagpur,49274.28,2024-05-11,51655,1793.7,46.1
T502824,C100560,,Female,Jaipur,25797.87,2024-05-30,103249,14352.56,40.7
T505665,C100575,,Male,Jaipur,28676.46,2024-08-15,172428,303.31,40.7
T502275,C100395,2001-02-20,Female,Kolkata,30084.28,2024-03-02,180837,225434.0,23.4
T500434,C100144,1996-01-03,Female,Chennai,63913.1,2024-09-03,163246,1795.15,28.5
T505395,C100710,1988-06-06,Male,Lucknow,31418.04,2024-03-03,4355,887.0,36.1
T504501,C100115,1993-02-11,Male,Kolkata,11109.49,2024-02-04,193301,1148.24,31.4
T502823,C100753,1958-12-05,Male,Ahmedabad,47693.35,2024-11-09,13802,1649.72,65.6
T504917,C100423,2004-10-23,Male,Chennai,138103.22,2024-03-06,213348,790.63,19.7
T503755,C100254,1964-06-08,Female,Ahmedabad,184790.05,2024-12-04,111157,2057.3999999999996,60.1
T502504,C100661,1965-06-14,Unknown,Jaipur,105161.33,2024-10-30,143506,4175.08,59.0
T503211,C100618,1967-10-10,Female,Surat,29639.57,2024-05-16,55209,2516.35,56.7
T505653,C100427,1973-05-14,Female,Hyderabad,13652.98,2024-11-30,184548,1927.44,51.1
T504641,C100007,2003-10-06,Male,Bangalore,14715.92,2024-12-29,181837,725.6,20.7
T504308,C100690,,Male,Bangalore,120392.94,2024-09-27,221557,7039.32,40.7
T504992,C100034,1990-02-16,Unknown,Delhi,13763.64,2024-04-14,120038,697.01,34.4
T503540,C100253,1978-03-27,Male,Bangalore,107511.5,2024-03-29,163737,609.81,46.3
T503270,C100031,1977-11-04,Unknown,Delhi,51367.71,2024-08-22,60553,1466.47,46.7
T501941,C100403,2003-06-13,Female,Jaipur,14630.12,2024-04-27,5310,472.02,21.0
T501891,C100346,1993-08-22,Male,Pune,134207.78,2024-03-21,30524,3414.52,30.9
T505012,C100611,,Male,Bangalore,47693.35,2024-12-19,143306,15030.57,40.7
T505385,C100472,2000-01-07,Male,Chennai,13195.64,2024-12-26,3150,1448.65,24.5
T504910,C100716,,Female,Unknown,240805.5,2024-01-06,164440,18758.89,40.7
T501265,C100055,2001-01-23,Male,Lucknow,39750.83,2024-04-26,224208,1765.04,23.4
T504438,C100539,2001-07-22,Female,Bengaluru,34098.88,2024-04-23,203802,1226.06,22.9
T502597,C100633,1960-05-16,Male,Jaipur,7650.67,2024-02-07,145412,225.83,64.1
T501410,C100126,1992-08-14,Unknown,Jaipur,17927.78,2024-09-26,152036,2407.54,31.9
T501214,C100173,2003-09-18,Female,Pune,28296.42,2024-10-17,61154,873.52,20.8
T500966,C100375,1999-11-27,Male,Nagpur,267588.1,2024-04-15,140821,3322.69,24.6
T504791,C100443,2004-05-13,Female,Nagpur,102909.31,2024-01-12,211614,763.05,20.1
T500605,C100749,,Male,Mumbai,372624.79,2024-12-25,185534,9166.14,40.7
T500104,C100161,1999-05-26,Male,Lucknow,68566.76,2024-09-17,224717,474.03,25.1
T500645,C100311,1973-01-02,Female,Hyderabad,63960.0,2024-04-07,23049,589.57,51.5
T505500,C100676,,Unknown,Nagpur,44650.65,2024-09-07,203901,723.07,40.7
T504590,C100456,2003-10-21,Male,Ahmedabad,21475.71,2024-05-01,74101,68.89,20.7
T503088,C100573,1976-01-19,Male,Hyderabad,41943.84,2024-09-04,170347,34838.15,48.4
T501019,C100045,,Male,Unknown,50615.7,2024-06-05,170128,130299.0,40.7
T500091,C100385,1986-09-04,Female,Pune,31830.7,2024-07-29,61711,4539.88,37.8
T505208,C100001,1976-03-03,Unknown,Ahmedabad,43869.35,2024-03-18,75615,5006.31,48.3
T502870,C100408,1983-10-01,Male,Mumbai,30500.46,2024-11-07,190457,1925.03,40.7
T500908,C100772,,Female,Chennai,14449.91,2024-02-13,133152,645.6,40.7
T505570,C100387,1977-02-16,Male,Kolkata,20501.21,2024-10-22,211159,6447.87,47.4
T505837,C100116,1960-09-25,Female,Pune,220401.55,2024-07-06,75613,6646.73,63.8
T502150,C100560,,Female,Jaipur,25797.87,2024-10-30,14120,11333.99,40.7
T500238,C100592,1965-07-19,Male,Surat,57107.77,2024-01-05,54119,2057.3999999999996,58.9
T503140,C100796,1985-01-13,Female,Chennai,22196.84,2024-04-18,73544,3019.61,39.5
T500942,C100057,1998-12-21,Male,Hyderabad,108663.77,2024-08-04,44420,5021.47,25.5
T501270,C100047,1966-07-11,Female,Hyderabad,22419.5,2024-02-23,212755,265.06,58.0
T500938,C100094,1981-03-20,Female,Bangalore,50521.45,2024-12-27,153134,14336.42,43.3
T505520,C100395,2001-02-20,Female,Kolkata,30084.28,2024-02-28,75100,2047.59,23.4
T503229,C100169,1990-12-22,Unknown,Ahmedabad,346738.24,2024-09-19,232006,860.6,33.5
T503551,C100752,,Female,Nagpur,15655.98,2024-06-02,232651,181.99,40.7
T501862,C100272,,Female,Pune,10046.68,2024-12-03,12523,523.6,40.7
T501669,C100653,1965-07-06,Female,Ahmedabad,305029.15,2024-12-24,94910,7355.86,59.0
T500005,C100257,,Unknown,Jaipur,88380.56,2024-06-29,63122,3001.64,40.7
T504343,C100239,1978-10-02,Male,Chennai,30783.15,2024-07-03,90759,444.33,45.7
T503943,C100448,1996-08-17,Female,Mumbai,1576.53,2024-09-30,65117,1645.39,27.9
T503013,C100087,1996-06-22,Male,Mumbai,47693.35,2024-07-09,100639,492.86,28.0
T500018,C100140,1964-06-15,Unknown,Kolkata,699519.01,2024-09-15,31108,20258.76,60.0
T501970,C100407,,Female,Jaipur,11790.29,2024-04-01,182538,174.94,40.7
T502709,C100336,1997-02-27,Male,Nagpur,75339.25,2024-03-15,200627,4190.5,27.3
T502232,C100412,1985-10-02,Unknown,Mumbai,21748.09,2024-11-22,190124,319.5,38.7
T500811,C100640,2003-11-22,Male,Ahmedabad,47693.35,2024-08-13,23022,2083.75,20.6
T501300,C100301,1990-12-15,Female,Delhi,30265.49,2024-09-25,42744,1449.75,33.5
T505431,C100140,1964-06-15,Unknown,Kolkata,699519.01,2024-06-04,224406,2057.3999999999996,60.0
T500260,C100587,1991-07-27,Male,Mumbai,18400.96,2024-03-27,212842,1380.94,32.9
T501804,C100795,1986-10-21,Female,Pune,43684.44,2024-05-09,93032,453.69,37.7
T501570,C100633,1960-05-16,Male,Jaipur,7650.67,2024-05-24,131614,947.84,64.1
T504280,C100679,,Male,Kolkata,39458.8,2024-01-04,41946,1877.39,40.7
T502454,C100414,2002-02-15,Female,Pune,61143.12,2024-12-11,65212,528.6,22.4
T501743,C100532,2004-08-12,Male,Ahmedabad,47693.35,2024-12-29,72718,556.34,19.9
T501630,C100262,,Female,Hyderabad,52253.95,2024-03-06,223142,243.91,40.7
T501716,C100350,1984-05-06,Male,Bengaluru,47693.35,2024-01-21,171513,1553.93,40.2
T500520,C100794,1959-07-15,Female,Pune,32969.19,2024-11-11,153947,1836.7,65.0
T503937,C100633,1960-05-16,Male,Jaipur,7650.67,2024-04-25,130603,508.05,64.1
T503482,C100699,2003-11-15,Female,Kolkata,20709.46,2024-04-16,144402,2362.26,20.6
T501658,C100200,1984-09-07,Female,Pune,99008.06,2024-06-25,163740,4534.05,39.8
T503472,C100345,1983-05-01,Female,Kolkata,12276.92,2024-11-01,191312,2689.02,41.2
T505708,C100267,1964-03-24,Female,Bengaluru,100432.83,2024-08-21,60019,1315.44,60.3
T502475,C100465,1975-04-06,Female,Kolkata,52253.95,2024-07-25,224708,685.03,49.2
T503948,C100775,1994-07-25,Female,Surat,45130.4,2024-10-16,12654,3915.11,29.9
T503934,C100116,1960-09-25,Female,Pune,220401.55,2024-12-29,201646,5127.92,63.8
T503645,C100384,1998-07-13,Female,Kolkata,102416.63,2024-08-07,220421,258746.0,26.0
T504703,C100739,1975-09-21,Female,Jaipur,6681.5,2024-04-17,110320,1550.39,48.8
T504326,C100790,1994-02-03,Female,Pune,108574.79,2024-02-10,183351,2400.01,30.4
T504427,C100742,,Unknown,Mumbai,4402.93,2024-05-04,114113,288.18,40.7
T505536,C100250,1964-10-04,Female,Ahmedabad,12840.3,2024-05-15,81058,736.9,59.7
T501091,C100169,1990-12-22,Unknown,Ahmedabad,346738.24,2024-12-21,143632,5490.72,33.5
T503608,C100484,1984-05-17,Male,Jaipur,12346.88,2024-03-16,33111,2057.3999999999996,40.1
T501101,C100153,1982-08-04,Female,Lucknow,379373.89,2024-11-11,41122,6207.4,41.9
T505225,C100333,1986-03-18,Female,Lucknow,52253.95,2024-02-09,25741,2057.3999999999996,38.3
T504557,C100022,,Female,Delhi,52253.95,2024-03-11,125501,1278.71,40.7
T500958,C100079,2004-07-20,Male,Delhi,80811.92,2024-06-08,42631,734.2,19.9
T505758,C100516,1982-07-14,Female,Unknown,98173.58,2024-06-29,203301,722.43,42.0
T500559,C100693,1988-10-11,Female,Jaipur,247886.54,2024-10-30,64924,4431.03,35.7
T501519,C100632,1999-08-02,Female,Chennai,70747.64,2024-02-12,90952,2731.45,24.9
T502484,C100258,2000-05-26,Male,Unknown,16944.13,2024-04-04,160326,557.48,24.1
T500366,C100493,,Female,Ahmedabad,102129.94,2024-01-10,125247,4629.37,40.7
T503901,C100727,1978-08-19,Female,Jaipur,123863.27,2024-02-02,21053,2521.77,45.9
T501948,C100250,1964-10-04,Female,Ahmedabad,12840.3,2024-12-30,163310,689.67,59.7
T504165,C100620,1967-06-27,Unknown,Chennai,22920.89,2024-09-25,15442,1500.01,57.0
T501572,C100708,1964-01-27,Male,Kolkata,48367.85,2024-01-10,4650,1879.16,60.4
T500808,C100697,1969-10-22,Male,Mumbai,47693.35,2024-01-09,152208,692.81,54.7
T503232,C100322,1957-04-22,Female,Delhi,12582.93,2024-08-12,24506,694.15,67.2
T503946,C100575,,Male,Jaipur,28676.46,2024-01-19,190645,1467.81,40.7
T500011,C100028,1973-05-26,Unknown,Hyderabad,51367.71,2024-09-06,121219,2702.06,51.1
T502025,C100082,,Unknown,Hyderabad,3621.26,2024-05-13,50320,671.14,40.7
T505013,C100683,1974-10-06,Female,Mumbai,51370.71,2024-05-05,202852,8520.02,49.7
T505547,C100740,1978-08-22,Female,Jaipur,52253.95,2024-05-02,123421,1530.0,45.9
T500176,C100724,1982-07-07,Unknown,Delhi,41634.26,2024-08-09,54235,2305.59,42.0
T502488,C100545,1965-11-14,Female,Mumbai,76933.29,2024-02-13,62224,633.65,58.6
T502569,C100386,,Unknown,Jaipur,12445.0,2024-06-13,231714,1489.94,40.7
T503520,C100148,1980-03-12,Female,Chennai,52253.95,2024-09-18,83136,7164.46,44.3
T503760,C100681,1967-05-15,Female,Lucknow,239151.47,2024-02-15,172959,6226.19,57.1
T505351,C100099,1959-04-20,Female,Ahmedabad,5650.19,2024-07-24,130926,179.42,65.2
T503282,C100405,1959-09-13,Male,Nagpur,5646.11,2024-07-14,222219,636.41,64.8
T501664,C100754,1976-01-13,Male,Bangalore,22979.83,2024-07-06,195948,1582.53,48.5
T502191,C100555,1993-03-27,Female,Ahmedabad,66420.28,2024-03-11,170434,1175.8,31.3
T503370,C100339,1966-04-20,Male,Pune,62182.35,2024-04-07,15830,1310.08,58.2
T505886,C100334,1992-05-05,Unknown,Kolkata,92365.78,2024-12-08,170733,2103.43,32.2
T502660,C100670,1983-10-26,Female,Mumbai,371867.09,2024-01-31,94620,11213.84,40.7
T504252,C100504,1999-12-20,Male,Jaipur,97634.59,2024-05-24,202122,8581.22,24.5
T503578,C100325,1983-11-25,Male,Jaipur,47693.35,2024-09-29,130833,645.04,40.6
T505556,C100764,1966-06-14,Male,Jaipur,62112.48,2024-10-31,130759,4388.4,58.0
T502046,C100209,,Female,Unknown,38752.88,2024-08-25,32008,8922.89,40.7
T505946,C100487,1993-04-18,Male,Delhi,5364.64,2024-11-27,80206,411.02,31.2
T502624,C100576,,Female,Nagpur,52253.95,2024-03-06,61749,418.96,40.7
T503410,C100634,1987-06-04,Female,Mumbai,31133.41,2024-08-24,215911,1904.92,37.1
T501185,C100238,1981-10-25,Unknown,Pune,51367.71,2024-07-27,165653,4958.87,42.7
T501006,C100284,1987-04-12,Male,Lucknow,21229.49,2024-09-18,165019,967.85,37.2
T503569,C100490,1992-01-23,Male,Lucknow,47693.35,2024-03-25,115155,851.72,32.4
T503737,C100348,,Male,Bengaluru,3185.17,2024-11-25,125155,690.28,40.7
T504656,C100236,1983-02-12,Male,Surat,11778.81,2024-05-07,115932,169.84,41.4
T505006,C100766,2004-12-11,Female,Hyderabad,73693.65,2024-09-22,40410,619.01,19.6
T505407,C100217,,Male,Pune,18308.71,2024-12-04,23621,1377.27,40.7
T502049,C100437,1977-05-10,Female,Pune,58587.83,2024-04-20,64855,773.61,47.1
T504011,C100164,1997-11-15,Female,Delhi,20966.32,2024-06-21,53935,4291.54,26.6
T500269,C100573,1976-01-19,Male,Hyderabad,41943.84,2024-10-09,102913,1811.78,48.4
T501993,C100136,2002-08-17,Unknown,Ahmedabad,51367.71,2024-11-08,170630,3638.95,21.9
T500265,C100209,,Female,Unknown,38752.88,2024-03-26,120622,1225.81,40.7
T500914,C100766,2004-12-11,Female,Hyderabad,73693.65,2024-01-05,121305,1329.68,19.6
T502278,C100702,,Female,Mumbai,2914.57,2024-08-27,20851,494.62,40.7
T502231,C100781,,Female,Lucknow,52253.95,2024-04-19,65916,496.46,40.7
T500290,C100244,1983-09-24,Female,Delhi,52253.95,2024-07-25,40329,1475.78,40.8
T502912,C100409,,Female,Bangalore,20193.51,2024-02-19,161410,2607.77,40.7
T504969,C100565,2004-09-19,Female,Bangalore,67225.87,2024-03-07,84620,9529.44,19.8
T502093,C100340,1974-11-10,Male,Mumbai,11896.1,2024-02-14,164930,2447.74,49.6
T504571,C100468,,Male,Chennai,84203.67,2024-04-07,190721,2528.47,40.7
T501652,C100750,1976-09-20,Male,Mumbai,140121.33,2024-04-19,110455,393.61,47.8
T504141,C100038,2001-08-16,Male,Kolkata,38387.92,2024-11-12,171448,364.62,22.9
T504257,C100110,2004-06-04,Unknown,Chennai,188084.65,2024-05-04,172108,1538.1,20.1
T503039,C100463,1963-05-18,Male,Nagpur,11964.39,2024-05-16,181414,2905.5,61.1
T502677,C100634,1987-06-04,Female,Mumbai,31133.41,2024-01-11,51140,173.84,37.1
T500288,C100431,,Male,Surat,10914.09,2024-11-05,104320,180.7,40.7
T503107,C100322,1957-04-22,Female,Delhi,12582.93,2024-02-05,142121,2508.5,67.2
T500575,C100657,1974-08-02,Male,Ahmedabad,71006.14,2024-05-09,2519,303.78,49.9
T500850,C100508,1989-11-21,Male,Jaipur,6654.1,2024-03-08,10948,359.37,34.6
T503883,C100161,1999-05-26,Male,Lucknow,68566.76,2024-03-27,120834,7919.14,25.1
T505007,C100724,1982-07-07,Unknown,Delhi,41634.26,2024-04-22,94646,1360.09,42.0
T505350,C100518,1981-02-02,Female,Pune,17929.39,2024-01-13,54036,3639.93,43.4
T505929,C100052,,Female,Mumbai,54071.44,2024-05-18,14046,4472.99,40.7
T501722,C100593,,Male,Ahmedabad,77632.67,2024-06-02,115027,272883.0199999997,40.7
T505831,C100788,1965-10-17,Male,Bengaluru,40994.26,2024-10-25,4711,4016.65,58.7
T505028,C100123,1996-09-14,Male,Hyderabad,24576.12,2024-05-18,131407,339.48,27.8
T503949,C100731,1992-02-17,Male,Hyderabad,47693.35,2024-05-08,44155,186.26,32.4
T501100,C100712,1984-12-18,Male,Nagpur,7145.18,2024-03-05,212047,942.0,39.5
T501207,C100376,1973-05-09,Unknown,Delhi,51367.71,2024-07-25,94751,2486.64,51.1
T501843,C100613,1972-02-21,Unknown,Unknown,22232.68,2024-05-28,194531,459.82,52.4
T501848,C100728,1988-08-09,Female,Delhi,6027.16,2024-12-06,182858,757.31,35.9
T502524,C100509,1977-09-18,Male,Bangalore,26256.74,2024-11-26,90043,266.97,46.8
T503947,C100754,1976-01-13,Male,Bangalore,22979.83,2024-09-23,164301,81966.0,48.5
T501694,C100680,1964-12-27,Male,Chennai,83125.23,2024-07-30,193024,1372.06,59.5
T504181,C100597,1972-09-02,Female,Pune,30467.88,2024-02-14,222634,1683.63,51.8
T504565,C100444,1984-06-13,Female,Surat,14948.14,2024-04-08,200929,2057.3999999999996,40.0
T503960,C100281,2001-10-01,Male,Hyderabad,2716.26,2024-09-23,32605,38.48,22.7
T500233,C100400,1961-12-17,Female,Pune,52253.95,2024-08-27,222257,2368.73,62.5
T503332,C100274,1973-07-26,Male,Kolkata,47693.35,2024-01-04,93245,10937.17,50.9
T505781,C100597,1972-09-02,Female,Pune,30467.88,2024-07-27,162554,1973.49,51.8
T502647,C100389,1975-07-12,Female,Kolkata,52253.95,2024-12-20,141103,3025.5,49.0
T504041,C100133,1980-02-04,Female,Hyderabad,52253.95,2024-02-07,173554,3397.75,44.4
T501711,C100283,1977-10-18,Male,Surat,54219.8,2024-09-21,50731,1568.91,46.7
T500182,C100736,1994-08-24,Male,Mumbai,21365.93,2024-07-09,173630,1130.36,29.9
T505084,C100080,1998-05-06,Male,Bangalore,772078.46,2024-01-14,74147,2762.11,26.2
T505096,C100773,1982-04-10,Unknown,Kolkata,51367.71,2024-01-02,93337,3516.95,42.2
T505737,C100774,,Female,Pune,10948.71,2024-02-15,184421,162.8,40.7
T505452,C100135,1976-12-12,Female,Mumbai,52253.95,2024-01-29,13141,8393.83,47.5
T501462,C100153,1982-08-04,Female,Lucknow,379373.89,2024-02-28,91311,15001.14,41.9
T500049,C100529,1991-11-11,Female,Bengaluru,104328.62,2024-11-15,174656,487.11,32.6
T502550,C100063,2001-02-14,Female,Chennai,67715.0,2024-12-10,93353,1369.88,23.4
T505354,C100343,1992-02-11,Female,Mumbai,60102.72,2024-08-02,202820,2663.38,32.4
T504582,C100646,,Male,Delhi,56399.4,2024-09-19,151745,1814.06,40.7
T500106,C100002,1990-10-14,Female,Bangalore,4740.87,2024-02-14,233033,684.31,33.7
T500443,C100754,1976-01-13,Male,Bangalore,22979.83,2024-04-13,53856,501.31,48.5
T501954,C100174,1972-07-21,Male,Bengaluru,97279.18,2024-09-10,210628,12800.02,51.9
T504742,C100540,,Female,Hyderabad,73271.8,2024-01-14,160508,488.32,40.7
T505858,C100191,1979-01-02,Male,Pune,70003.54,2024-03-27,220506,1293.06,45.5
T500726,C100426,2001-12-20,Female,Kolkata,64167.81,2024-03-31,212044,272883.0199999997,22.5
T502238,C100559,2001-12-04,Unknown,Mumbai,83977.32,2024-04-14,143508,1941.28,22.6
T505952,C100690,,Male,Bangalore,120392.94,2024-12-15,71319,10902.0,40.7
T502330,C100573,1976-01-19,Male,Hyderabad,41943.84,2024-08-19,82154,34398.77,48.4
T504125,C100163,1970-08-04,Male,Kolkata,3126.03,2024-01-22,50909,363.23,53.9
T501001,C100739,1975-09-21,Female,Jaipur,6681.5,2024-06-24,90548,194.98,48.8
T503252,C100430,1959-12-22,Unknown,Mumbai,49812.99,2024-02-21,185632,609.51,64.5
T502148,C100707,1993-12-17,Female,Delhi,19040.78,2024-09-17,170926,5315.22,30.5
T500197,C100708,1964-01-27,Male,Kolkata,48367.85,2024-07-03,141416,3790.83,60.4
T504591,C100727,1978-08-19,Female,Jaipur,123863.27,2024-10-11,10556,3375.62,45.9
T503793,C100651,1989-01-02,Female,Chennai,79050.49,2024-10-25,221816,2142.45,35.5
T500647,C100664,1987-01-09,Unknown,Mumbai,99475.96,2024-01-01,171657,2339.73,37.5
T503035,C100368,1991-10-16,Female,Jaipur,144315.15,2024-10-17,75718,3066.4,32.7
T503733,C100566,1975-06-21,Female,Kolkata,12023.59,2024-11-08,61459,402.03,49.0
T502758,C100484,1984-05-17,Male,Jaipur,12346.88,2024-05-12,42345,2057.3999999999996,40.1
T500373,C100077,1990-01-06,Female,Ahmedabad,28809.7,2024-10-17,123448,1920.99,34.5
T504774,C100521,1962-02-16,Male,Kolkata,56258.99,2024-08-14,10902,3779.83,62.4
T500566,C100368,1991-10-16,Female,Jaipur,144315.15,2024-10-23,185603,5495.5,32.7
T503720,C100368,1991-10-16,Female,Jaipur,144315.15,2024-05-14,73008,1692.91,32.7
T502895,C100166,1986-04-06,Male,Nagpur,8813.64,2024-10-31,130942,250.75,38.2
T504556,C100755,1975-07-15,Female,Hyderabad,52253.95,2024-08-26,13633,4878.72,49.0
T503485,C100525,1969-05-10,Female,Chennai,212533.64,2024-03-20,132321,5046.52,55.1
T501155,C100754,1976-01-13,Male,Bangalore,22979.83,2024-02-17,144232,371.35,48.5
T504135,C100580,1993-07-18,Female,Mumbai,29452.82,2024-06-22,131712,1001.68,31.0
T500973,C100757,,Unknown,Nagpur,128307.71,2024-06-26,191623,9027.53,40.7
T503287,C100416,1988-10-20,Male,Jaipur,77721.72,2024-02-28,232253,5766.68,35.7
T503627,C100565,2004-09-19,Female,Bangalore,67225.87,2024-09-26,42348,8134.49,19.8
T503638,C100556,,Female,Hyderabad,92723.33,2024-12-18,111530,1059.73,40.7
T505882,C100726,1966-07-04,Male,Kolkata,213622.83,2024-04-24,63957,12189.45,58.0
T505594,C100285,1991-08-17,Female,Pune,63464.25,2024-01-27,202238,4377.55,32.9
T501835,C100443,2004-05-13,Female,Nagpur,102909.31,2024-04-14,113107,4193.91,20.1
T502308,C100175,1997-09-06,Unknown,Jaipur,66674.74,2024-10-24,162343,2228.2,26.8
T504923,C100642,2004-06-16,Male,Surat,10108.04,2024-04-09,72606,1466.54,20.0
T502044,C100473,1982-04-03,Female,Bengaluru,52253.95,2024-08-05,170501,1489.12,42.2
T504405,C100632,1999-08-02,Female,Chennai,70747.64,2024-02-21,161034,347.5,24.9
T504372,C100512,1986-08-19,Male,Unknown,88055.27,2024-11-02,181603,14999.88,37.9
T504732,C100095,1980-11-25,Female,Ahmedabad,52253.95,2024-06-28,130734,2182.96,43.6
T504750,C100325,1983-11-25,Male,Jaipur,47693.35,2024-05-07,51400,118.38,40.6
T504718,C100701,1973-08-26,Male,Delhi,26855.95,2024-08-23,83817,2160.29,50.8
T505955,C100651,1989-01-02,Female,Chennai,79050.49,2024-10-17,143158,1100.52,35.5
T500844,C100241,1972-06-24,Male,Pune,46874.59,2024-04-06,1047,2789.87,52.0
T504489,C100356,,Male,Mumbai,62027.26,2024-01-28,2149,3526.33,40.7
T502155,C100101,1978-06-19,Male,Hyderabad,10568.41,2024-11-25,65622,295.15,46.0
T500349,C100046,1985-11-27,Female,Delhi,4232.4,2024-02-19,112730,2459.42,38.6
T500784,C100759,1983-06-08,Female,Unknown,52253.95,2024-02-03,94534,14588.62,41.1
T500047,C100477,1992-08-08,Male,Ahmedabad,72921.71,2024-07-13,21904,1909.24,31.9
T503651,C100440,1990-04-24,Unknown,Delhi,1809.61,2024-12-16,84142,490.29,34.2
T505751,C100079,2004-07-20,Male,Delhi,80811.92,2024-07-19,84507,11822.86,19.9
T504498,C100300,1990-07-09,Male,Chennai,47693.35,2024-01-13,103914,2967.98,34.0
T504018,C100169,1990-12-22,Unknown,Ahmedabad,346738.24,2024-04-27,194518,22035.67,33.5
T505203,C100678,1971-03-09,Male,Nagpur,43991.48,2024-04-15,100826,2057.3999999999996,53.3
T505250,C100479,1980-10-22,Female,Kolkata,98501.77,2024-02-05,135000,5871.21,43.7
T501439,C100787,1997-04-22,Female,Delhi,16021.57,2024-03-10,102941,163.87,27.2
T505085,C100096,1961-08-20,Male,Lucknow,76980.73,2024-04-07,161208,3158.85,62.9
T501865,C100745,2002-11-16,Female,Ahmedabad,53359.6,2024-12-30,152816,1935.39,21.6
T505406,C100479,1980-10-22,Female,Kolkata,98501.77,2024-07-08,222211,13142.16,43.7
T503195,C100510,2000-08-03,Female,Ahmedabad,235563.0,2024-07-20,103558,7449.23,23.9
T500033,C100173,2003-09-18,Female,Pune,28296.42,2024-04-02,181108,3546.39,20.8
T500787,C100729,,Male,Lucknow,264299.97,2024-04-02,202345,28398.39,40.7
T505139,C100726,1966-07-04,Male,Kolkata,213622.83,2024-01-11,92955,1801.16,58.0
T504577,C100600,1981-01-05,Female,Jaipur,67373.79,2024-02-28,132610,926.15,43.5
T505339,C100085,1983-10-17,Male,Pune,36223.4,2024-06-17,70847,1578.98,40.7
T502627,C100487,1993-04-18,Male,Delhi,5364.64,2024-07-30,145150,399.21,31.2
T502404,C100395,2001-02-20,Female,Kolkata,30084.28,2024-12-01,45707,3226.48,23.4
T501685,C100014,1995-01-22,Male,Lucknow,72097.18,2024-01-27,93306,4968.6,29.4
T501248,C100202,1976-09-08,Female,Surat,57912.5,2024-05-12,51542,3239.13,47.8
T504855,C100632,1999-08-02,Female,Chennai,70747.64,2024-05-31,132100,2359.66,24.9
T500092,C100343,1992-02-11,Female,Mumbai,60102.72,2024-06-26,161238,2205.98,32.4
T505271,C100480,1993-09-08,Female,Mumbai,37940.98,2024-02-19,14220,2710.83,30.8
T505511,C100703,1984-05-15,Female,Jaipur,125815.19,2024-01-09,182924,2230.51,40.1
T505437,C100039,1975-06-13,Female,Bangalore,269975.33,2024-09-05,215722,7187.84,49.0
T505568,C100633,1960-05-16,Male,Jaipur,7650.67,2024-05-14,182524,9828.76,64.1
T502851,C100472,2000-01-07,Male,Chennai,13195.64,2024-03-20,145120,1611.96,24.5
T502793,C100471,1963-11-03,Male,Bangalore,47693.35,2024-03-26,193631,1194.38,60.7
T505703,C100111,1961-02-13,Female,Bengaluru,31428.6,2024-06-22,184812,1153.92,63.4
T500764,C100756,1960-11-09,Male,Surat,19451.56,2024-01-04,63715,2262.16,63.6
T502988,C100570,1960-04-04,Female,Kolkata,8280.19,2024-02-09,73648,2159.72,64.2
T505469,C100075,2001-02-25,Female,Hyderabad,13759.87,2024-05-06,82841,751.76,23.3
T502448,C100063,2001-02-14,Female,Chennai,67715.0,2024-01-13,61439,1314.08,23.4
T501728,C100095,1980-11-25,Female,Ahmedabad,52253.95,2024-05-30,163621,2214.64,43.6
T500257,C100679,,Male,Kolkata,39458.8,2024-01-02,60937,2592.87,40.7
T505040,C100153,1982-08-04,Female,Lucknow,379373.89,2024-05-08,193257,8438.07,41.9
T501219,C100559,2001-12-04,Unknown,Mumbai,83977.32,2024-03-31,24705,1181.88,22.6
T501161,C100543,1989-02-25,Male,Chennai,28641.23,2024-04-03,84357,1691.25,35.3
T500772,C100375,1999-11-27,Male,Nagpur,267588.1,2024-06-21,61003,1709.63,24.6
T505582,C100671,1957-02-18,Male,Mumbai,60107.96,2024-01-20,90731,2000.87,67.4
T500312,C100441,1973-01-26,Male,Lucknow,109974.75,2024-02-25,51219,2379.98,51.4
T504386,C100264,1984-06-01,Male,Hyderabad,47693.35,2024-11-11,135736,7692.86,40.1
T504032,C100161,1999-05-26,Male,Lucknow,68566.76,2024-04-03,23255,934.08,25.1
T504859,C100128,1973-02-21,Male,Unknown,6319.58,2024-04-15,82327,881.75,51.4
T502997,C100293,1989-05-13,Male,Bangalore,10023.2,2024-08-23,95448,187.57,35.1
T504279,C100554,1980-01-24,Male,Surat,31094.72,2024-08-09,82645,286.16,44.4
T501176,C100452,1966-10-27,Female,Mumbai,33276.34,2024-11-12,213917,692.83,57.7
T503896,C100565,2004-09-19,Female,Bangalore,67225.87,2024-06-30,100802,2571.91,19.8
T501349,C100339,1966-04-20,Male,Pune,62182.35,2024-02-23,95613,14802.26,58.2
T503775,C100011,1966-02-23,Male,Unknown,15559.6,2024-08-02,210527,2057.3999999999996,58.3
T503116,C100105,1995-10-18,Female,Lucknow,21507.37,2024-01-05,154440,3448.75,28.7
T503516,C100698,1986-10-03,Male,Mumbai,186379.37,2024-01-02,222758,4786.05,37.7
T502298,C100335,,Male,Bengaluru,47693.35,2024-03-31,91318,347.12,40.7
T502871,C100685,2000-12-14,Male,Nagpur,47693.35,2024-04-19,211713,1274.79,23.5
T505195,C100528,1968-01-27,Female,Bangalore,23728.17,2024-03-24,83846,1707.84,56.4
T500391,C100559,2001-12-04,Unknown,Mumbai,83977.32,2024-08-24,14244,2489.27,22.6
T501456,C100223,,Female,Nagpur,7196.01,2024-12-16,180416,3221.21,40.7
T501092,C100328,1993-09-23,Female,Mumbai,138849.89,2024-05-10,144032,3788.61,30.8
T503239,C100376,1973-05-09,Unknown,Delhi,51367.71,2024-11-26,24518,1712.03,51.1
T505000,C100103,1991-02-14,Unknown,Delhi,51367.71,2024-01-22,142428,956.89,33.4
T502778,C100338,1977-03-17,Male,Chennai,34108.53,2024-01-15,192434,1541.67,47.3
T504462,C100684,,Unknown,Ahmedabad,27777.54,2024-07-05,212818,110.72,40.7
T504441,C100431,,Male,Surat,10914.09,2024-11-04,113907,870.43,40.7
T503656,C100236,1983-02-12,Male,Surat,11778.81,2024-03-14,121810,1295.5,41.4
T502583,C100179,1993-09-18,Female,Bangalore,4962.98,2024-10-11,21705,113.31,30.8
T503257,C100299,2003-07-15,Male,Jaipur,47693.35,2024-06-21,142115,2775.1,21.0
T501372,C100062,1976-02-16,Male,Mumbai,6698.94,2024-01-27,162503,1407.7,48.4
T505735,C100135,1976-12-12,Female,Mumbai,52253.95,2024-01-18,142407,1320.43,47.5
T500919,C100155,,Male,Chennai,47693.35,2024-01-16,175616,8236.62,40.7
T504307,C100239,1978-10-02,Male,Chennai,30783.15,2024-07-29,175108,1211.14,45.7
T505699,C100222,1969-03-14,Female,Lucknow,77445.15,2024-10-02,33116,5458.4,55.3
T500537,C100525,1969-05-10,Female,Chennai,212533.64,2024-07-25,142013,3033.97,55.1
T501220,C100153,1982-08-04,Female,Lucknow,379373.89,2024-11-16,102612,21906.74,41.9
T504271,C100512,1986-08-19,Male,Unknown,88055.27,2024-05-10,233751,7674.86,37.9
