TransactionID,CustomerID,CustomerDOB,CustGender,CustLocation,CustAccountBalance,TransactionDate,TransactionTime,TransactionAmount (INR)
T502535,C100726,1966-04-07,m,KOLKATA,"Rs. 213,622.83",2024-06-12,230909,6148.9
T500740,C100796,13-01-85,F,CHENNAI,22196.84,01-Jun-2024,042021,1284.31
T501682,C100135,1976-12-12,Female,mumbai ,,11/05/2024,183515,323.89
T501409,C100163,04/08/1970,m,Kolkata,"Rs. 3,126.03",11-Jul-2024,125144,320.57
T505100,C100509,1977-09-18,m,BANGALORE,26256.74,20-Mar-2024,031024,789.35
T502467,C100636,07/07/1969,female,  Surat,"Rs. 52,253.95",2024-06-25,043254,464.98
T500445,C100541,13-01-74,male,Ahmedabad,"186,265.55",23-Jun-2024,041015,5622.67
T502520,C100335,1/1/1800,M,Bengaluru,,2024-03-14,080307,4501.04
T501195,C100702,0000-00-00,Female,Mumbai,2914.57,2024-08-10,092028,1526.37
T502820,C100377,07/07/1965,m,Bangalore,31307.17,09/03/2024,135541,-328.91
T504755,C100729,18-06-74,M,LUCKNOW,"264,299.97",2024-09-14,200611,4743.74
T500934,C100002,14/10/1990,female,BANGALORE,4740.87,01-Jul-2024,172415,601.47
T501042,C100717,1983-04-25,F,mumbai ,,26/06/2024,075858,3511.59
T501721,C100546,20/05/1993,male,DELHI,"Rs. 76,684.14",2024-09-11,101023,3247.57
T503190,C100764,1966-06-14,M,Jaipur,62112.48,28-Dec-2024,140201,18457.53
T503854,C100230,2035-01-01,Female,Chennai,"Rs. 17,144.19",23/12/2024,120349,1479.43
T502226,C100746,02/05/1972,M,MUMBAI,66601.54,2024-04-05,224518,612.29
T500334,C100155,2035-01-01,m,Chennai,,2024-11-17,162029,1203.14
T505852,C100731,1992-02-17,M,HYDERABAD,,2024-10-27,123953,3470.49
T505086,C100279,1957-08-17,Male,Jaipur,"45,765.21",09-Dec-2024,083012,1730.05
T505263,C100042,1968-11-12,Male,mumbai ,41014.43,25/05/2024,134957,600.88
T500463,C100443,13/05/2004,Female,NAGPUR,102909.31,23/06/2024,235826,INR 197.94
T502113,C100311,02/01/1973,F,HYDERABAD,63960.0,21/10/2024,012141,273.22
T500452,C100763,10/09/1994,m,MUMBAI,,28/05/2024,210606,"INR 4,168.15"
T501739,C100153,04-08-82,f,LUCKNOW,"379,373.89",2024-05-31,161955,12611.9
T504977,C100675,1962-07-04,,Bangalore,91272.97,13/11/2024,072608,2850.66
T501436,C100356,23-02-61,Male,MUMBAI,"Rs. 62,027.26",19-Mar-2024,081812,"INR 4,380.39"
T504422,C100161,1999-05-26,Male,LUCKNOW,68566.76,2024-06-25,163338,
T503174,C100534,21/09/1980,Female,MUMBAI,,2024-12-30,110843,5392.91
T500521,C100700,06-03-88,Male,Pune,,23-Aug-2024,034621,7369.02
T501283,C100210,1956-04-12,female,Delhi,"112,806.44",19-Oct-2024,072700,-96.22
T504877,C100716,11-02-72,F,,"Rs. 240,805.50",07/03/2024,140758,16725.16
T502956,C100753,05/12/1958,Male,Ahmedabad,,18/03/2024,100241,4522.05
T504492,C100689,03/09/2001,Female,Mumbai,5503.87,01/11/2024,222254,900.33
T502755,C100148,1980-12-03,f,Chennai,,22-Feb-2024,014718,9299.1
T500756,C100010,1989-06-09,f,Kolkata,"Rs. 239,001.20",19/03/2024,052947,443.32
T504021,C100258,26-05-00,Male,,"Rs. 16,944.13",01-Sep-2024,054801,4749.57
T505627,C100376,1973-09-05,,Delhi,,30-Oct-2024,200355,"INR 2,875.03"
T500554,C100711,1956-06-23,male,Hyderabad,"10,669.16",09/02/2024,122217,2003.58
T504113,C100499,19-11-63,male,Hyderabad,"29,516.20",02/12/2024,135551,4970.09
T501787,C100715,1966-01-07,Male,AHMEDABAD,5484.47,12-Feb-2024,201839,INR 907.67
T504353,C100190,06/11/1979,male,Jaipur,"Rs. 39,923.71",12-Aug-2024,151956,397.39
T504959,C100434,20-02-74,,HYDERABAD,17342.63,07-Jun-2024,114214,657.59
T500246,C100078,19/07/1963,female,Chennai,51575.85,09-Feb-2024,123301,6010.07
T501406,C100466,08-03-65,M,Mumbai,11590.04,21-Dec-2024,220144,2830.65
T502530,C100074,04-05-60,Female,Hyderabad,"Rs. 138,675.48",08/11/2024,145138,3662.51
T501341,C100616,12-12-98,M,LUCKNOW,68502.33,26-Oct-2024,085129,2228.88
T505321,C100599,1960-07-23,m,  Surat,"8,719.83",23/07/2024,190358,60457.00000000001
T501441,C100715,1966-01-07,Male,AHMEDABAD,5484.47,14/05/2024,032843,830.65
T503178,C100597,1972-02-09,female,Pune,30467.88,2024-02-29,114300,329.94
T505356,C100318,19/04/1976,,JAIPUR,"171,947.48",29/02/2024,043343,
T502271,C100404,04-05-64,m,Kolkata,"Rs. 17,067.98",13-Dec-2024,155542,1026.73
T505659,C100566,1975-06-21,female,Kolkata,"12,023.59",2024-03-12,233706,692.12
T503048,C100246,11/12/1992,Male,Delhi,459949.04,2024-01-23,195217,9654.85
T501790,C100368,1991-10-16,F,Jaipur,"144,315.15",07/10/2024,071056,468.08
T500407,C100743,1968-05-24,Male,,121700.99,10/02/2024,152232,6906.92
T505513,C100600,1981-05-01,f,Jaipur,"67,373.79",2024-02-03,121756,4396.75
T501989,C100573,1976-01-19,male,Hyderabad,41943.84,25/10/2024,103637,2884.93
T502350,C100536,07-01-64,m,JAIPUR,"17,092.33",2024-03-22,011122,
T503276,C100231,13-01-91,female,DELHI,66484.0,24-Jun-2024,115202,2758.51
T504503,C100790,03/02/1994,female,Pune,"108,574.79",27/04/2024,072645,362.02
T500965,C100346,22/08/1993,M,PUNE,"134,207.78",21/02/2024,005435,2514.21
T505174,C100421,1985-01-17,Male,Chennai,"123,501.29",2024-04-05,231858,8897.87
T500008,C100470,05-02-97,F,NAGPUR,155474.78,19-Sep-2024,093722,2916.2
T504655,C100558,1958-07-13,Female,Hyderabad,43904.78,18/05/2024,032813,3656.46
T501464,C100684,09-11-67,,AHMEDABAD,"27,777.54",09/02/2024,195559,INR 372.64
T500187,C100450,1992-01-17,F,DELHI,"111,417.27",17/01/2024,183747,"INR 4,153.05"
T500962,C100003,1961-03-26,,Kolkata,"Rs. 48,217.77",28/04/2024,100123,"INR 1,187.89"
T503253,C100054,01-04-73,f,AHMEDABAD,"Rs. 2,705.17",2024-02-23,150117,582.58
T504689,C100434,20-02-74,,HYDERABAD,17342.63,19/12/2024,044349,173.91
T504460,C100133,04-02-80,female,Hyderabad,,06/03/2024,065856,497.55
T502718,C100041,22/06/1982,M,Bangalore,"22,606.16",2024-06-19,084823,"INR 1,111.28"
T504005,C100693,11/10/1988,f,Jaipur,"247,886.54",17-Sep-2024,155959,3960.54
T501845,C100240,24/12/2003,M,mumbai ,"58,083.30",2024-06-18,081153,"INR 2,248.41"
T505639,C100547,20-06-66,F,DELHI,"Rs. 49,530.12",2024-04-06,213545,4816.12
T504504,C100250,04/10/1964,Female,Ahmedabad,"12,840.30",19/07/2024,183054,1461.39
T500301,C100573,1976-01-19,male,Hyderabad,41943.84,2024-06-09,221040,2747.94
T503935,C100370,02-12-01,female,mumbai ,"Rs. 25,951.83",2024-08-21,160206,869.97
T500718,C100087,22/06/1996,Male,mumbai ,,23/04/2024,070916,1559.91
T504937,C100745,16/11/2002,Female,AHMEDABAD,53359.6,2024-06-19,204652,327.15
T504816,C100413,1975-06-17,Male,Chennai,,16/03/2024,205208,3181.19
T503294,C100384,1998-07-13,Female,KOLKATA,"Rs. 102,416.63",2024-01-13,043108,"INR 6,450.60"
T502284,C100151,1955-06-05,Male,Kolkata,"Rs. 83,391.84",15/07/2024,171711,15938.14
T505538,C100246,11/12/1992,Male,Delhi,459949.04,04-Mar-2024,163429,"INR -8,710.31"
T505345,C100258,26-05-00,Male,,"Rs. 16,944.13",20/11/2024,131928,4246.08
T504519,C100698,03/10/1986,M,mumbai ,"Rs. 186,379.37",16-Mar-2024,184713,4628.69
T505180,C100094,20/03/1981,f,Bangalore,50521.45,17/01/2024,090129,"INR 1,965.06"
T501949,C100664,09/01/1987,,Mumbai,99475.96,20/07/2024,204329,1072.91
T505633,C100051,21/02/1976,m,PUNE,"169,367.84",22/11/2024,165648,21285.3
T500135,C100691,13/08/1998,m,Pune,,02/08/2024,161938,6716.72
T503164,C100334,05/05/1992,,Kolkata,"Rs. 92,365.78",06/10/2024,073139,
T500773,C100431,15-04-62,male,  Surat,"10,914.09",08-Oct-2024,155420,1202.31
T503611,C100450,1992-01-17,F,DELHI,"111,417.27",2024-05-11,214100,6297.37
T505279,C100729,18-06-74,M,LUCKNOW,"264,299.97",05/08/2024,152047,9581.15
T504253,C100752,22-12-69,female,NAGPUR,"15,655.98",07/01/2024,182530,717.61
T502556,C100173,2003-09-18,Female,PUNE,"Rs. 28,296.42",03-Oct-2024,104333,2896.85
T505686,C100560,01-01-1900,female,Jaipur,25797.87,06-Jan-2024,123654,4859.78
T504001,C100414,2002-02-15,F,PUNE,"61,143.12",2024-06-05,203803,875.12
T500121,C100724,07-07-82,,Delhi,41634.26,12/02/2024,224856,2977.7
T502276,C100014,1995-01-22,M,LUCKNOW,72097.18,15/09/2024,140730,10666.24
T503288,C100000,18-10-59,Male,DELHI,"Rs. 17,012.07",2024-12-10,035951,1756.39
T500563,C100177,13-12-68,,AHMEDABAD,208320.55,20/03/2024,105109,7382.68
T501483,C100767,0000-00-00,F,,70068.58,30/04/2024,180135,3838.74
T502931,C100702,0000-00-00,Female,Mumbai,2914.57,01/01/2024,074749,3313.39
T501674,C100512,19/08/1986,m,,"Rs. 88,055.27",24/02/2024,165613,7527.96
T505920,C100343,11-02-92,female,mumbai ,"60,102.72",2024-06-20,224816,1633.86
T505585,C100429,17-05-92,F,Delhi,"40,293.13",21-Jul-2024,183339,5455.77
T502537,C100032,16/10/1977,female,Kolkata,"27,810.10",2024-04-13,212448,1404.29
T503959,C100555,27-03-93,female,Ahmedabad,"66,420.28",2024-10-22,134831,3915.73
T505590,C100775,25/07/1994,F,  Surat,45130.4,23-Oct-2024,153352,3847.68
T504620,C100291,1975-08-14,Female,Pune,,2024-11-17,143710,2687.99
T501390,C100426,20/12/2001,female,Kolkata,64167.81,29-Jul-2024,120123,1928.92
T504543,C100733,2001-05-03,f,BANGALORE,"Rs. 244,077.09",2024-06-25,222625,743.53
T500797,C100716,11-02-72,F,,"Rs. 240,805.50",24/02/2024,130350,17765.96
T504670,C100100,05-03-84,female,Bengaluru,21883.94,26-Jul-2024,165408,INR 277.59
T501673,C100058,26-02-76,m,  Surat,,27-Sep-2024,172356,161.63
T500276,C100408,1983-01-10,m,Mumbai,30500.46,28/09/2024,025252,1246.39
T500979,C100013,1995-03-19,,MUMBAI,"Rs. 11,833.88",22/02/2024,151133,458.14
T505839,C100541,13-01-74,male,Ahmedabad,"186,265.55",19/10/2024,234744,1462.72
T505569,C100346,22/08/1993,M,PUNE,"134,207.78",2024-10-11,165819,16854.22
T504096,C100012,12/10/1993,F,,"Rs. 50,102.02",23/10/2024,192046,941.42
T502750,C100350,06/05/1984,Male,Bengaluru,,06-Jan-2024,180523,6776.42
T503181,C100300,1990-09-07,Male,Chennai,,27/01/2024,170500,2962.29
T505319,C100412,1985-02-10,,MUMBAI,"Rs. 21,748.09",2024-05-05,160044,INR 133.90
T504337,C100219,21/11/1997,female,Bengaluru,20875.12,31/07/2024,183344,2778.84
T501930,C100720,25-12-56,Male,LUCKNOW,"53,994.49",2024-02-13,110045,4244.09
T500059,C100741,24/04/1966,m,Kolkata,32097.85,03/11/2024,053016,5424.53
T500933,C100121,,,DELHI,,2024-08-10,200613,3128.56
T502373,C100769,1990-04-07,Female,CHENNAI,"Rs. 29,909.50",2024-08-30,105252,285.61
T504473,C100246,11/12/1992,Male,Delhi,459949.04,2024-09-13,115434,760.55
T502498,C100343,11-02-92,female,mumbai ,"60,102.72",26-Mar-2024,082450,1032.54
T502968,C100350,06/05/1984,Male,Bengaluru,,03-Mar-2024,090114,8941.93
T500194,C100054,01-04-73,f,AHMEDABAD,"Rs. 2,705.17",2024-08-11,041513,816.75
T504569,C100477,08/08/1992,M,Ahmedabad,"Rs. 72,921.71",13/05/2024,025036,5997.62
T501463,C100504,1999-12-20,M,Jaipur,97634.59,2024-10-24,060939,4645.16
T501542,C100279,1957-08-17,Male,Jaipur,"45,765.21",29-Jul-2024,085107,2987.12
T500905,C100276,02/08/2000,,Jaipur,56892.89,2024-05-12,063939,4228.6
T505630,C100250,04/10/1964,Female,Ahmedabad,"12,840.30",11-Nov-2024,015258,687.14
T500402,C100725,1979-04-08,male,Ahmedabad,"104,953.20",2024-03-26,084008,307.25
T505864,C100256,1987-03-07,female,KOLKATA,"13,973.65",2024-04-25,191258,558.78
T505465,C100231,13-01-91,female,DELHI,66484.0,13-Oct-2024,052416,2230.16
T504048,C100603,12/05/2000,M,PUNE,"3,993.34",18/03/2024,050459,5392.98
T501434,C100418,1960-01-14,,HYDERABAD,,2024-08-19,160714,16057.58
T505297,C100578,1972-02-22,Male,Hyderabad,"Rs. 68,047.49",16-May-2024,071805,249.47
T501814,C100785,2000-01-02,male,CHENNAI,102157.68,2024-08-21,160634,1590.77
T501113,C100504,1999-12-20,M,Jaipur,97634.59,19/12/2024,110107,6400.14
T500510,C100470,05-02-97,F,NAGPUR,155474.78,2024-11-03,093859,20216.49
T502946,C100026,1980-06-13,f,Bangalore,"42,425.02",05/06/2024,213523,4603.83
T504882,C100651,02/01/1989,female,Chennai,"79,050.49",25-Nov-2024,022251,995204.0000000001
T504508,C100733,2001-05-03,f,BANGALORE,"Rs. 244,077.09",2024-08-02,120512,3491.8
T500889,C100598,1995-02-20,F,Bengaluru,"Rs. 138,205.32",04-Apr-2024,015401,INR 503.32
T502762,C100601,26/01/1967,m,Bengaluru,5370.73,2024-07-12,084225,4936.64
T505238,C100581,10/01/1991,M,Bengaluru,"Rs. 13,752.63",12/06/2024,045431,718.22
T501010,C100590,1974-03-06,male,HYDERABAD,26712.59,15/01/2024,064235,805.03
T505076,C100465,1975-06-04,f,KOLKATA,,2024-01-12,200052,239.02
T504266,C100275,04/05/1965,female,BANGALORE,"175,954.66",22/09/2024,171549,2426.98
T503663,C100731,1992-02-17,M,HYDERABAD,,21/08/2024,135716,3334.04
T504908,C100237,10-10-56,Male,PUNE,,07/09/2024,212109,"INR 5,610.80"
T502246,C100183,17/11/1989,f,Pune,17926.98,29/05/2024,025643,1052.84
T502199,C100065,18/02/2001,M,Delhi,55990.05,2024-03-14,122620,"INR 4,788.81"
T502839,C100465,1975-06-04,f,KOLKATA,,02/08/2024,154107,346.15
T500912,C100493,0000-00-00,F,AHMEDABAD,"Rs. 102,129.94",03/10/2024,052018,"INR 1,023,117.00"
T505777,C100462,18/07/1975,M,,8910.73,2024-04-09,180818,2235.67
T505468,C100705,03/12/1964,f,Bengaluru,"92,850.20",13-Jul-2024,121129,488.49
T505244,C100385,04-09-86,female,PUNE,31830.7,06-Jul-2024,081053,6378.38
T502483,C100781,07-12-64,f,LUCKNOW,,2024-05-06,072119,1506.76
T500305,C100539,22-07-01,f,Bengaluru,"34,098.88",18-Apr-2024,064441,408.4
T505529,C100753,05/12/1958,Male,Ahmedabad,,19/11/2024,114349,573.97
T503269,C100748,05/07/1989,male,mumbai ,"Rs. 63,573.89",2024-12-20,093629,-9776.02
T504875,C100028,26/05/1973,,HYDERABAD,,24/03/2024,040837,20447.87
T500788,C100517,2001-06-26,male,JAIPUR,"53,788.28",2024-03-03,153207,12709.33
T502565,C100057,21/12/1998,Male,Hyderabad,"108,663.77",2024-11-11,154526,"INR 2,627.76"
T502124,C100630,10-04-59,M,AHMEDABAD,,2024-04-23,181823,102.04
T503543,C100616,12-12-98,M,LUCKNOW,68502.33,24-Jun-2024,105739,1009.9
T504130,C100346,22/08/1993,M,PUNE,"134,207.78",2024-12-09,115327,2534.99
T500244,C100237,10-10-56,Male,PUNE,,19/09/2024,101823,6544.43
T503995,C100225,09/10/1991,m,Chennai,"181,650.06",19-Jul-2024,112905,2040.37
T502268,C100556,0000-00-00,f,HYDERABAD,"Rs. 92,723.33",2024-10-06,215723,1963.0
T504662,C100417,23-03-93,male,Mumbai,1928.25,14-Jan-2024,223839,699.88
T503629,C100599,1960-07-23,m,  Surat,"8,719.83",2024-03-29,184933,318.02
T503700,C100541,13-01-74,male,Ahmedabad,"186,265.55",28/03/2024,090535,333.97
T500149,C100094,20/03/1981,f,Bangalore,50521.45,2024-04-09,150624,"INR 6,161.36"
T500840,C100463,18/05/1963,m,NAGPUR,11964.39,07-Nov-2024,110918,2541.19
T504645,C100057,21/12/1998,Male,Hyderabad,"108,663.77",2024-03-15,012846,-7370.64
T504989,C100306,23/04/1967,male,PUNE,63186.77,18-Jun-2024,094124,-2057.12
T503759,C100302,1974-07-11,f,Pune,"45,783.91",2024-03-21,172758,3618.87
T504246,C100096,20/08/1961,M,LUCKNOW,"76,980.73",2024-01-08,051300,616.77
T505694,C100473,03-04-82,female,Bengaluru,,24-Oct-2024,161409,2073.8
T505588,C100398,14-03-94,male,LUCKNOW,"Rs. 16,335.93",31-Jan-2024,122809,INR 689.30
T501031,C100036,04/08/1957,,LUCKNOW,119884.19,02/01/2024,214427,-509.62
T501181,C100768,1991-10-16,female,DELHI,"25,918.41",15/11/2024,192017,1659.63
T500825,C100140,1964-06-15,,KOLKATA,699519.01,2024-08-21,144427,1121.17
T501125,C100546,20/05/1993,male,DELHI,"Rs. 76,684.14",2024-03-25,182532,-1936.35
T501757,C100510,2000-03-08,F,Ahmedabad,"235,563.00",16-Nov-2024,233420,
T500275,C100140,1964-06-15,,KOLKATA,699519.01,28/04/2024,144910,5707.55
T504801,C100234,15-03-98,female,Chennai,59188.47,2024-12-14,150824,1983.19
T502247,C100187,1/1/1800,m,Bengaluru,2316.41,2024-03-13,074846,"INR 1,767.30"
T500013,C100569,06/08/1967,,KOLKATA,,22/03/2024,004537,358.78
T504823,C100729,18-06-74,M,LUCKNOW,"264,299.97",10/09/2024,183136,3074.52
T504533,C100224,1990-02-18,M,  Surat,"29,503.15",21/09/2024,042849,381.77
T500831,C100192,1970-06-27,F,Chennai,"Rs. 37,732.31",2024-01-08,201208,1675.2
T502655,C100151,1955-06-05,Male,Kolkata,"Rs. 83,391.84",09-Nov-2024,022745,1359.59
T500738,C100179,18-09-93,female,BANGALORE,"4,962.98",03-May-2024,184830,423.46
T505126,C100532,2004-12-08,M,Ahmedabad,,28-May-2024,045553,3987.31
T503313,C100611,08-02-56,male,Bangalore,,19/10/2024,141555,7607.45
T505233,C100183,17/11/1989,f,Pune,17926.98,29/04/2024,051339,-56.3
T505567,C100611,08-02-56,male,Bangalore,,02-Jan-2024,104806,6555.72
T505327,C100108,1974-12-26,M,Jaipur,"53,397.38",2024-06-26,064431,1343.39
T500398,C100585,20-01-65,F,CHENNAI,"Rs. 51,724.58",06-May-2024,072702,1165.37
T502836,C100378,06-11-03,m,CHENNAI,,20-Dec-2024,012138,"INR 2,542.31"
T502712,C100062,16/02/1976,Male,Mumbai,6698.94,25-Aug-2024,212131,INR 389.07
T501407,C100079,20-07-04,M,Delhi,"Rs. 80,811.92",31-Mar-2024,224406,4849.68
T503286,C100525,1969-10-05,F,CHENNAI,"212,533.64",2024-08-23,121149,2428.49
T503679,C100748,05/07/1989,male,mumbai ,"Rs. 63,573.89",18-Nov-2024,030437,9671.96
T503215,C100237,10-10-56,Male,PUNE,,2024-11-12,221418,"INR 5,121.56"
T503618,C100088,04-01-74,f,HYDERABAD,"1,631.44",29/08/2024,235051,357.15
T504915,C100408,1983-01-10,m,Mumbai,30500.46,27-Aug-2024,083327,7320.09
T504442,C100501,02-01-74,f,DELHI,"98,637.64",2024-05-29,193856,863.25
T503321,C100377,07/07/1965,m,Bangalore,31307.17,06-Apr-2024,115519,6713.71
T503009,C100354,1965-09-03,Male,Delhi,,13/02/2024,040931,1709.85
T504561,C100636,07/07/1969,female,  Surat,"Rs. 52,253.95",11/05/2024,221759,4438.17
T501915,C100419,14-06-59,M,DELHI,26055.1,2024-07-05,140222,
T505309,C100541,13-01-74,male,Ahmedabad,"186,265.55",28-Dec-2024,170150,"INR 1,685.19"
T501485,C100736,1994-08-24,m,Mumbai,21365.93,03/04/2024,034335,"INR 1,183.81"
T501095,C100240,24/12/2003,M,mumbai ,"58,083.30",2024-02-26,015819,1794.77
T505615,C100479,22/10/1980,f,Kolkata,"Rs. 98,501.77",2024-09-24,183744,10298.84
T503908,C100310,23-08-84,male,HYDERABAD,"323,760.11",23/03/2024,050731,5996.95
T502881,C100791,19/10/1986,Female,Kolkata,91747.28,16/12/2024,230458,10767.2
T501428,C100509,1977-09-18,m,BANGALORE,26256.74,17/02/2024,043840,4252.72
T505487,C100130,07/02/1977,female,PUNE,"Rs. 7,572.86",01-Oct-2024,123501,1919.88
T503273,C100333,18-03-86,F,LUCKNOW,,2024-12-19,194604,
T502254,C100764,1966-06-14,M,Jaipur,62112.48,01/12/2024,092349,357.84
T505421,C100767,0000-00-00,F,,70068.58,07-Jul-2024,063203,4311.45
T502343,C100375,27-11-99,m,NAGPUR,"267,588.10",09-May-2024,224612,3654.61
T503166,C100350,06/05/1984,Male,Bengaluru,,2024-10-10,085457,-211.57
T500179,C100569,06/08/1967,,KOLKATA,,28/02/2024,021451,"INR 15,629.22"
T501355,C100057,21/12/1998,Male,Hyderabad,"108,663.77",2024-10-03,055141,14639.29
T501242,C100315,16/02/2001,,PUNE,"Rs. 10,487.31",2024-11-23,110544,128.66
T505516,C100045,0000-00-00,m,,"Rs. 50,615.70",15-Oct-2024,185630,3294.8
T502940,C100607,01-01-1900,m,KOLKATA,"11,588.68",24/10/2024,222816,2208.96
T502473,C100372,19/12/1983,Female,Mumbai,59995.96,2024-11-08,142616,781.76
T502077,C100553,01/07/2001,f,  Surat,"Rs. 71,513.73",12-Oct-2024,033107,1580.11
T505277,C100300,1990-09-07,Male,Chennai,,2024-10-05,030350,5243.73
T505548,C100733,2001-05-03,f,BANGALORE,"Rs. 244,077.09",04/09/2024,154822,11073.66
T503632,C100234,15-03-98,female,Chennai,59188.47,2024-01-14,214209,3233.05
T500083,C100213,26/03/1989,female,Kolkata,16101.96,2024-11-07,014654,3458.06
T503053,C100742,03-10-70,,mumbai ,"Rs. 4,402.93",2024-12-30,000806,INR 603.56
T500747,C100736,1994-08-24,m,Mumbai,21365.93,08/02/2024,214256,3802.17
T504344,C100702,0000-00-00,Female,Mumbai,2914.57,18/03/2024,094019,4547.61
T503769,C100294,1977-04-19,Female,HYDERABAD,,13-Jun-2024,015750,462.81
T503626,C100278,16/05/1989,male,BANGALORE,"113,740.31",21-Jul-2024,054556,3616.3
T503815,C100331,09-04-84,Male,Delhi,139917.52,26/01/2024,142436,4215.17
T504071,C100427,1973-05-14,f,Hyderabad,"Rs. 13,652.98",24-Oct-2024,213357,5745.53
T504409,C100103,14-02-91,,Delhi,,21-Sep-2024,172309,2058.86
T504954,C100302,1974-07-11,f,Pune,"45,783.91",2024-02-18,111742,"INR 2,203.71"
T502909,C100726,1966-04-07,m,KOLKATA,"Rs. 213,622.83",19/06/2024,172923,8781.22
T502651,C100436,06-10-60,F,Jaipur,"Rs. 93,354.27",26-May-2024,232600,2803.13
T501702,C100538,1970-11-08,Male,Ahmedabad,,29-Mar-2024,155953,4033.76
T505272,C100380,16-03-60,Female,DELHI,,12/04/2024,062214,2348.54
T501218,C100653,1965-06-07,f,AHMEDABAD,"Rs. 305,029.15",2024-02-14,091558,
T505439,C100331,09-04-84,Male,Delhi,139917.52,07/04/2024,084831,5385.05
T503977,C100484,1984-05-17,male,JAIPUR,12346.88,2024-05-04,073243,852.8
T500183,C100480,08-09-93,F,MUMBAI,"Rs. 37,940.98",17-Apr-2024,231948,3822.09
T500739,C100380,16-03-60,Female,DELHI,,04/07/2024,172931,2296.1
T503776,C100408,1983-01-10,m,Mumbai,30500.46,19/10/2024,085700,789.01
T502123,C100755,15/07/1975,f,Hyderabad,,18/01/2024,175225,608.59
T500056,C100785,2000-01-02,male,CHENNAI,102157.68,2024-03-17,231027,1658.8
T502432,C100199,12-08-83,male,Mumbai,71799.72,20/10/2024,230605,3055.68
T504027,C100726,1966-04-07,m,KOLKATA,"Rs. 213,622.83",22/03/2024,141707,5686.05
T502706,C100413,1975-06-17,Male,Chennai,,14-Dec-2024,042152,6218.91
T505101,C100041,22/06/1982,M,Bangalore,"22,606.16",2024-12-10,182555,6263.31
T500621,C100667,02-11-96,f,CHENNAI,20940.54,2024-03-27,065220,814.4
T502981,C100176,03/08/2003,M,JAIPUR,"26,967.93",2024-10-25,022544,573.69
T500860,C100225,09/10/1991,m,Chennai,"181,650.06",25/01/2024,080242,3708.76
T504413,C100400,17/12/1961,female,Pune,,2024-02-29,044819,511.85
T504778,C100134,1959-04-17,Male,HYDERABAD,12808.18,2024-02-10,235656,742.31
T504955,C100274,1973-07-26,Male,Kolkata,,06/08/2024,075912,
T503976,C100378,06-11-03,m,CHENNAI,,06-Jun-2024,022035,6439.23
T500000,C100052,13-07-60,Female,MUMBAI,"Rs. 54,071.44",2024-10-06,141526,3202.47
T504929,C100331,09-04-84,Male,Delhi,139917.52,12-Nov-2024,221413,9217.18
T500729,C100727,1978-08-19,female,JAIPUR,"Rs. 123,863.27",24-Dec-2024,121913,2568.8
T501683,C100278,16/05/1989,male,BANGALORE,"113,740.31",08/11/2024,171657,2941.91
T501696,C100275,04/05/1965,female,BANGALORE,"175,954.66",09/08/2024,200500,1597.91
T504114,C100174,1972-07-21,m,Bengaluru,97279.18,2024-10-30,131228,4087.36
T504077,C100309,1970-04-13,F,Mumbai,"Rs. 40,590.80",2024-12-24,060415,3973.12
T503915,C100352,1998-03-02,F,DELHI,,14/08/2024,000258,10754.44
T500658,C100406,09-01-59,Female,Chennai,"Rs. 70,730.83",26/10/2024,033724,7555.11
T505748,C100207,06/06/1974,m,DELHI,"Rs. 68,660.40",2024-01-18,071735,777.74
T501136,C100255,1959-12-07,female,PUNE,,2024-07-28,154442,1697.16
T504359,C100533,05/07/1959,,LUCKNOW,11799.16,25-Jan-2024,132059,890.45
T500676,C100716,11-02-72,F,,"Rs. 240,805.50",04/04/2024,221521,802.95
T500046,C100611,08-02-56,male,Bangalore,,12/04/2024,170405,3531.22
T503451,C100276,02/08/2000,,Jaipur,56892.89,22-Oct-2024,035519,4520.52
T501208,C100065,18/02/2001,M,Delhi,55990.05,16-May-2024,065536,3551.35
T501082,C100405,1959-09-13,m,NAGPUR,"Rs. 5,646.11",2024-12-23,185639,142.86
T502152,C100076,05-07-01,female,Ahmedabad,"Rs. 12,298.94",13/11/2024,095651,256.56
T501598,C100001,03/03/1976,,AHMEDABAD,"43,869.35",2024-12-02,154513,3363.69
T503205,C100432,23-09-63,f,Jaipur,,09-Aug-2024,160946,905.42
T503435,C100187,1/1/1800,m,Bengaluru,2316.41,29-Jul-2024,173000,INR 491.78
T501841,C100056,20/08/1973,M,CHENNAI,"Rs. 116,022.67",2024-08-15,133259,6736.22
T505921,C100759,08-06-83,f,,,02/10/2024,081039,3772.8
T502653,C100349,,Female,PUNE,"397,135.49",18/04/2024,145243,1670.29
T505344,C100665,08/12/1963,m,AHMEDABAD,100878.91,18-Dec-2024,111324,2871.36
T503809,C100651,02/01/1989,female,Chennai,"79,050.49",10/04/2024,022236,1413.17
T504609,C100042,1968-11-12,Male,mumbai ,41014.43,18-Sep-2024,081346,1461.15
T505287,C100302,1974-07-11,f,Pune,"45,783.91",2024-11-29,035642,2975.03
T504188,C100627,1961-08-10,female,Bangalore,24171.98,19-Feb-2024,165631,3212.85
T503577,C100651,02/01/1989,female,Chennai,"79,050.49",11-Jan-2024,100306,4140.21
T500596,C100764,1966-06-14,M,Jaipur,62112.48,20-Aug-2024,131608,2506.46
T504835,C100565,19/09/2004,f,BANGALORE,"67,225.87",09-Jul-2024,061147,399.87
T500433,C100729,18-06-74,M,LUCKNOW,"264,299.97",05/09/2024,163947,-3117.99
T503593,C100352,1998-03-02,F,DELHI,,2024-12-28,014809,7425.86
T502942,C100729,18-06-74,M,LUCKNOW,"264,299.97",2024-04-06,121221,"INR 9,370.41"
T500115,C100392,02-08-81,female,BANGALORE,,12-Jan-2024,150825,596.37
T503468,C100149,2004-10-19,f,mumbai ,31910.38,16/09/2024,072653,"INR 6,466.72"
T504042,C100281,01/10/2001,Male,HYDERABAD,2716.26,2024-09-10,234418,1168.13
T501391,C100625,1969-04-02,M,LUCKNOW,21865.24,03-Oct-2024,081826,"INR 1,335.60"
T502658,C100583,03-06-58,male,NAGPUR,"71,828.00",25/02/2024,195537,1670.37
T504329,C100614,13/08/1968,male,Chennai,"Rs. 11,618.40",2024-07-19,170258,INR 387.41
T501966,C100289,09-03-04,m,JAIPUR,26392.12,2024-09-29,061138,93.29
T504350,C100712,1984-12-18,M,NAGPUR,"7,145.18",2024-05-23,014044,847.57
T502546,C100324,14-03-71,male,AHMEDABAD,8250.81,17-Oct-2024,061458,302.89
T505223,C100668,21-07-78,Female,Bangalore,"99,681.03",14-Dec-2024,164103,12084.06
T502638,C100446,06-03-90,Female,  Surat,26944.66,2024-04-16,165744,714.65
T501997,C100300,1990-09-07,Male,Chennai,,27/06/2024,111512,1819.41
T501583,C100246,11/12/1992,Male,Delhi,459949.04,03/03/2024,191314,1755.56
T500732,C100197,09-04-87,Male,Bengaluru,"Rs. 12,957.49",02-Feb-2024,174852,822.64
T502501,C100734,1985-06-24,F,Pune,"29,158.72",27-Oct-2024,105736,8205.56
T503310,C100242,14-05-91,male,HYDERABAD,"Rs. 103,866.17",01/02/2024,084348,1223.64
T504215,C100455,,female,  Surat,9423.4,2024-03-21,181104,258.67
T502017,C100456,21-10-03,male,Ahmedabad,"Rs. 21,475.71",2024-04-14,235131,INR 165.96
T504765,C100039,13/06/1975,Female,BANGALORE,"Rs. 269,975.33",01/04/2024,200739,1756.36
T504078,C100528,27/01/1968,f,BANGALORE,"Rs. 23,728.17",19/01/2024,192403,42218.0
T504890,C100391,1973-01-06,female,Jaipur,18082.92,03-Jun-2024,083039,-3531.72
T505874,C100528,27/01/1968,f,BANGALORE,"Rs. 23,728.17",2024-04-20,155255,855.99
T502858,C100177,13-12-68,,AHMEDABAD,208320.55,07/07/2024,032501,3668.46
T503099,C100029,1977-04-21,M,,"12,477.43",03-May-2024,224146,312.7
T504352,C100372,19/12/1983,Female,Mumbai,59995.96,2024-07-11,194608,442.39
T501591,C100598,1995-02-20,F,Bengaluru,"Rs. 138,205.32",24/03/2024,232628,3681.18
T505670,C100503,12/08/1956,F,Pune,"146,446.03",2024-11-26,175357,2513.62
T504007,C100068,22-08-03,,Bengaluru,,23-Apr-2024,185316,4630.03
T500117,C100126,14/08/1992,,JAIPUR,"Rs. 17,927.78",2024-03-27,110057,2018.13
T501825,C100083,11-01-60,f,Hyderabad,"7,606.81",22-Oct-2024,003755,
T504798,C100586,03-01-02,,HYDERABAD,69749.17,15/07/2024,193016,2314.24
T500473,C100443,13/05/2004,Female,NAGPUR,102909.31,02-Aug-2024,050113,2621.9
T502582,C100468,04-04-68,Male,Chennai,84203.67,2024-12-25,025452,1366.8
T504070,C100041,22/06/1982,M,Bangalore,"22,606.16",2024-10-12,081651,259.05
T504545,C100385,04-09-86,female,PUNE,31830.7,2024-08-29,002453,11471.06
T501137,C100748,05/07/1989,male,mumbai ,"Rs. 63,573.89",04-Jun-2024,105905,-2472.16
T501490,C100568,2035-01-01,,Jaipur,,13/04/2024,000246,2912.38
T503925,C100514,1975-04-12,,KOLKATA,"Rs. 51,367.71",05/11/2024,090940,372.91
T505240,C100714,1967-02-19,Male,Bengaluru,"13,233.37",11/12/2024,040739,76.8
T502109,C100362,10/07/1960,Female,Mumbai,10708.63,2024-02-22,120411,513.8
T501836,C100472,07/01/2000,m,Chennai,13195.64,2024-07-18,205120,246.25
T501646,C100075,25/02/2001,F,HYDERABAD,13759.87,01-Feb-2024,010935,793.19
T502646,C100661,14/06/1965,,JAIPUR,"105,161.33",2024-12-30,072649,1100.4
T504493,C100729,18-06-74,M,LUCKNOW,"264,299.97",2024-04-10,024604,23682.4
T504770,C100668,21-07-78,Female,Bangalore,"99,681.03",10-Jun-2024,054117,"INR 12,127.43"
T504461,C100468,04-04-68,Male,Chennai,84203.67,11-Aug-2024,141955,1739.02
T504061,C100143,1981-07-23,M,PUNE,"241,385.44",2024-01-30,104444,4744.61
T504133,C100680,1964-12-27,male,Chennai,83125.23,09/11/2024,173610,14280.33
T502333,C100494,07-10-99,M,AHMEDABAD,11661.72,06-Jan-2024,024521,733.16
T502141,C100638,15-09-86,Female,CHENNAI,39836.78,21-Aug-2024,195450,1052.31
T505651,C100286,16-05-81,female,Jaipur,28080.8,24/03/2024,201018,234.49
T500639,C100572,1969-09-12,F,Mumbai,"8,282.21",2024-02-10,184119,INR 259.86
T502516,C100254,08/06/1964,Female,Ahmedabad,184790.05,04-Jan-2024,155308,7802.05
T502099,C100251,01/05/1957,Female,PUNE,19062.18,2024-06-17,153348,5003.57
T503090,C100753,05/12/1958,Male,Ahmedabad,,2024-02-15,005939,12568.25
T501328,C100690,21-04-58,Male,BANGALORE,"Rs. 120,392.94",2024-01-29,014351,862.72
T504781,C100375,27-11-99,m,NAGPUR,"267,588.10",18-Aug-2024,140148,8991.39
T502987,C100760,14/03/1974,F,mumbai ,286147.6,2024-12-04,074451,15703.32
T504874,C100426,20/12/2001,female,Kolkata,64167.81,14-Apr-2024,042454,1021.32
T505502,C100515,13/10/1997,Male,CHENNAI,48437.97,2024-08-24,171405,984.48
T505015,C100136,17/08/2002,,Ahmedabad,,06-Nov-2024,012531,2319.76
T504986,C100014,1995-01-22,M,LUCKNOW,72097.18,15/09/2024,103013,1123.56
T503612,C100667,02-11-96,f,CHENNAI,20940.54,06-Sep-2024,190552,111.97
T501871,C100063,2001-02-14,f,CHENNAI,"67,715.00",16/08/2024,061129,1240.38
T503002,C100525,1969-10-05,F,CHENNAI,"212,533.64",28/12/2024,215406,10089.13
T504999,C100103,14-02-91,,Delhi,,18/09/2024,160408,1108.8
T505171,C100423,23/10/2004,M,CHENNAI,"138,103.22",23-Aug-2024,072907,9526.31
T503021,C100548,07/08/1982,Female,NAGPUR,"53,292.45",03-Sep-2024,014114,"INR 1,966.60"
T504474,C100291,1975-08-14,Female,Pune,,07-Oct-2024,004809,3010.48
T504888,C100145,09-09-69,,Mumbai,,18/04/2024,051533,3228.73
T500706,C100218,1979-01-08,male,AHMEDABAD,"Rs. 470,799.86",2024-11-02,203122,7067.19
T500683,C100668,21-07-78,Female,Bangalore,"99,681.03",2024-07-28,115636,8905.88
T505765,C100616,12-12-98,M,LUCKNOW,68502.33,19-Jul-2024,090642,8505.43
T502050,C100067,2035-01-01,,JAIPUR,"Rs. 36,368.89",29-Oct-2024,000253,2585.31
T502652,C100391,1973-01-06,female,Jaipur,18082.92,11-Aug-2024,135747,13067.3
T503521,C100211,1976-07-08,,AHMEDABAD,"98,676.94",2024-05-30,070350,5320.63
T504198,C100578,1972-02-22,Male,Hyderabad,"Rs. 68,047.49",15/01/2024,085123,3245.69
T501384,C100349,,Female,PUNE,"397,135.49",04/09/2024,070019,7437.24
T500949,C100481,22/05/1988,Male,JAIPUR,"1,624.30",05-Jan-2024,081419,675.91
T505973,C100028,26/05/1973,,HYDERABAD,,29/05/2024,082052,5016.03
T500712,C100455,,female,  Surat,9423.4,02-Feb-2024,094854,258.55
T504644,C100019,0000-00-00,,Bengaluru,102437.46,2024-09-03,191020,"INR 2,489.95"
T504613,C100683,06/10/1974,f,Mumbai,51370.71,07/03/2024,032207,784.58
T500757,C100314,12-01-04,m,Mumbai,,18-May-2024,012315,2621.0
T500698,C100471,1963-03-11,Male,Bangalore,,2024-12-27,101610,"INR 1,999.27"
T501901,C100222,1969-03-14,F,LUCKNOW,"77,445.15",19-Mar-2024,220501,1601.4
T502711,C100317,05-03-83,,  Surat,"27,760.80",2024-10-25,211221,"INR 3,245.36"
T504652,C100049,07-11-02,f,Pune,"Rs. 26,295.53",11/06/2024,114645,INR 565.25
T502264,C100581,10/01/1991,M,Bengaluru,"Rs. 13,752.63",2024-09-08,193355,335.52
T501032,C100624,23-03-91,F,KOLKATA,"Rs. 34,075.98",2024-04-02,003431,1104.78
T504444,C100663,24/03/1961,m,,"600,713.48",19-Aug-2024,194835,992.67
T503640,C100501,02-01-74,f,DELHI,"98,637.64",11/07/2024,072950,577.36
T505990,C100377,07/07/1965,m,Bangalore,31307.17,30/10/2024,080843,20303.96
T501875,C100493,0000-00-00,F,AHMEDABAD,"Rs. 102,129.94",24/03/2024,015516,17946.33
T504013,C100703,1984-05-15,female,Jaipur,"Rs. 125,815.19",2024-11-30,184538,3154.8
T503338,C100037,09-03-94,F,Delhi,"Rs. 33,340.33",11-Nov-2024,052549,1055.75
T504574,C100651,02/01/1989,female,Chennai,"79,050.49",18-Apr-2024,033344,5398.11
T501193,C100023,12/05/1975,Male,Hyderabad,"5,699.11",2024-09-10,222808,1271.49
T501442,C100049,07-11-02,f,Pune,"Rs. 26,295.53",2024-10-24,184041,2244.12
T503549,C100573,1976-01-19,male,Hyderabad,41943.84,04-Oct-2024,000715,"INR 6,551.24"
T502732,C100633,16/05/1960,Male,Jaipur,7650.67,2024-07-09,204958,1809.47
T500210,C100623,1972-07-11,female,NAGPUR,,16/05/2024,075534,2753.19
T504149,C100638,15-09-86,Female,CHENNAI,39836.78,24/11/2024,081716,1829.92
T502840,C100257,21-11-70,,JAIPUR,88380.56,06/04/2024,034016,2040.76
T502717,C100681,15/05/1967,female,LUCKNOW,"239,151.47",17-Aug-2024,111210,5453.93
T504864,C100767,0000-00-00,F,,70068.58,2024-04-12,012720,1533.1
T501023,C100388,26/07/1964,,Jaipur,"12,241.45",25/09/2024,185321,1849.63
T501863,C100123,14-09-96,M,Hyderabad,24576.12,30/07/2024,225609,555.02
T503480,C100094,20/03/1981,f,Bangalore,50521.45,23-Oct-2024,230237,11161.26
T504254,C100449,09-08-01,Male,CHENNAI,,27/06/2024,043533,4432.01
T504035,C100153,04-08-82,f,LUCKNOW,"379,373.89",24-Oct-2024,003624,10611.0
T503395,C100668,21-07-78,Female,Bangalore,"99,681.03",20-Feb-2024,161206,559.29
T502360,C100622,1963-04-08,male,Pune,"114,620.95",20-Dec-2024,170430,141.49
T504627,C100747,1969-08-14,female,MUMBAI,52638.76,29-Sep-2024,111148,3414.53
T505566,C100015,1994-04-22,M,MUMBAI,,2024-03-01,133947,1268.13
T501971,C100036,04/08/1957,,LUCKNOW,119884.19,04/01/2024,053654,925.12
T504371,C100258,26-05-00,Male,,"Rs. 16,944.13",2024-02-12,201059,7720.76
T504892,C100323,11/05/2001,Female,Bengaluru,"44,187.46",08/06/2024,062800,739.35
T500419,C100174,1972-07-21,m,Bengaluru,97279.18,04/12/2024,202444,9917.79
T502700,C100341,1990-12-17,M,NAGPUR,1305.73,14-Jan-2024,214018,1112.41
T502593,C100479,22/10/1980,f,Kolkata,"Rs. 98,501.77",04-Mar-2024,062027,11102.01
T502323,C100284,12/04/1987,m,LUCKNOW,21229.49,19-Nov-2024,154802,210.5
T502616,C100759,08-06-83,f,,,20/01/2024,102038,5673.1
T505361,C100684,09-11-67,,AHMEDABAD,"27,777.54",21-Nov-2024,091827,573.44
T504834,C100370,02-12-01,female,mumbai ,"Rs. 25,951.83",06-Jan-2024,160516,431.09
T505521,C100380,16-03-60,Female,DELHI,,2024-02-01,035312,2334.42
T501260,C100116,1960-09-25,female,Pune,220401.55,09-Oct-2024,050212,1370.03
T502531,C100106,05-04-68,M,DELHI,"60,836.59",03/07/2024,152747,151.72
T500615,C100499,19-11-63,male,Hyderabad,"29,516.20",18/02/2024,093202,2491.99
T500899,C100658,1996-06-17,female,Chennai,"62,261.48",10-May-2024,055144,8344.29
T500616,C100616,12-12-98,M,LUCKNOW,68502.33,05/10/2024,072905,1992.61
T504175,C100368,1991-10-16,F,Jaipur,"144,315.15",18-Feb-2024,224521,7687.78
T503225,C100076,05-07-01,female,Ahmedabad,"Rs. 12,298.94",04-Feb-2024,152128,1920.42
T502898,C100569,06/08/1967,,KOLKATA,,2024-06-07,215138,1161.52
T502290,C100080,1998-06-05,m,BANGALORE,772078.46,18/09/2024,185311,3952.23
T505462,C100484,1984-05-17,male,JAIPUR,12346.88,05-Mar-2024,083906,1509.48
T501342,C100141,20/10/1986,,mumbai ,160886.94,18/09/2024,175316,15553.39
T500507,C100266,05/08/1960,f,  Surat,"201,021.76",16/10/2024,053440,6169.92
T501731,C100308,07-09-93,male,Ahmedabad,"Rs. 11,206.16",03-Jun-2024,224203,917.75
T504349,C100141,20/10/1986,,mumbai ,160886.94,2024-10-29,121333,6403.9
T501831,C100116,1960-09-25,female,Pune,220401.55,2024-11-03,141721,1795.48
T504911,C100119,23/01/1962,female,Pune,,11-Jun-2024,204133,241.17
T500500,C100105,18/10/1995,F,LUCKNOW,21507.37,05-Jun-2024,034446,9039.6
T504283,C100022,16-02-69,F,DELHI,,05-Sep-2024,085050,3298.94
T503138,C100776,1964-07-01,female,Bangalore,"Rs. 31,244.52",01/12/2024,141545,499.56
T505901,C100510,2000-03-08,F,Ahmedabad,"235,563.00",2024-05-07,034833,4118.27
T500968,C100381,2000-06-26,Female,AHMEDABAD,"34,569.41",08-Oct-2024,100641,2161.04
T500359,C100595,12/11/1957,Female,MUMBAI,"17,193.93",16-Feb-2024,144607,
T504093,C100294,1977-04-19,Female,HYDERABAD,,11-Dec-2024,102051,381.83
T504214,C100199,12-08-83,male,Mumbai,71799.72,2024-10-16,143024,2092.68
T503681,C100145,09-09-69,,Mumbai,,19/01/2024,093047,2247.23
T505467,C100590,1974-03-06,male,HYDERABAD,26712.59,2024-05-01,141225,616.66
T505054,C100450,1992-01-17,F,DELHI,"111,417.27",10-Aug-2024,005640,5183.93
T501257,C100092,2000-06-15,m,Ahmedabad,,2024-01-30,041711,3401.39
T500948,C100442,17/11/1956,Female,AHMEDABAD,"8,610.61",2024-10-15,195728,1553.46
T504205,C100188,1981-12-18,m,PUNE,"34,870.27",2024-09-27,162700,2736.65
T500868,C100525,1969-10-05,F,CHENNAI,"212,533.64",2024-07-11,205954,5577.25
T504621,C100633,16/05/1960,Male,Jaipur,7650.67,2024-06-27,174312,726.09
T501745,C100693,11/10/1988,f,Jaipur,"247,886.54",20-Jul-2024,144302,7432.64
T501766,C100662,09-10-70,Male,Mumbai,64116.87,14-Jun-2024,170430,"INR 1,524.88"
T503981,C100142,20-07-97,female,Jaipur,,03/02/2024,074220,977.19
T502397,C100015,1994-04-22,M,MUMBAI,,18-Apr-2024,182438,194.22
T505340,C100043,15/11/1955,female,CHENNAI,"Rs. 3,931.81",07/07/2024,162943,610.72
T503467,C100679,10-11-58,m,Kolkata,39458.8,12-Apr-2024,180010,1228.88
T502878,C100282,1998-01-11,Female,HYDERABAD,"Rs. 10,270.51",08/09/2024,164401,117.78
T501771,C100653,1965-06-07,f,AHMEDABAD,"Rs. 305,029.15",14/07/2024,131845,1057.22
T501498,C100516,14/07/1982,F,,"98,173.58",2024-09-17,055424,4811.51
T502853,C100372,19/12/1983,Female,Mumbai,59995.96,2024-06-07,013234,
T504562,C100720,25-12-56,Male,LUCKNOW,"53,994.49",07-Jan-2024,184319,6315.55
T503642,C100670,26/10/1983,female,MUMBAI,371867.09,11-Mar-2024,213836,8962.11
T501059,C100328,1993-09-23,f,mumbai ,"138,849.89",10/06/2024,165313,"INR 2,968.30"
T500054,C100450,1992-01-17,F,DELHI,"111,417.27",28/11/2024,001811,4995.16
T505235,C100729,18-06-74,M,LUCKNOW,"264,299.97",03-May-2024,175113,392.1
T501268,C100285,17-08-91,F,Pune,"63,464.25",2024-03-17,032931,"INR 1,557.58"
T504822,C100535,12-02-81,f,CHENNAI,10577.18,31/07/2024,171846,4667.62
T503295,C100067,2035-01-01,,JAIPUR,"Rs. 36,368.89",07/07/2024,192348,4471.1
T502947,C100723,05/06/1971,male,  Surat,"78,759.05",29-Dec-2024,120802,699.57
T500785,C100272,2035-01-01,female,PUNE,10046.68,10-May-2024,193027,884.74
T500161,C100231,13-01-91,female,DELHI,66484.0,16/10/2024,132824,699.8
T505825,C100397,02-12-81,F,MUMBAI,1686.42,08/11/2024,185351,456.23
T503659,C100563,17-08-73,,DELHI,,2024-12-13,082756,-5380.16
T505456,C100547,20-06-66,F,DELHI,"Rs. 49,530.12",27/10/2024,123200,2009.18
T501497,C100695,14-01-57,Male,,26555.71,2024-06-02,211047,3649.41
T505141,C100032,16/10/1977,female,Kolkata,"27,810.10",27-Feb-2024,034238,INR 615.09
T501523,C100475,01-01-1900,Female,Bengaluru,"89,827.75",2024-10-16,164807,4668.44
T505888,C100189,16/02/1969,female,MUMBAI,"7,756.98",02-Nov-2024,051829,428.17
T504433,C100404,04-05-64,m,Kolkata,"Rs. 17,067.98",08/05/2024,115737,1852.25
T501714,C100661,14/06/1965,,JAIPUR,"105,161.33",2024-03-18,144801,1159.58
T501279,C100285,17-08-91,F,Pune,"63,464.25",2024-03-06,171719,1852.51
T501115,C100238,25/10/1981,,PUNE,,2024-09-22,120120,6986.66
T501104,C100350,06/05/1984,Male,Bengaluru,,01/10/2024,150652,8181.34
T500307,C100798,01/02/2000,male,DELHI,"17,004.51",05-Feb-2024,004824,
T503716,C100546,20/05/1993,male,DELHI,"Rs. 76,684.14",2024-05-26,183738,1065.22
T505402,C100114,22-09-77,Female,LUCKNOW,,04/12/2024,191012,"INR 1,218.39"
T503217,C100004,1982-06-13,m,LUCKNOW,"Rs. 13,136.92",2024-12-19,150015,126.5
T501700,C100423,23/10/2004,M,CHENNAI,"138,103.22",22/08/2024,002610,5756.44
T505089,C100663,24/03/1961,m,,"600,713.48",19/03/2024,195022,1728.77
T505900,C100438,20-05-72,F,Bengaluru,,09-Nov-2024,163335,497.03
T500610,C100069,1969-10-07,M,,884.62,2024-12-26,141659,"INR 2,552.67"
T500671,C100333,18-03-86,F,LUCKNOW,,03-Feb-2024,233932,10006.25
T500974,C100760,14/03/1974,F,mumbai ,286147.6,2024-11-22,115458,4573.36
T503409,C100167,1989-06-12,Female,Bangalore,"Rs. 11,248.70",03/10/2024,091609,2857.8
T505712,C100429,17-05-92,F,Delhi,"40,293.13",2024-07-19,213319,2013.26
T500607,C100637,09-04-89,F,PUNE,,06-Mar-2024,095611,17676.1
T502753,C100790,03/02/1994,female,Pune,"108,574.79",05/07/2024,194443,381.56
T502253,C100652,1991-12-20,Male,,"Rs. 58,919.28",31/08/2024,081008,-8068.1
T504510,C100442,17/11/1956,Female,AHMEDABAD,"8,610.61",2024-01-12,001337,23.53
T502497,C100700,06-03-88,Male,Pune,,27-Feb-2024,041048,1909.14
T500028,C100207,06/06/1974,m,DELHI,"Rs. 68,660.40",2024-07-29,045433,1980.53
T502158,C100705,03/12/1964,f,Bengaluru,"92,850.20",25-Jan-2024,094705,1816.9
T502204,C100123,14-09-96,M,Hyderabad,24576.12,29-Dec-2024,155739,1121.86
T504914,C100717,1983-04-25,F,mumbai ,,05/03/2024,221156,335.89
T503831,C100251,01/05/1957,Female,PUNE,19062.18,17/12/2024,012525,480.09
T503130,C100742,03-10-70,,mumbai ,"Rs. 4,402.93",2024-06-15,161006,4100.32
T504919,C100663,24/03/1961,m,,"600,713.48",2024-01-15,115757,13069.87
T502302,C100251,01/05/1957,Female,PUNE,19062.18,13-Apr-2024,033308,2039.36
T502408,C100791,19/10/1986,Female,Kolkata,91747.28,11/10/2024,064916,14404.25
T502936,C100480,08-09-93,F,MUMBAI,"Rs. 37,940.98",2024-06-14,093938,INR 218.68
T500345,C100141,20/10/1986,,mumbai ,160886.94,17-Sep-2024,145310,7140.2
T505573,C100512,19/08/1986,m,,"Rs. 88,055.27",2024-12-17,054612,1150.55
T501580,C100262,0000-00-00,F,Hyderabad,,05/05/2024,081340,915.4
T503194,C100416,20/10/1988,Male,JAIPUR,77721.72,28-Jun-2024,224120,1585.38
T501990,C100569,06/08/1967,,KOLKATA,,30-Mar-2024,125039,20225.6
T505029,C100667,02-11-96,f,CHENNAI,20940.54,28-Dec-2024,060202,-237.01
T504322,C100237,10-10-56,Male,PUNE,,27/07/2024,100132,
T502885,C100560,01-01-1900,female,Jaipur,25797.87,19-Jun-2024,071943,"INR 3,807.81"
T502496,C100293,13-05-89,Male,BANGALORE,"10,023.20",26/09/2024,054428,"INR 1,077.91"
T501122,C100697,1969-10-22,male,Mumbai,,26/01/2024,191732,1560.03
T500019,C100147,17-03-97,male,Mumbai,"34,392.46",2024-08-23,143259,1939.66
T503052,C100140,1964-06-15,,KOLKATA,699519.01,21-Jun-2024,042801,857.59
T503326,C100001,03/03/1976,,AHMEDABAD,"43,869.35",2024-01-21,020527,2185.51
T500991,C100716,11-02-72,F,,"Rs. 240,805.50",2024-02-04,170820,2705.61
T504896,C100623,1972-07-11,female,NAGPUR,,04-Mar-2024,174036,2357.63
T505790,C100645,02-11-81,m,,,25/11/2024,071817,5019.44
T501535,C100055,23/01/2001,m,LUCKNOW,"Rs. 39,750.83",07/07/2024,181650,4494.67
T502650,C100211,1976-07-08,,AHMEDABAD,"98,676.94",2024-03-27,141741,1305.14
T502431,C100789,08/02/1972,Female,Delhi,,2024-08-05,054917,732.91
T503155,C100522,20-07-55,Male,CHENNAI,"35,215.42",23/12/2024,224918,1697.33
T502420,C100696,18/05/1975,m,,295142.68,22/01/2024,042405,7433.43
T502904,C100285,17-08-91,F,Pune,"63,464.25",10/03/2024,120900,6291.7
T505154,C100387,16-02-77,M,Kolkata,20501.21,31/01/2024,041425,21515.41
T501883,C100693,11/10/1988,f,Jaipur,"247,886.54",06/03/2024,231503,9791.34
T505061,C100055,23/01/2001,m,LUCKNOW,"Rs. 39,750.83",2024-12-14,145941,1310.76
T504470,C100520,1979-07-13,male,Bengaluru,"Rs. 57,394.34",2024-05-30,124413,INR 942.50
T505540,C100115,1993-11-02,Male,KOLKATA,11109.49,2024-02-21,100332,458.43
T501182,C100418,1960-01-14,,HYDERABAD,,2024-12-12,203219,180.71
T502108,C100121,,,DELHI,,08/12/2024,145524,839.63
T500169,C100768,1991-10-16,female,DELHI,"25,918.41",19/12/2024,170134,814.12
T500722,C100476,1964-07-27,female,PUNE,66112.87,2024-07-03,010010,917.54
T504812,C100483,2004-08-13,male,Mumbai,,20-Nov-2024,203307,625.63
T505202,C100785,2000-01-02,male,CHENNAI,102157.68,20/02/2024,085324,3615.51
T504610,C100305,1995-05-22,m,DELHI,"6,386.69",14-Nov-2024,223255,859.15
T501172,C100309,1970-04-13,F,Mumbai,"Rs. 40,590.80",17-Sep-2024,004822,1892.19
T503552,C100001,03/03/1976,,AHMEDABAD,"43,869.35",19-Oct-2024,044411,"INR 7,783.44"
T500129,C100389,1975-12-07,F,Kolkata,,16/05/2024,031106,"INR 5,063.05"
T505313,C100131,2002-07-19,F,HYDERABAD,114687.04,08/03/2024,032650,15280.15
T504661,C100000,18-10-59,Male,DELHI,"Rs. 17,012.07",15/03/2024,003843,1079.69
T504053,C100604,1974-04-03,Male,PUNE,,03-Jul-2024,194448,2200.23
T505848,C100003,1961-03-26,,Kolkata,"Rs. 48,217.77",06-Aug-2024,124052,
T502054,C100277,06-08-78,F,Bengaluru,63815.79,09/07/2024,011923,1240.22
T504545,C100385,04-09-86,female,PUNE,31830.7,2024-08-29,002453,11471.06
T505853,C100579,2003-08-07,female,Jaipur,"Rs. 200,313.27",2024-10-03,070907,8529.92
T503343,C100188,1981-12-18,m,PUNE,"34,870.27",23/06/2024,173212,1290.2
T501350,C100629,25/12/1993,female,DELHI,"Rs. 24,299.30",2024-10-31,022741,4259.54
T501334,C100061,20-01-84,Male,MUMBAI,"13,029.33",30-Sep-2024,085303,-2570.14
T503702,C100619,27/10/1979,F,Jaipur,"618,590.11",23/05/2024,220437,6004.55
T500582,C100443,13/05/2004,Female,NAGPUR,102909.31,2024-03-30,162003,636.65
T502118,C100207,06/06/1974,m,DELHI,"Rs. 68,660.40",2024-05-30,062901,1432.01
T502738,C100094,20/03/1981,f,Bangalore,50521.45,16-Jun-2024,224758,"INR 7,120.57"
T503302,C100397,02-12-81,F,MUMBAI,1686.42,22/10/2024,111830,258.93
T501755,C100440,24/04/1990,,DELHI,1809.61,14/08/2024,003300,INR 92.02
T501252,C100560,01-01-1900,female,Jaipur,25797.87,23/05/2024,153057,1395.06
T504856,C100229,2004-07-25,Female,CHENNAI,47420.96,05/12/2024,065300,2606.72
T501130,C100716,11-02-72,F,,"Rs. 240,805.50",22-Oct-2024,000157,8332.68
T504818,C100377,07/07/1965,m,Bangalore,31307.17,2024-09-05,091609,8911.02
T502130,C100218,1979-01-08,male,AHMEDABAD,"Rs. 470,799.86",22/12/2024,042441,2131.62
T501782,C100360,16-10-79,Female,KOLKATA,"46,783.67",11/07/2024,044144,2963.43
T502094,C100674,02/05/1998,male,Pune,3566.68,26/07/2024,101858,1182.72
T500985,C100706,23/05/1997,M,Mumbai,"Rs. 7,105.83",21/01/2024,020158,507.92
T502979,C100164,1997-11-15,Female,DELHI,"20,966.32",22-Dec-2024,180821,1424.76
T503665,C100162,1997-09-24,m,Delhi,"Rs. 42,810.30",02/02/2024,061434,INR 925.44
T505649,C100487,18-04-93,Male,DELHI,"5,364.64",21-Jul-2024,125931,246.61
T502986,C100543,25/02/1989,M,Chennai,"Rs. 28,641.23",17/03/2024,180252,"INR 3,110.14"
T505111,C100628,03/09/1990,M,Pune,109284.74,03-Aug-2024,142839,731.26
T503015,C100786,02/09/1959,F,KOLKATA,Rs. 296.87,2024-05-30,233654,426.14
T502474,C100369,1981-10-27,M,BANGALORE,"Rs. 26,549.63",08/03/2024,080114,140.2
T502244,C100636,07/07/1969,female,  Surat,"Rs. 52,253.95",2024-02-05,031145,INR 751.84
T501420,C100532,2004-12-08,M,Ahmedabad,,09/01/2024,123402,17130.29
T505262,C100093,15/10/1965,f,,"157,865.54",04-Oct-2024,082424,10936.13
T503038,C100087,22/06/1996,Male,mumbai ,,2024-04-16,152351,694.48
T501422,C100699,15/11/2003,female,KOLKATA,20709.46,28-Aug-2024,100324,"INR 1,276.06"
T504735,C100429,17-05-92,F,Delhi,"40,293.13",22/07/2024,101325,1115.84
T505731,C100747,1969-08-14,female,MUMBAI,52638.76,2024-02-15,201744,"INR 4,051.15"
T500561,C100593,09-05-75,Male,Ahmedabad,77632.67,2024-11-24,153649,12851.84
T502749,C100037,09-03-94,F,Delhi,"Rs. 33,340.33",2024-12-26,081631,7214.19
T502922,C100286,16-05-81,female,Jaipur,28080.8,13-May-2024,124620,330.62
T501795,C100264,1984-01-06,male,HYDERABAD,,16/04/2024,000757,21719.1
T502492,C100351,1958-02-18,F,mumbai ,,2024-02-01,193550,772.89
T505348,C100716,11-02-72,F,,"Rs. 240,805.50",22/12/2024,233328,481.8
T504942,C100646,24-02-56,M,Delhi,56399.4,01-Nov-2024,152507,"INR 2,885.49"
T502595,C100784,1976-08-21,M,PUNE,"Rs. 83,499.01",2024-12-20,112059,"INR 1,404.84"
T502908,C100393,11/11/1981,F,Mumbai,"15,018.25",10/11/2024,153551,282.97
T501051,C100510,2000-03-08,F,Ahmedabad,"235,563.00",2024-09-23,181044,-8949.03
T501077,C100082,15-12-75,,Hyderabad,"Rs. 3,621.26",22-Jun-2024,064133,1800.79
T504736,C100512,19/08/1986,m,,"Rs. 88,055.27",25/07/2024,023658,5438.67
T501801,C100404,04-05-64,m,Kolkata,"Rs. 17,067.98",2024-01-06,114753,1121.74
T503652,C100041,22/06/1982,M,Bangalore,"22,606.16",2024-08-18,070616,402.99
T500145,C100739,1975-09-21,F,JAIPUR,"6,681.50",30/05/2024,122215,564.8
T504847,C100427,1973-05-14,f,Hyderabad,"Rs. 13,652.98",2024-02-05,081128,3894.5
T503504,C100283,1977-10-18,M,  Surat,"Rs. 54,219.80",16/06/2024,145431,4606.87
T500415,C100686,03-05-75,F,Delhi,,2024-11-09,042345,1573.19
T504192,C100501,02-01-74,f,DELHI,"98,637.64",31/08/2024,051949,6882.74
T500052,C100766,11/12/2004,F,Hyderabad,73693.65,2024-08-21,092847,861.46
T504195,C100459,20/07/1999,,LUCKNOW,"5,482.84",2024-03-04,001337,113.08
T504833,C100504,1999-12-20,M,Jaipur,97634.59,04/04/2024,184500,2857.99
T502406,C100484,1984-05-17,male,JAIPUR,12346.88,2024-07-07,233643,765.37
T505093,C100516,14/07/1982,F,,"98,173.58",03/06/2024,020718,1793.29
T505711,C100264,1984-01-06,male,HYDERABAD,,21/11/2024,073431,18728.87
T505284,C100047,11/07/1966,female,Hyderabad,22419.5,2024-04-28,230508,1320.43
T505627,C100376,1973-09-05,,Delhi,,30-Oct-2024,200355,"INR 2,875.03"
T502129,C100427,1973-05-14,f,Hyderabad,"Rs. 13,652.98",05-Jan-2024,175306,2767.26
T502708,C100076,05-07-01,female,Ahmedabad,"Rs. 12,298.94",05/01/2024,130854,4098.19
T502224,C100504,1999-12-20,M,Jaipur,97634.59,04-Jul-2024,095347,2618.13
T502029,C100543,25/02/1989,M,Chennai,"Rs. 28,641.23",2024-03-12,155941,"INR 1,023.48"
T502830,C100200,07/09/1984,f,Pune,"99,008.06",17/08/2024,035609,11438.47
T500996,C100209,01-02-55,female,,38752.88,15-May-2024,020519,1131.28
T500551,C100392,02-08-81,female,BANGALORE,,2024-09-13,135836,3355.72
T504073,C100282,1998-01-11,Female,HYDERABAD,"Rs. 10,270.51",01-Apr-2024,080654,1159.38
T505305,C100038,16/08/2001,M,Kolkata,38387.92,2024-02-10,171604,2378.78
T501765,C100709,15-12-01,Female,NAGPUR,"Rs. 253,403.83",13-May-2024,091358,8894.13
T504079,C100777,05-10-71,M,HYDERABAD,"13,106.62",13/08/2024,132653,532.41
T501723,C100051,21/02/1976,m,PUNE,"169,367.84",11-Mar-2024,054142,"INR 11,634.69"
T502134,C100377,07/07/1965,m,Bangalore,31307.17,21/04/2024,235535,1248.03
T503841,C100134,1959-04-17,Male,HYDERABAD,12808.18,10/07/2024,211700,433.97
T505065,C100720,25-12-56,Male,LUCKNOW,"53,994.49",23-Oct-2024,205427,6276.4
T501759,C100563,17-08-73,,DELHI,,01/06/2024,064100,"INR 16,635.92"
T504597,C100094,20/03/1981,f,Bangalore,50521.45,2024-11-04,130824,7475.92
T504129,C100622,1963-04-08,male,Pune,"114,620.95",21/04/2024,082206,8711.56
T504813,C100710,1988-06-06,m,LUCKNOW,"31,418.04",28/03/2024,082200,7242.87
T503447,C100770,02/12/1995,female,JAIPUR,,2024-06-22,163203,461.66
T500358,C100612,22-09-87,,JAIPUR,378740.24,2024-11-23,063542,5644.52
T501576,C100512,19/08/1986,m,,"Rs. 88,055.27",2024-02-19,235219,17013.92
T500446,C100416,20/10/1988,Male,JAIPUR,77721.72,15-Aug-2024,073216,-2212.16
T503694,C100750,20-09-76,M,MUMBAI,"Rs. 140,121.33",08-Feb-2024,054610,2522.38
T502163,C100172,18-12-91,,LUCKNOW,180835.83,2024-12-09,230919,8245.56
T505953,C100422,1/1/1800,F,DELHI,"10,121.37",2024-05-02,012018,1175.82
T503033,C100683,06/10/1974,f,Mumbai,51370.71,2024-05-12,233327,1051.11
T505140,C100652,1991-12-20,Male,,"Rs. 58,919.28",2024-11-28,085303,12312.15
T505192,C100692,1971-01-16,male,  Surat,,05-Aug-2024,112556,-7685.17
T504946,C100794,15/07/1959,Female,PUNE,"Rs. 32,969.19",22-Sep-2024,090420,1549.41
T500289,C100622,1963-04-08,male,Pune,"114,620.95",2024-04-07,085651,"INR 28,020.33"
T505129,C100151,1955-06-05,Male,Kolkata,"Rs. 83,391.84",29-Dec-2024,065404,1659.99
T505490,C100080,1998-06-05,m,BANGALORE,772078.46,08/09/2024,220010,5529.21
T504724,C100172,18-12-91,,LUCKNOW,180835.83,01-May-2024,114719,486.86
T501634,C100004,1982-06-13,m,LUCKNOW,"Rs. 13,136.92",14-Jan-2024,044635,"INR 1,111.48"
T501602,C100512,19/08/1986,m,,"Rs. 88,055.27",2024-09-29,122731,11218.61
T504832,C100061,20-01-84,Male,MUMBAI,"13,029.33",28/09/2024,013712,"INR 1,503.95"
T501222,C100652,1991-12-20,Male,,"Rs. 58,919.28",30-Nov-2024,051522,1549.91
T504772,C100528,27/01/1968,f,BANGALORE,"Rs. 23,728.17",04-Feb-2024,230545,619.2
T505680,C100300,1990-09-07,Male,Chennai,,2024-03-15,212511,483.87
T503582,C100759,08-06-83,f,,,12/12/2024,202829,14207.96
T501002,C100297,24-02-63,female,HYDERABAD,7611.24,2024-11-19,104215,40.2
T503066,C100387,16-02-77,M,Kolkata,20501.21,23-Apr-2024,015855,-1759.58
T503649,C100027,17-08-89,,AHMEDABAD,"Rs. 11,262.83",18-Nov-2024,111358,1593.14
T503024,C100517,2001-06-26,male,JAIPUR,"53,788.28",02/05/2024,072956,11521.75
T505289,C100200,07/09/1984,f,Pune,"99,008.06",2024-10-01,205011,5084.53
T500852,C100454,10/04/2003,F,NAGPUR,18847.61,12-Jan-2024,002343,"INR 156,179.00"
T505648,C100477,08/08/1992,M,Ahmedabad,"Rs. 72,921.71",28-Apr-2024,062615,1219.14
T500332,C100433,04/10/1963,m,mumbai ,11449.4,17/09/2024,180733,1409.34
T504318,C100200,07/09/1984,f,Pune,"99,008.06",2024-12-02,191151,26364.85
T502101,C100320,27/02/1980,male,LUCKNOW,23034.86,2024-02-13,210718,104.36
T500830,C100549,20/03/1985,F,DELHI,"92,675.90",08/01/2024,170715,373.92
T505411,C100605,17-10-69,M,LUCKNOW,"Rs. 79,326.66",30-Jul-2024,054816,7138.74
T504445,C100192,1970-06-27,F,Chennai,"Rs. 37,732.31",12-Apr-2024,212832,658.75
T500746,C100215,25-01-62,Male,Jaipur,51679.23,2024-12-08,073616,4221.1
T504784,C100383,20/04/1990,m,Bangalore,38999.36,15/08/2024,072833,2206.1
T501076,C100452,27/10/1966,female,MUMBAI,33276.34,2024-08-21,071809,1255.82
T505986,C100057,21/12/1998,Male,Hyderabad,"108,663.77",2024-06-07,180734,4530.8
T504367,C100321,06-06-63,Male,Bangalore,66868.65,06/09/2024,123501,4966.28
T502567,C100757,16-06-64,,NAGPUR,"Rs. 128,307.71",21-Mar-2024,145156,7533.7
T504665,C100628,03/09/1990,M,Pune,109284.74,12-Oct-2024,171345,2915.25
T500915,C100582,10/10/1977,,Chennai,35767.69,20-Feb-2024,164603,2740.49
T500807,C100735,1971-02-11,,Hyderabad,"55,080.47",19/01/2024,020336,161.18
T503271,C100733,2001-05-03,f,BANGALORE,"Rs. 244,077.09",2024-08-28,040214,56.39
T505719,C100075,25/02/2001,F,HYDERABAD,13759.87,29-Sep-2024,214921,124.8
T504193,C100670,26/10/1983,female,MUMBAI,371867.09,2024-01-30,001855,
T505654,C100651,02/01/1989,female,Chennai,"79,050.49",2024-12-22,125701,3207.82
T505424,C100242,14-05-91,male,HYDERABAD,"Rs. 103,866.17",2024-03-10,002603,4479.24
T500700,C100346,22/08/1993,M,PUNE,"134,207.78",14-Sep-2024,214747,4508.42
T501528,C100503,12/08/1956,F,Pune,"146,446.03",14/03/2024,121245,1210.6
T502416,C100792,13-12-83,M,Bengaluru,147204.05,24-May-2024,051257,INR 677.78
T503455,C100785,2000-01-02,male,CHENNAI,102157.68,2024-03-22,105953,6082.78
T503921,C100162,1997-09-24,m,Delhi,"Rs. 42,810.30",08-Sep-2024,181754,4491.16
T505316,C100280,1996-03-06,male,KOLKATA,"61,078.77",2024-06-25,060018,2926.15
T500432,C100568,2035-01-01,,Jaipur,,2024-04-22,195504,385699.0
T503154,C100299,2003-07-15,Male,Jaipur,,2024-07-14,000048,1853.26
T501900,C100253,27/03/1978,male,Bangalore,"Rs. 107,511.50",24/02/2024,133231,3078.71
T501555,C100012,12/10/1993,F,,"Rs. 50,102.02",10-Feb-2024,114837,1150.51
T504115,C100143,1981-07-23,M,PUNE,"241,385.44",2024-05-02,232433,7370.78
T501329,C100244,24-09-83,female,DELHI,,15-Oct-2024,195618,3142.69
T503654,C100585,20-01-65,F,CHENNAI,"Rs. 51,724.58",22-May-2024,010146,"INR 2,732.73"
T503446,C100345,01-05-83,f,KOLKATA,12276.92,31-Aug-2024,224240,
T501668,C100567,23-01-92,Female,NAGPUR,"Rs. 11,762.16",2024-07-19,121031,1214.59
T503622,C100655,,,  Surat,"24,838.77",18-Apr-2024,051910,134.51
T505587,C100052,13-07-60,Female,MUMBAI,"Rs. 54,071.44",01/10/2024,133555,1814.14
T502069,C100024,03-02-95,M,MUMBAI,"Rs. 5,504.61",30-May-2024,190927,3143.92
T502929,C100207,06/06/1974,m,DELHI,"Rs. 68,660.40",26-Nov-2024,194604,2782.68
T505599,C100631,15/03/1970,M,DELHI,"47,693.35",2024-02-22,171652,1501.59
T505004,C100418,1960-01-14,,HYDERABAD,,2024-11-25,221710,
T505363,C100197,09-04-87,Male,Bengaluru,"Rs. 12,957.49",31-Oct-2024,064309,381.73
T501882,C100068,22-08-03,,Bengaluru,,28/06/2024,112626,783.23
T504122,C100495,1977-09-03,m,Mumbai,638.04,2024-12-05,173058,1184.22
T503157,C100352,1998-03-02,F,DELHI,,07-Sep-2024,213645,"INR 6,684.70"
T505377,C100380,16-03-60,Female,DELHI,,03/06/2024,202249,INR 418.06
T505506,C100647,25-03-56,female,Chennai,"Rs. 27,953.84",04/07/2024,213826,-734.31
T504107,C100060,21/09/2001,male,HYDERABAD,"4,623.60",10-Oct-2024,235345,2977.84
T502605,C100134,1959-04-17,Male,HYDERABAD,12808.18,24-Nov-2024,083040,25.67
T502969,C100173,2003-09-18,Female,PUNE,"Rs. 28,296.42",2024-05-29,114548,15330.96
T504361,C100370,02-12-01,female,mumbai ,"Rs. 25,951.83",2024-03-05,152555,578.64
T505763,C100664,09/01/1987,,Mumbai,99475.96,10-May-2024,112802,"INR 1,968.24"
T504845,C100173,2003-09-18,Female,PUNE,"Rs. 28,296.42",18-Apr-2024,012452,6381.3
T505677,C100207,06/06/1974,m,DELHI,"Rs. 68,660.40",22-Mar-2024,104452,2234.89
T500162,C100566,1975-06-21,female,Kolkata,"12,023.59",2024-10-21,192554,826.43
T500318,C100549,20/03/1985,F,DELHI,"92,675.90",17-Dec-2024,073129,960.44
T502626,C100747,1969-08-14,female,MUMBAI,52638.76,2024-04-18,083506,3077.61
T503340,C100178,1996-12-02,female,mumbai ,"Rs. 18,046.45",30/07/2024,094617,1275.14
T503139,C100328,1993-09-23,f,mumbai ,"138,849.89",2024-02-29,055218,
T502831,C100374,01/06/1997,f,Jaipur,55312.12,07/06/2024,063046,
T502179,C100479,22/10/1980,f,Kolkata,"Rs. 98,501.77",2024-01-17,171011,6648.17
T501216,C100406,09-01-59,Female,Chennai,"Rs. 70,730.83",14/06/2024,135021,2764.26
T502503,C100090,11/06/1973,male,Pune,"17,694.21",2024-08-20,092312,1421.71
T502889,C100317,05-03-83,,  Surat,"27,760.80",27-Nov-2024,202133,521.23
T503058,C100143,1981-07-23,M,PUNE,"241,385.44",17/12/2024,175405,18608.4
T504036,C100743,1968-05-24,Male,,121700.99,23/08/2024,102127,1917.91
T502810,C100668,21-07-78,Female,Bangalore,"99,681.03",29-Dec-2024,154025,"INR 10,891.06"
T500737,C100177,13-12-68,,AHMEDABAD,208320.55,2024-05-03,175242,2987.3
T501661,C100750,20-09-76,M,MUMBAI,"Rs. 140,121.33",2024-01-09,152325,1222.57
T502654,C100249,1980-06-02,f,BANGALORE,"10,242.73",2024-07-13,105809,1163.02
T505668,C100757,16-06-64,,NAGPUR,"Rs. 128,307.71",2024-09-13,060705,10426.39
T503368,C100594,1990-02-24,male,Hyderabad,"Rs. 73,506.23",27/03/2024,202905,5097.48
T501684,C100541,13-01-74,male,Ahmedabad,"186,265.55",2024-07-18,061357,2014.08
T505009,C100491,1974-05-21,Female,Pune,"Rs. 8,845.00",2024-11-18,092243,1391.75
T500231,C100654,15-10-79,M,Bengaluru,55160.82,27/05/2024,021814,3133.83
T502423,C100645,02-11-81,m,,,06-Jan-2024,070708,5699.51
T502996,C100375,27-11-99,m,NAGPUR,"267,588.10",12/11/2024,201000,587.66
T505145,C100264,1984-01-06,male,HYDERABAD,,2024-03-15,084439,"INR 13,434.83"
T501561,C100589,24-11-75,female,CHENNAI,"101,026.53",2024-01-18,075251,11387.94
T500956,C100286,16-05-81,female,Jaipur,28080.8,22-Mar-2024,173433,2034.98
T501388,C100410,2035-01-01,M,Bangalore,9932.03,18-Apr-2024,213239,951.28
T501625,C100473,03-04-82,female,Bengaluru,,2024-06-23,002034,4630.79
T504393,C100770,02/12/1995,female,JAIPUR,,2024-08-10,195017,1904.85
T501144,C100400,17/12/1961,female,Pune,,03/08/2024,213457,1941.56
T503026,C100565,19/09/2004,f,BANGALORE,"67,225.87",2024-01-22,075621,4968.77
T501884,C100114,22-09-77,Female,LUCKNOW,,23-Oct-2024,065238,
T502945,C100599,1960-07-23,m,  Surat,"8,719.83",2024-11-23,104633,1221.27
T505466,C100709,15-12-01,Female,NAGPUR,"Rs. 253,403.83",19/08/2024,100211,16750.8
T502502,C100126,14/08/1992,,JAIPUR,"Rs. 17,927.78",01-Nov-2024,054510,431.89
T503263,C100153,04-08-82,f,LUCKNOW,"379,373.89",2024-09-19,094227,3069.99
T503169,C100320,27/02/1980,male,LUCKNOW,23034.86,12/04/2024,122121,226.18
T505324,C100339,20/04/1966,male,PUNE,"Rs. 62,182.35",2024-09-20,192919,11583.25
T502584,C100114,22-09-77,Female,LUCKNOW,,04-Oct-2024,035450,1248.52
T500987,C100248,12/05/1970,m,Kolkata,"89,559.95",2024-09-25,003851,160.41
T505787,C100245,12/03/1955,M,PUNE,"Rs. 7,617.01",12/08/2024,185225,339.98
T502371,C100566,1975-06-21,female,Kolkata,"12,023.59",11/05/2024,112851,842.3
T503359,C100757,16-06-64,,NAGPUR,"Rs. 128,307.71",12-Apr-2024,143235,"INR 7,831.96"
T504642,C100764,1966-06-14,M,Jaipur,62112.48,13/12/2024,115353,8143.09
T505267,C100219,21/11/1997,female,Bengaluru,20875.12,2024-06-06,092319,1329.63
T504970,C100014,1995-01-22,M,LUCKNOW,72097.18,04/11/2024,090055,5178.37
T505614,C100549,20/03/1985,F,DELHI,"92,675.90",19/02/2024,061513,168.48
T502016,C100309,1970-04-13,F,Mumbai,"Rs. 40,590.80",2024-05-08,110756,1808.44
T505082,C100111,13/02/1961,f,Bengaluru,31428.6,2024-03-26,183652,2116.23
T505074,C100614,13/08/1968,male,Chennai,"Rs. 11,618.40",2024-07-09,130100,537.39
T501665,C100102,14-07-81,M,KOLKATA,"Rs. 15,311.00",13/03/2024,125346,INR 686.57
T500971,C100215,25-01-62,Male,Jaipur,51679.23,19-Dec-2024,011535,997.78
T505578,C100386,13-07-73,,JAIPUR,"Rs. 12,445.00",2024-11-28,031636,523.58
T503847,C100475,01-01-1900,Female,Bengaluru,"89,827.75",26/10/2024,182242,194.66
T500893,C100016,07/02/1956,Female,mumbai ,"Rs. 21,454.12",29/09/2024,114154,497.83
T505001,C100419,14-06-59,M,DELHI,26055.1,05/12/2024,190724,191.76
T505123,C100621,2001-07-16,F,HYDERABAD,"58,120.95",11/02/2024,022946,348.13
T501895,C100760,14/03/1974,F,mumbai ,286147.6,10-Feb-2024,024130,14286.78
T501179,C100082,15-12-75,,Hyderabad,"Rs. 3,621.26",2024-02-21,012319,698.39
T504878,C100646,24-02-56,M,Delhi,56399.4,28-Aug-2024,163534,2535.86
T501128,C100103,14-02-91,,Delhi,,24/08/2024,073659,2089.99
T500961,C100650,1969-08-17,f,Ahmedabad,88102.77,02-Nov-2024,090122,945.14
T500892,C100390,18-11-59,f,DELHI,5005.43,14-Feb-2024,125218,1999.47
T503265,C100534,21/09/1980,Female,MUMBAI,,2024-01-27,204312,3009.35
T500325,C100479,22/10/1980,f,Kolkata,"Rs. 98,501.77",22/01/2024,000541,8550.54
T502086,C100792,13-12-83,M,Bengaluru,147204.05,2024-11-16,025613,6920.06
T501847,C100566,1975-06-21,female,Kolkata,"12,023.59",12-Jul-2024,144055,218.84
T504688,C100705,03/12/1964,f,Bengaluru,"92,850.20",27/11/2024,142931,2532.18
T502837,C100199,12-08-83,male,Mumbai,71799.72,22/12/2024,085103,790.96
T505666,C100037,09-03-94,F,Delhi,"Rs. 33,340.33",2024-10-20,035212,128325.0
T503261,C100436,06-10-60,F,Jaipur,"Rs. 93,354.27",2024-07-24,074057,6218.49
T501169,C100023,12/05/1975,Male,Hyderabad,"5,699.11",2024-12-08,003938,379.01
T504224,C100235,21-09-81,female,Pune,"Rs. 15,017.22",2024-05-10,085036,113.38
T504471,C100736,1994-08-24,m,Mumbai,21365.93,25/05/2024,013021,7915.58
T503182,C100080,1998-06-05,m,BANGALORE,772078.46,26/08/2024,131525,13289.5
T503541,C100750,20-09-76,M,MUMBAI,"Rs. 140,121.33",08-Mar-2024,132444,9223.6
T503753,C100691,13/08/1998,m,Pune,,20-Jan-2024,084157,"INR -7,055.01"
T503145,C100619,27/10/1979,F,Jaipur,"618,590.11",01/06/2024,082400,7941.38
T501118,C100628,03/09/1990,M,Pune,109284.74,07/04/2024,030116,2514.07
T501015,C100611,08-02-56,male,Bangalore,,23-Aug-2024,015216,19389.89
T505106,C100437,10/05/1977,female,PUNE,"Rs. 58,587.83",03-Nov-2024,040924,2861.07
T503417,C100708,27/01/1964,m,Kolkata,"48,367.85",2024-06-20,141429,1943.42
T502976,C100622,1963-04-08,male,Pune,"114,620.95",2024-12-11,170422,7349.32
T504683,C100532,2004-12-08,M,Ahmedabad,,2024-10-30,060216,2762.0
T502924,C100239,1978-02-10,male,CHENNAI,"Rs. 30,783.15",29/10/2024,194521,564.28
T500101,C100765,07/11/1958,m,Chennai,"22,571.43",02-Mar-2024,101406,452.3
T501749,C100240,24/12/2003,M,mumbai ,"58,083.30",13/08/2024,214813,3732.53
T504177,C100324,14-03-71,male,AHMEDABAD,8250.81,2024-03-03,093050,1118.78
T501935,C100399,24-09-69,f,Jaipur,32377.8,2024-03-06,210650,1038.54
T500953,C100434,20-02-74,,HYDERABAD,17342.63,10-Jan-2024,224853,4379.24
T505380,C100698,03/10/1986,M,mumbai ,"Rs. 186,379.37",2024-08-17,191232,11173.99
T500232,C100667,02-11-96,f,CHENNAI,20940.54,31/10/2024,121320,3015.01
T501244,C100037,09-03-94,F,Delhi,"Rs. 33,340.33",2024-12-27,015915,142.93
T505124,C100155,2035-01-01,m,Chennai,,2024-07-23,204842,243915.0
T501543,C100764,1966-06-14,M,Jaipur,62112.48,06/01/2024,023215,1043.02
T500073,C100743,1968-05-24,Male,,121700.99,05-Oct-2024,164816,1292.71
T505753,C100188,1981-12-18,m,PUNE,"34,870.27",23-Nov-2024,231931,1390.8
T504584,C100733,2001-05-03,f,BANGALORE,"Rs. 244,077.09",17/07/2024,125946,7400.67
T501354,C100620,1967-06-27,,CHENNAI,22920.89,2024-01-11,135503,802.16
T504483,C100310,23-08-84,male,HYDERABAD,"323,760.11",2024-05-26,045210,12254.14
T504138,C100032,16/10/1977,female,Kolkata,"27,810.10",17-Jun-2024,182316,594.28
T503508,C100527,19-04-72,male,AHMEDABAD,"Rs. 6,830.51",2024-03-01,224619,1069.86
T503763,C100178,1996-12-02,female,mumbai ,"Rs. 18,046.45",2024-10-14,210922,2387.45
T502937,C100407,26-08-62,F,JAIPUR,"11,790.29",02-Mar-2024,195936,5282.45
T501166,C100161,1999-05-26,Male,LUCKNOW,68566.76,19/08/2024,165255,3122.58
T503476,C100545,14/11/1965,F,Mumbai,76933.29,2024-03-06,225145,505.82
T504710,C100761,1989-09-02,f,  Surat,"25,607.80",2024-03-05,183832,2211.22
T505454,C100556,0000-00-00,f,HYDERABAD,"Rs. 92,723.33",2024-05-05,151721,INR 209.76
T504899,C100556,0000-00-00,f,HYDERABAD,"Rs. 92,723.33",2024-01-10,054741,5473.32
T502919,C100421,1985-01-17,Male,Chennai,"123,501.29",16-Nov-2024,140309,773.99
T502457,C100644,17/12/1991,m,PUNE,"Rs. 10,681.00",14/12/2024,032144,
T504889,C100596,1972-07-04,Male,mumbai ,"240,531.19",2024-09-04,124124,3902.08
T504554,C100652,1991-12-20,Male,,"Rs. 58,919.28",07/10/2024,182609,8197.58
T503319,C100702,0000-00-00,Female,Mumbai,2914.57,2024-07-13,092545,537.56
T505403,C100546,20/05/1993,male,DELHI,"Rs. 76,684.14",2024-09-22,002149,3736.4
T504975,C100278,16/05/1989,male,BANGALORE,"113,740.31",26/07/2024,123401,796.0
T502585,C100558,1958-07-13,Female,Hyderabad,43904.78,21/03/2024,145543,
T504095,C100292,1/1/1800,female,MUMBAI,"9,547.79",27-Oct-2024,043257,706.78
T501282,C100543,25/02/1989,M,Chennai,"Rs. 28,641.23",11-Nov-2024,140035,4988.73
T500080,C100690,21-04-58,Male,BANGALORE,"Rs. 120,392.94",28-May-2024,150244,9957.63
T501740,C100044,1962-08-19,male,Hyderabad,"43,950.32",05/08/2024,175330,12694.39
T500405,C100693,11/10/1988,f,Jaipur,"247,886.54",11/05/2024,155959,11506.59
T504659,C100280,1996-03-06,male,KOLKATA,"61,078.77",2024-01-09,230801,1527.21
T505318,C100379,1983-05-04,m,Mumbai,"71,283.08",07-Dec-2024,143905,211.37
T503709,C100681,15/05/1967,female,LUCKNOW,"239,151.47",06/02/2024,051740,1600.7
T503356,C100162,1997-09-24,m,Delhi,"Rs. 42,810.30",10-Apr-2024,173126,3663.8
T501586,C100510,2000-03-08,F,Ahmedabad,"235,563.00",08-Jun-2024,024342,1133.37
T503756,C100205,14/04/1967,female,Pune,"35,559.48",12/02/2024,061748,263.96
T505875,C100723,05/06/1971,male,  Surat,"78,759.05",2024-07-29,043240,"INR 3,320.20"
T501429,C100316,1994-03-18,male,mumbai ,11959.24,07-Nov-2024,073754,2297.85
T503438,C100123,14-09-96,M,Hyderabad,24576.12,24/08/2024,082452,518.08
T504810,C100241,1972-06-24,m,PUNE,"Rs. 46,874.59",11/11/2024,090202,1683.05
T502959,C100368,1991-10-16,F,Jaipur,"144,315.15",08/01/2024,131649,17330.33
T500960,C100312,04/03/1971,f,NAGPUR,,07-Jan-2024,152250,820.86
T502519,C100069,1969-10-07,M,,884.62,2024-12-13,064537,1029.86
T501450,C100210,1956-04-12,female,Delhi,"112,806.44",2024-08-12,172807,3954.8
T504282,C100687,23/01/1961,F,JAIPUR,,26-Jan-2024,124141,960.93
T502926,C100155,2035-01-01,m,Chennai,,27/08/2024,212055,262960.0
T500921,C100429,17-05-92,F,Delhi,"40,293.13",2024-06-08,204108,1849.41
T503357,C100634,04/06/1987,female,mumbai ,"Rs. 31,133.41",06/11/2024,054832,64.89
T505873,C100731,1992-02-17,M,HYDERABAD,,21/01/2024,051854,"INR 1,520.80"
T505232,C100556,0000-00-00,f,HYDERABAD,"Rs. 92,723.33",28-Jul-2024,092141,1279.36
T502790,C100414,2002-02-15,F,PUNE,"61,143.12",10/07/2024,041418,
T502317,C100021,1996-01-24,m,Hyderabad,51078.01,01-Jun-2024,214542,1965.87
T503462,C100611,08-02-56,male,Bangalore,,2024-11-29,181534,16627.38
T505347,C100486,07/04/1993,F,PUNE,3302.51,2024-05-21,040245,1163.35
T503082,C100209,01-02-55,female,,38752.88,2024-05-07,053436,67.46
T502911,C100480,08-09-93,F,MUMBAI,"Rs. 37,940.98",25/06/2024,024643,1143.53
T502572,C100010,1989-06-09,f,Kolkata,"Rs. 239,001.20",18-Oct-2024,102013,6158.12
T503098,C100372,19/12/1983,Female,Mumbai,59995.96,2024-07-21,150853,INR 696.90
T504250,C100035,1992-05-22,male,Mumbai,,2024-03-28,091651,2511.42
T504274,C100390,18-11-59,f,DELHI,5005.43,12/08/2024,105028,1678.37
T505134,C100692,1971-01-16,male,  Surat,,2024-06-10,070241,2419.27
T503698,C100299,2003-07-15,Male,Jaipur,,30-Jul-2024,222245,6795.35
T505153,C100163,04/08/1970,m,Kolkata,"Rs. 3,126.03",29-Feb-2024,151126,2253.17
T501335,C100251,01/05/1957,Female,PUNE,19062.18,14/04/2024,080156,4191.94
T501175,C100156,25-03-92,m,NAGPUR,"23,214.84",12-Apr-2024,215549,450.65
T505792,C100379,1983-05-04,m,Mumbai,"71,283.08",28-Oct-2024,174202,2315.01
T505807,C100262,0000-00-00,F,Hyderabad,,09-Aug-2024,062214,505.71
T500651,C100564,18/09/1959,Female,Ahmedabad,"33,632.16",2024-02-18,013841,568.57
T502604,C100104,1987-03-19,f,,20769.58,2024-03-19,042358,INR 83.68
T502024,C100175,1997-06-09,,Jaipur,"66,674.74",18/01/2024,091534,423.25
T503186,C100781,07-12-64,f,LUCKNOW,,29/04/2024,104101,3403.22
T503728,C100750,20-09-76,M,MUMBAI,"Rs. 140,121.33",2024-09-08,232813,4044.79
T505445,C100497,01-03-70,M,Hyderabad,28147.07,2024-05-06,131330,
T500213,C100653,1965-06-07,f,AHMEDABAD,"Rs. 305,029.15",07/09/2024,001436,16106.82
T503813,C100560,01-01-1900,female,Jaipur,25797.87,02-May-2024,122940,2222.81
T500603,C100278,16/05/1989,male,BANGALORE,"113,740.31",21/11/2024,200755,6165.17
T505038,C100028,26/05/1973,,HYDERABAD,,17-Dec-2024,132830,5264.71
T504754,C100476,1964-07-27,female,PUNE,66112.87,22-Mar-2024,164801,2553.72
T503667,C100690,21-04-58,Male,BANGALORE,"Rs. 120,392.94",29/02/2024,234029,15667.17
T500368,C100623,1972-07-11,female,NAGPUR,,08/01/2024,204523,6310.85
T500470,C100681,15/05/1967,female,LUCKNOW,"239,151.47",2024-01-22,144624,2632.57
T504754,C100476,1964-07-27,female,PUNE,66112.87,22-Mar-2024,164801,2553.72
T500741,C100436,06-10-60,F,Jaipur,"Rs. 93,354.27",20/04/2024,202843,16778.35
T501121,C100735,1971-02-11,,Hyderabad,"55,080.47",27-Nov-2024,222917,642.86
T501338,C100368,1991-10-16,F,Jaipur,"144,315.15",01/10/2024,043246,-1844.78
T500221,C100304,2001-11-15,F,Ahmedabad,16445.74,03-Sep-2024,200825,1643.63
T500562,C100078,19/07/1963,female,Chennai,51575.85,25-Oct-2024,074001,196.05
T504015,C100204,1969-01-02,,Jaipur,"Rs. 19,428.09",18/03/2024,114008,
T503898,C100213,26/03/1989,female,Kolkata,16101.96,02/04/2024,031356,2760.44
T502379,C100311,02/01/1973,F,HYDERABAD,63960.0,2024-12-03,042815,998.67
T502957,C100344,1963-04-13,,,4994.06,09/03/2024,024045,INR 632.57
T504846,C100531,13-12-67,Male,CHENNAI,"Rs. 38,254.58",09/10/2024,002531,INR 807.55
T502114,C100097,26/02/1991,f,PUNE,6498.69,04-Apr-2024,014253,614.09
T502779,C100379,1983-05-04,m,Mumbai,"71,283.08",09-Apr-2024,214638,3035.7
T502079,C100350,06/05/1984,Male,Bengaluru,,10/09/2024,204517,3328.5
T504387,C100240,24/12/2003,M,mumbai ,"58,083.30",12/05/2024,155006,878.71
T502536,C100491,1974-05-21,Female,Pune,"Rs. 8,845.00",03/03/2024,172146,675.13
T503283,C100267,24/03/1964,F,Bengaluru,"Rs. 100,432.83",14/09/2024,175530,462.34
T503732,C100143,1981-07-23,M,PUNE,"241,385.44",07/12/2024,121237,3841.7
T505671,C100249,1980-06-02,f,BANGALORE,"10,242.73",22-Jun-2024,155307,1146.22
T504756,C100076,05-07-01,female,Ahmedabad,"Rs. 12,298.94",04/03/2024,155346,1602.02
T503956,C100238,25/10/1981,,PUNE,,2024-01-25,180225,2179.08
T503613,C100642,16/06/2004,m,  Surat,"Rs. 10,108.04",14-Jun-2024,084614,1779.78
T502600,C100646,24-02-56,M,Delhi,56399.4,2024-02-19,175516,505.02
T505367,C100750,20-09-76,M,MUMBAI,"Rs. 140,121.33",28-Mar-2024,175414,34.28
T503571,C100537,1963-01-27,Female,Chennai,26621.54,28-Sep-2024,231932,7509.18
T504139,C100293,13-05-89,Male,BANGALORE,"10,023.20",2024-07-26,013737,157.1
T501817,C100254,08/06/1964,Female,Ahmedabad,184790.05,2024-01-14,163100,11390.31
T501698,C100594,1990-02-24,male,Hyderabad,"Rs. 73,506.23",08-May-2024,144456,
T500100,C100352,1998-03-02,F,DELHI,,24-Dec-2024,162711,4625.13
T501524,C100737,03/06/1961,f,Delhi,"Rs. 71,291.17",2024-08-27,004126,3661.92
T502571,C100555,27-03-93,female,Ahmedabad,"66,420.28",02-May-2024,151611,"INR 1,565.22"
T503691,C100044,1962-08-19,male,Hyderabad,"43,950.32",13/07/2024,075432,1938.5
T505414,C100419,14-06-59,M,DELHI,26055.1,06-Aug-2024,090756,1448.61
T501227,C100428,17-03-81,Male,Pune,"163,084.05",11-Sep-2024,110613,10422.2
T502120,C100712,1984-12-18,M,NAGPUR,"7,145.18",2024-10-11,081905,156.31
T505795,C100313,1960-05-13,f,Bangalore,7441.04,2024-02-14,094352,1592.4
T505228,C100756,1960-09-11,Male,  Surat,"Rs. 19,451.56",18-Apr-2024,051412,852.07
T501153,C100481,22/05/1988,Male,JAIPUR,"1,624.30",27-Jul-2024,042226,445.98
T500067,C100696,18/05/1975,m,,295142.68,22-May-2024,201054,16449.47
T502450,C100443,13/05/2004,Female,NAGPUR,102909.31,03-Jan-2024,012833,1765.65
T500875,C100780,21-03-63,Female,  Surat,1632.01,2024-05-20,130742,519.83
T503550,C100495,1977-09-03,m,Mumbai,638.04,2024-08-16,100552,810.85
T503439,C100504,1999-12-20,M,Jaipur,97634.59,06/10/2024,072839,7557.22
T502783,C100548,07/08/1982,Female,NAGPUR,"53,292.45",26-Nov-2024,133645,INR 787.48
T503581,C100346,22/08/1993,M,PUNE,"134,207.78",2024-09-23,045110,9983.99
T501640,C100261,11/11/1960,,AHMEDABAD,4697.32,22-Dec-2024,065838,483.86
T504692,C100522,20-07-55,Male,CHENNAI,"35,215.42",2024-02-26,143135,2396.99
T502334,C100070,1994-10-17,F,LUCKNOW,"29,489.38",09-Mar-2024,144808,2573.42
T500372,C100608,1978-11-05,M,NAGPUR,"49,274.28",10-Jan-2024,204004,2242.56
T501545,C100383,20/04/1990,m,Bangalore,38999.36,2024-01-31,054935,7002.68
T501306,C100300,1990-09-07,Male,Chennai,,11/10/2024,161236,
T505105,C100771,07-12-67,F,KOLKATA,"9,840.47",2024-06-14,211600,"INR 1,268.09"
T503366,C100047,11/07/1966,female,Hyderabad,22419.5,27/06/2024,075728,3872.46
T500147,C100532,2004-12-08,M,Ahmedabad,,2024-06-21,073713,646.75
T500493,C100776,1964-07-01,female,Bangalore,"Rs. 31,244.52",10-May-2024,172616,"INR 3,421.69"
T501276,C100384,1998-07-13,Female,KOLKATA,"Rs. 102,416.63",08-Jan-2024,162432,3394.85
T503579,C100753,05/12/1958,Male,Ahmedabad,,29/09/2024,002453,"INR 7,289.21"
T505023,C100100,05-03-84,female,Bengaluru,21883.94,2024-01-26,060428,111.94
T503218,C100542,05-07-95,M,PUNE,"27,050.64",11/02/2024,054100,100518.0
T502209,C100507,1989-04-26,m,HYDERABAD,"8,532.88",2024-05-21,115355,"INR 2,275.43"
T502707,C100202,1976-08-09,female,  Surat,"Rs. 57,912.50",31-Jul-2024,113616,6647.52
T500665,C100232,1984-12-23,,CHENNAI,41614.26,15-Mar-2024,233710,676.06
T502299,C100263,,female,BANGALORE,,2024-01-03,153337,"INR 2,473.66"
T505851,C100079,20-07-04,M,Delhi,"Rs. 80,811.92",28-Jan-2024,180606,8610.77
T504527,C100773,10-04-82,,KOLKATA,,14/03/2024,111657,12344.65
T503931,C100247,17/05/1986,female,,"60,362.87",2024-12-09,110938,1325.65
T501146,C100242,14-05-91,male,HYDERABAD,"Rs. 103,866.17",26/12/2024,192121,-748.45
T502413,C100798,01/02/2000,male,DELHI,"17,004.51",2024-08-31,070211,416.62
T501430,C100380,16-03-60,Female,DELHI,,26/03/2024,121931,1947.94
T502208,C100593,09-05-75,Male,Ahmedabad,77632.67,07-Feb-2024,124211,2160.18
T500663,C100686,03-05-75,F,Delhi,,2024-06-22,095247,1526.7
T503350,C100234,15-03-98,female,Chennai,59188.47,03-May-2024,084248,3312.33
T503469,C100091,1994-12-19,f,Kolkata,138944.05,2024-07-28,001132,"INR 2,029.14"
T502494,C100378,06-11-03,m,CHENNAI,,2024-07-13,050704,1423.92
T501209,C100372,19/12/1983,Female,Mumbai,59995.96,07-Nov-2024,100820,6192.97
T502714,C100674,02/05/1998,male,Pune,3566.68,03/11/2024,042428,1214.08
T503484,C100125,1962-01-08,Male,mumbai ,"17,605.36",2024-02-18,133150,INR 906.24
T504566,C100274,1973-07-26,Male,Kolkata,,30/05/2024,110802,4895.51
T502463,C100640,22/11/2003,male,AHMEDABAD,,04/03/2024,235908,2053.45
T504481,C100758,16/09/1995,f,Pune,8457.46,26/02/2024,130905,375.38
T503814,C100527,19-04-72,male,AHMEDABAD,"Rs. 6,830.51",2024-06-22,213808,848.71
T501421,C100284,12/04/1987,m,LUCKNOW,21229.49,2024-03-21,011946,267.84
T504675,C100155,2035-01-01,m,Chennai,,18-Jul-2024,115252,1714.69
T504643,C100103,14-02-91,,Delhi,,30/10/2024,211453,5888.02
T505425,C100623,1972-07-11,female,NAGPUR,,2024-01-30,202345,2137.78
T504196,C100546,20/05/1993,male,DELHI,"Rs. 76,684.14",13-Dec-2024,155758,3451.47
T500531,C100631,15/03/1970,M,DELHI,"47,693.35",29/05/2024,090327,306.55
T500078,C100504,1999-12-20,M,Jaipur,97634.59,2024-07-24,010446,5270.11
T503750,C100610,03-06-76,m,,"125,370.42",20/10/2024,070530,9148.88
T503355,C100525,1969-10-05,F,CHENNAI,"212,533.64",21/06/2024,062150,8059.32
T501704,C100538,1970-11-08,Male,Ahmedabad,,2024-11-23,143726,100.04
T503523,C100532,2004-12-08,M,Ahmedabad,,18/04/2024,032138,3981.99
T503522,C100193,26/11/1986,Male,Delhi,"16,440.96",29-Jan-2024,134819,"INR 1,114.16"
T504563,C100249,1980-06-02,f,BANGALORE,"10,242.73",13-Mar-2024,192257,1364.57
T504706,C100580,1993-07-18,f,Mumbai,29452.82,03-Jul-2024,153112,"INR 3,319.48"
T505877,C100554,24-01-80,m,  Surat,"31,094.72",21-Oct-2024,061516,698.85
T504850,C100414,2002-02-15,F,PUNE,"61,143.12",2024-09-30,181437,1659.68
T505441,C100274,1973-07-26,Male,Kolkata,,19-Jun-2024,031602,1164.19
T505991,C100264,1984-01-06,male,HYDERABAD,,2024-07-22,133018,-21754.35
T500079,C100436,06-10-60,F,Jaipur,"Rs. 93,354.27",05/08/2024,042759,2119.92
T501320,C100041,22/06/1982,M,Bangalore,"22,606.16",22/03/2024,003223,960.34
T501235,C100557,20/09/1988,Female,,"Rs. 20,249.85",08/06/2024,081515,
T504734,C100631,15/03/1970,M,DELHI,"47,693.35",07/04/2024,072736,2870.29
T502335,C100028,26/05/1973,,HYDERABAD,,26-Aug-2024,061738,8044.23
T505150,C100593,09-05-75,Male,Ahmedabad,77632.67,24-May-2024,121401,633.56
T501506,C100126,14/08/1992,,JAIPUR,"Rs. 17,927.78",2024-11-10,003526,-3271.26
T505897,C100475,01-01-1900,Female,Bengaluru,"89,827.75",25/06/2024,012714,3773.17
T505890,C100248,12/05/1970,m,Kolkata,"89,559.95",11-Nov-2024,195455,92.57
T503834,C100032,16/10/1977,female,Kolkata,"27,810.10",29-Jul-2024,092718,519.19
T505436,C100510,2000-03-08,F,Ahmedabad,"235,563.00",27-Apr-2024,193216,600.69
T504387,C100240,24/12/2003,M,mumbai ,"58,083.30",12/05/2024,155006,878.71
T504423,C100393,11/11/1981,F,Mumbai,"15,018.25",26-Oct-2024,002112,771.83
T502573,C100337,24/03/1987,F,AHMEDABAD,120535.8,2024-10-19,152853,5899.12
T503576,C100262,0000-00-00,F,Hyderabad,,25-Jan-2024,223400,1324.79
T505689,C100086,1987-10-15,,LUCKNOW,"Rs. 11,228.91",2024-09-05,113111,361.88
T505757,C100355,11-08-77,m,Pune,,27/04/2024,154222,596.31
T505303,C100608,1978-11-05,M,NAGPUR,"49,274.28",2024-08-19,115708,1655.37
T500228,C100653,1965-06-07,f,AHMEDABAD,"Rs. 305,029.15",09/11/2024,024430,INR 703.81
T505619,C100795,1986-10-21,female,Pune,"Rs. 43,684.44",08/12/2024,153514,121.39
T500742,C100510,2000-03-08,F,Ahmedabad,"235,563.00",30/06/2024,032841,19891.71
T503807,C100779,21-03-59,female,KOLKATA,"297,969.29",17-Jun-2024,181034,2156.15
T502921,C100680,1964-12-27,male,Chennai,83125.23,12/10/2024,170940,6757.27
T502310,C100109,18-05-61,male,MUMBAI,"83,476.96",20-Sep-2024,122152,6007.57
T501644,C100257,21-11-70,,JAIPUR,88380.56,22-Sep-2024,153437,588.66
T503997,C100608,1978-11-05,M,NAGPUR,"49,274.28",2024-08-21,051559,"INR 1,460.37"
T505464,C100470,05-02-97,F,NAGPUR,155474.78,29-Jan-2024,153847,7068.46
T503396,C100340,1974-10-11,Male,MUMBAI,11896.1,2024-02-09,114231,225.85
T502443,C100238,25/10/1981,,PUNE,,2024-05-25,033333,1626.28
T505049,C100126,14/08/1992,,JAIPUR,"Rs. 17,927.78",09/10/2024,212901,2793.21
T502948,C100449,09-08-01,Male,CHENNAI,,17-Nov-2024,081636,"INR 8,374.10"
T500134,C100350,06/05/1984,Male,Bengaluru,,10/04/2024,145135,
T502558,C100748,05/07/1989,male,mumbai ,"Rs. 63,573.89",11-Apr-2024,052306,5109.48
T501127,C100640,22/11/2003,male,AHMEDABAD,,24/03/2024,175351,"INR 1,295.53"
T505397,C100476,1964-07-27,female,PUNE,66112.87,09/03/2024,223615,2586.96
T505317,C100202,1976-08-09,female,  Surat,"Rs. 57,912.50",2024-09-17,205333,12692.59
T503601,C100375,27-11-99,m,NAGPUR,"267,588.10",01-Jul-2024,001822,7467.67
T504164,C100696,18/05/1975,m,,295142.68,2024-04-03,132536,11914.51
T505398,C100735,1971-02-11,,Hyderabad,"55,080.47",2024-06-23,112722,916.19
T502622,C100489,02-06-90,Male,Mumbai,72526.62,01-Dec-2024,193718,889.4
T503473,C100479,22/10/1980,f,Kolkata,"Rs. 98,501.77",05/06/2024,133229,2344.76
T504076,C100164,1997-11-15,Female,DELHI,"20,966.32",2024-11-13,085532,1791.13
T500713,C100338,1977-03-17,M,Chennai,"34,108.53",14/08/2024,143246,2658.24
T500195,C100381,2000-06-26,Female,AHMEDABAD,"34,569.41",07-Jul-2024,140053,6073.36
T503143,C100724,07-07-82,,Delhi,41634.26,18-Sep-2024,184455,3461.59
T504380,C100451,19-01-02,m,Chennai,24527.13,16/06/2024,145418,443.64
T501394,C100563,17-08-73,,DELHI,,14-Oct-2024,132246,3634.64
T504535,C100758,16/09/1995,f,Pune,8457.46,2024-02-01,002050,4867.27
T500904,C100745,16/11/2002,Female,AHMEDABAD,53359.6,27-Nov-2024,060039,2393.21
T500867,C100042,1968-11-12,Male,mumbai ,41014.43,06/04/2024,103320,1282.4
T501078,C100420,17-09-78,M,DELHI,"Rs. 25,796.51",2024-04-21,223607,652.91
T502607,C100068,22-08-03,,Bengaluru,,22/02/2024,181206,2134.25
T501132,C100431,15-04-62,male,  Surat,"10,914.09",28-Feb-2024,143739,1471.31
T503242,C100749,1/1/1800,m,Mumbai,"372,624.79",17/03/2024,194938,3951.48
T503644,C100631,15/03/1970,M,DELHI,"47,693.35",2024-05-06,000758,"INR 4,247.87"
T502142,C100039,13/06/1975,Female,BANGALORE,"Rs. 269,975.33",17/09/2024,203821,10130.73
T502756,C100593,09-05-75,Male,Ahmedabad,77632.67,18/07/2024,190723,14086.05
T503208,C100622,1963-04-08,male,Pune,"114,620.95",2024-06-23,005334,3041.33
T500377,C100087,22/06/1996,Male,mumbai ,,28-Jun-2024,211441,806.67
T500474,C100161,1999-05-26,Male,LUCKNOW,68566.76,20/07/2024,011302,589.81
T504459,C100733,2001-05-03,f,BANGALORE,"Rs. 244,077.09",2024-11-09,182847,15003.15
T503823,C100217,16-02-60,Male,Pune,"Rs. 18,308.71",2024-03-12,121615,3491.68
T505999,C100609,2035-01-01,Male,MUMBAI,"Rs. 18,375.70",2024-02-21,073511,60.01
T501854,C100696,18/05/1975,m,,295142.68,12/07/2024,014513,2867.71
T505110,C100663,24/03/1961,m,,"600,713.48",24-Feb-2024,064300,11289.7
T504716,C100019,0000-00-00,,Bengaluru,102437.46,2024-05-17,100514,2197.75
T500188,C100056,20/08/1973,M,CHENNAI,"Rs. 116,022.67",25/05/2024,215348,2159.96
T500063,C100608,1978-11-05,M,NAGPUR,"49,274.28",2024-02-05,200054,1176.0
T501107,C100025,1990-02-25,m,Mumbai,14205.21,20/09/2024,141918,330.9
T503690,C100712,1984-12-18,M,NAGPUR,"7,145.18",15/08/2024,222909,2718.81
T503315,C100085,17-10-83,m,Pune,36223.4,04-May-2024,021432,4458.98
T505709,C100210,1956-04-12,female,Delhi,"112,806.44",2024-04-03,050338,13778.2
T500716,C100657,1974-02-08,male,Ahmedabad,"71,006.14",30/04/2024,011804,1561.17
T502744,C100200,07/09/1984,f,Pune,"99,008.06",18-Dec-2024,051302,23938.34
T500328,C100610,03-06-76,m,,"125,370.42",2024-09-04,101312,2198.1
T504338,C100729,18-06-74,M,LUCKNOW,"264,299.97",2024-05-15,201819,10145.91
T504738,C100583,03-06-58,male,NAGPUR,"71,828.00",2024-01-14,051654,1930.47
T500172,C100652,1991-12-20,Male,,"Rs. 58,919.28",11/07/2024,123652,21980.79
T504080,C100195,1999-11-25,F,LUCKNOW,,2024-11-12,170418,"INR 1,632.71"
T501649,C100598,1995-02-20,F,Bengaluru,"Rs. 138,205.32",2024-11-04,155101,1613.46
T505606,C100295,24-01-70,m,Bangalore,"Rs. 25,848.99",2024-03-01,155850,913.87
T502269,C100517,2001-06-26,male,JAIPUR,"53,788.28",2024-01-17,171342,9070.32
T500701,C100396,0000-00-00,m,Bangalore,"8,158.99",27/09/2024,103100,468.81
T501090,C100625,1969-04-02,M,LUCKNOW,21865.24,2024-09-01,190127,2669.87
T504526,C100757,16-06-64,,NAGPUR,"Rs. 128,307.71",23-Nov-2024,071831,2028.65
T504944,C100428,17-03-81,Male,Pune,"163,084.05",23/04/2024,213840,6393.7
T504025,C100498,1999-12-16,M,LUCKNOW,"Rs. 9,148.77",25-Aug-2024,163414,810.53
T502057,C100378,06-11-03,m,CHENNAI,,21-Jan-2024,001510,8021.24
T503371,C100633,16/05/1960,Male,Jaipur,7650.67,02/02/2024,030230,1658.9
T500243,C100583,03-06-58,male,NAGPUR,"71,828.00",2024-12-07,135008,5436.05
T503299,C100590,1974-03-06,male,HYDERABAD,26712.59,2024-01-28,062307,971.04
T505301,C100163,04/08/1970,m,Kolkata,"Rs. 3,126.03",28-Jan-2024,092941,930.1
T505392,C100550,19/08/1986,f,Mumbai,"121,126.01",2024-06-02,232349,17920.66
T503346,C100378,06-11-03,m,CHENNAI,,17/02/2024,013618,5738.23
T503365,C100668,21-07-78,Female,Bangalore,"99,681.03",07-May-2024,024959,4064.49
T502143,C100005,1966-11-23,,mumbai ,"Rs. 44,083.60",24-Aug-2024,082316,1269.28
T501715,C100010,1989-06-09,f,Kolkata,"Rs. 239,001.20",06-Mar-2024,091902,16871.13
T500039,C100159,1997-08-16,male,,"Rs. 37,413.50",2024-05-26,191139,1147.7
T503150,C100015,1994-04-22,M,MUMBAI,,27-Feb-2024,042447,"INR 4,773.49"
T504861,C100525,1969-10-05,F,CHENNAI,"212,533.64",22-Sep-2024,123059,5883.79
T503083,C100377,07/07/1965,m,Bangalore,31307.17,2024-04-06,060251,8116.52
T505222,C100049,07-11-02,f,Pune,"Rs. 26,295.53",19/03/2024,181732,5836.57
T500361,C100668,21-07-78,Female,Bangalore,"99,681.03",12-Mar-2024,021503,1727.44
T505039,C100254,08/06/1964,Female,Ahmedabad,184790.05,01-Nov-2024,222847,7834.08
T504931,C100068,22-08-03,,Bengaluru,,02-Jun-2024,095032,4912.59
T504065,C100277,06-08-78,F,Bengaluru,63815.79,29-Jan-2024,201825,2479.44
T504033,C100035,1992-05-22,male,Mumbai,,24/04/2024,135101,"INR 1,556.61"
T502453,C100497,01-03-70,M,Hyderabad,28147.07,30/10/2024,073343,1510.77
T505789,C100387,16-02-77,M,Kolkata,20501.21,2024-11-01,114034,
T503546,C100354,1965-09-03,Male,Delhi,,14/12/2024,133840,34.13
T501246,C100181,07-08-60,male,Pune,"Rs. 46,982.71",2024-07-13,220716,1166.39
T500444,C100639,08/08/1969,female,mumbai ,7888.88,03/07/2024,023837,
T500640,C100186,06-11-74,F,HYDERABAD,"Rs. 25,324.25",2024-02-19,112001,308.71
T501690,C100453,19-04-68,female,NAGPUR,"Rs. 5,812.48",29-May-2024,132022,2009.43
T501832,C100720,25-12-56,Male,LUCKNOW,"53,994.49",26-Feb-2024,170728,"INR 2,880.89"
T500459,C100140,1964-06-15,,KOLKATA,699519.01,09-Oct-2024,231920,6913.53
T501680,C100370,02-12-01,female,mumbai ,"Rs. 25,951.83",20/11/2024,191809,198.28
T504981,C100378,06-11-03,m,CHENNAI,,31/10/2024,063048,5061.16
T501754,C100696,18/05/1975,m,,295142.68,29-Mar-2024,114627,5684.38
T505940,C100547,20-06-66,F,DELHI,"Rs. 49,530.12",2024-10-21,180329,"INR 1,734.58"
T500587,C100001,03/03/1976,,AHMEDABAD,"43,869.35",2024-04-18,112210,5749.71
T500625,C100334,05/05/1992,,Kolkata,"Rs. 92,365.78",17/04/2024,223735,1078.43
T502039,C100332,1992-09-13,Female,NAGPUR,"Rs. 1,075.32",2024-04-15,210533,2086.33
T503573,C100380,16-03-60,Female,DELHI,,27-Jun-2024,205248,7990.15
T503906,C100726,1966-04-07,m,KOLKATA,"Rs. 213,622.83",28-Feb-2024,202155,3816.88
T501188,C100774,23-09-67,f,Pune,"Rs. 10,948.71",09-Aug-2024,164441,555.47
T504120,C100230,2035-01-01,Female,Chennai,"Rs. 17,144.19",2024-08-26,191906,1927.82
T500735,C100434,20-02-74,,HYDERABAD,17342.63,2024-08-09,213139,1446.08
T502629,C100671,18/02/1957,M,mumbai ,60107.96,15/02/2024,145135,3352.69
T501955,C100517,2001-06-26,male,JAIPUR,"53,788.28",2024-11-06,114637,"INR 5,932.81"
T504233,C100152,26/12/2001,,Jaipur,"Rs. 4,579.54",28/02/2024,160213,399.29
T505645,C100541,13-01-74,male,Ahmedabad,"186,265.55",2024-05-17,161924,1577.88
T502513,C100532,2004-12-08,M,Ahmedabad,,2024-11-03,090433,1901.0
T503027,C100049,07-11-02,f,Pune,"Rs. 26,295.53",18/10/2024,025314,978.85
T504617,C100776,1964-07-01,female,Bangalore,"Rs. 31,244.52",17/11/2024,115810,3472.62
T503885,C100288,08/09/1992,,AHMEDABAD,"35,907.23",05-Nov-2024,201635,2375.4
T500336,C100311,02/01/1973,F,HYDERABAD,63960.0,27/03/2024,012443,2988.45
T503433,C100345,01-05-83,f,KOLKATA,12276.92,15-Nov-2024,212939,926.58
T502967,C100580,1993-07-18,f,Mumbai,29452.82,30/05/2024,193828,163.96
T503643,C100764,1966-06-14,M,Jaipur,62112.48,25-Jul-2024,052848,7661.94
T500279,C100253,27/03/1978,male,Bangalore,"Rs. 107,511.50",22/01/2024,092018,"INR 5,335.70"
T503859,C100641,15-09-04,M,PUNE,"23,713.23",29/03/2024,000936,2005.97
T502725,C100085,17-10-83,m,Pune,36223.4,05-Jan-2024,125723,273494.0
T503895,C100291,1975-08-14,Female,Pune,,19/09/2024,052453,1471.52
T500876,C100618,10/10/1967,Female,  Surat,29639.57,23/04/2024,231942,
T505707,C100078,19/07/1963,female,Chennai,51575.85,13-Jul-2024,004933,1010.68
T503153,C100564,18/09/1959,Female,Ahmedabad,"33,632.16",31/07/2024,192900,1578.59
T503414,C100654,15-10-79,M,Bengaluru,55160.82,2024-05-22,213836,INR 881.69
T503170,C100589,24-11-75,female,CHENNAI,"101,026.53",14-Feb-2024,110832,"INR 9,789.71"
T505598,C100138,1972-07-16,Female,Bengaluru,13258.49,2024-04-20,034051,708.26
T500138,C100520,1979-07-13,male,Bengaluru,"Rs. 57,394.34",2024-07-11,101757,"INR 4,112.41"
T502735,C100203,01/02/2002,female,KOLKATA,3361.7,25/07/2024,224525,4328.11
T502900,C100117,24/02/1977,M,,"Rs. 29,662.35",2024-02-26,202153,1074.9
T500504,C100012,12/10/1993,F,,"Rs. 50,102.02",2024-11-09,155406,576.02
T501925,C100280,1996-03-06,male,KOLKATA,"61,078.77",10/08/2024,085116,3053.05
T502383,C100479,22/10/1980,f,Kolkata,"Rs. 98,501.77",10-Jun-2024,004439,8311.7
T502352,C100050,09/01/1981,male,,"Rs. 3,008.14",2024-04-30,151723,257.78
T504450,C100741,24/04/1966,m,Kolkata,32097.85,28-Jan-2024,171737,466.76
T500913,C100484,1984-05-17,male,JAIPUR,12346.88,10/05/2024,015413,791.89
T504108,C100317,05-03-83,,  Surat,"27,760.80",2024-12-25,200606,3326.38
T505641,C100100,05-03-84,female,Bengaluru,21883.94,2024-10-07,121216,409.1
T500120,C100032,16/10/1977,female,Kolkata,"27,810.10",02/12/2024,011201,5880.71
T500387,C100199,12-08-83,male,Mumbai,71799.72,18-Jul-2024,103610,"INR 1,998.90"
T504094,C100431,15-04-62,male,  Surat,"10,914.09",22-Nov-2024,003909,376.7
T505181,C100397,02-12-81,F,MUMBAI,1686.42,08/11/2024,173721,997.46
T500037,C100412,1985-02-10,,MUMBAI,"Rs. 21,748.09",01-Nov-2024,060934,4246.18
T504553,C100247,17/05/1986,female,,"60,362.87",2024-06-26,175250,960.61
T502587,C100010,1989-06-09,f,Kolkata,"Rs. 239,001.20",2024-05-03,051605,2288.55
T501457,C100597,1972-02-09,female,Pune,30467.88,14-Jan-2024,184738,2045.49
T505933,C100346,22/08/1993,M,PUNE,"134,207.78",30/03/2024,090417,2060.42
T505409,C100093,15/10/1965,f,,"157,865.54",2024-07-15,153715,10971.56
T501263,C100331,09-04-84,Male,Delhi,139917.52,2024-06-12,215839,1846.47
T501584,C100732,2001-02-04,F,Chennai,"Rs. 14,056.12",28-May-2024,181949,218.12
T501086,C100208,05-05-66,f,Bangalore,16479.19,27-Mar-2024,075111,2144.71
T502862,C100455,,female,  Surat,9423.4,30/10/2024,074705,2619.23
T504717,C100658,1996-06-17,female,Chennai,"62,261.48",10-Apr-2024,225548,8042.68
T502001,C100142,20-07-97,female,Jaipur,,17-Oct-2024,124107,2196.01
T505907,C100082,15-12-75,,Hyderabad,"Rs. 3,621.26",2024-04-29,182300,529.43
T505898,C100670,26/10/1983,female,MUMBAI,371867.09,18-Jun-2024,223842,9247.69
T505261,C100170,25-08-86,Male,Delhi,36174.63,29-May-2024,202138,1326.91
T504853,C100527,19-04-72,male,AHMEDABAD,"Rs. 6,830.51",2024-10-09,105151,728.74
T502441,C100065,18/02/2001,M,Delhi,55990.05,21-Jul-2024,134825,3294.74
T505133,C100435,1982-06-13,,DELHI,"Rs. 58,275.09",23/02/2024,121540,1018.25
T500147,C100532,2004-12-08,M,Ahmedabad,,2024-06-21,073713,646.75
T501521,C100350,06/05/1984,Male,Bengaluru,,2024-04-17,110658,3727.0
T504654,C100167,1989-06-12,Female,Bangalore,"Rs. 11,248.70",10-Jun-2024,070033,"INR 4,330.71"
T502215,C100757,16-06-64,,NAGPUR,"Rs. 128,307.71",2024-08-08,205331,-8537.47
T503966,C100401,22-12-97,female,Chennai,"24,925.63",06/05/2024,210128,186.0
T502026,C100545,14/11/1965,F,Mumbai,76933.29,15/04/2024,103623,8634.19
T504083,C100681,15/05/1967,female,LUCKNOW,"239,151.47",02-Sep-2024,102504,10440.02
T501281,C100740,22-08-78,F,JAIPUR,,13/10/2024,114323,2993.79
T500035,C100019,0000-00-00,,Bengaluru,102437.46,05-Sep-2024,210847,2644.16
T500631,C100538,1970-11-08,Male,Ahmedabad,,02-Aug-2024,191213,428.92
T505797,C100545,14/11/1965,F,Mumbai,76933.29,2024-11-03,044040,3671.21
T502038,C100164,1997-11-15,Female,DELHI,"20,966.32",03/06/2024,035721,2542.63
T502557,C100143,1981-07-23,M,PUNE,"241,385.44",26/04/2024,175412,13418.68
T505449,C100664,09/01/1987,,Mumbai,99475.96,2024-09-14,223528,2421.13
T500728,C100457,23/11/1991,M,Hyderabad,"46,885.90",30/10/2024,174848,1851.76
T504573,C100339,20/04/1966,male,PUNE,"Rs. 62,182.35",27-Feb-2024,152155,296.93
T503122,C100134,1959-04-17,Male,HYDERABAD,12808.18,01-Dec-2024,173842,"INR 1,090.66"
T501940,C100387,16-02-77,M,Kolkata,20501.21,2024-01-02,002333,13097.26
T504264,C100560,01-01-1900,female,Jaipur,25797.87,18/08/2024,155854,"INR 10,734.70"
T505804,C100145,09-09-69,,Mumbai,,18/06/2024,005940,4127.63
T500453,C100749,1/1/1800,m,Mumbai,"372,624.79",2024-04-15,164954,19536.74
T501056,C100111,13/02/1961,f,Bengaluru,31428.6,10-May-2024,015738,341.17
T504935,C100174,1972-07-21,m,Bengaluru,97279.18,15-May-2024,163025,"INR 3,629.15"
T501981,C100202,1976-08-09,female,  Surat,"Rs. 57,912.50",16/05/2024,215313,1493.63
T502427,C100196,17/08/1965,Female,Hyderabad,"Rs. 24,873.57",10/06/2024,162522,INR 515.24
T502642,C100046,27-11-85,female,DELHI,4232.4,04-Mar-2024,082016,INR 335.18
T501058,C100202,1976-08-09,female,  Surat,"Rs. 57,912.50",2024-01-23,124648,1553.32
T504002,C100051,21/02/1976,m,PUNE,"169,367.84",05-Jul-2024,221815,2875.9
T503111,C100653,1965-06-07,f,AHMEDABAD,"Rs. 305,029.15",08/01/2024,235010,7520.57
T502236,C100437,10/05/1977,female,PUNE,"Rs. 58,587.83",2024-12-13,185311,331.1
T503119,C100143,1981-07-23,M,PUNE,"241,385.44",03/08/2024,124402,12458.8
T505045,C100670,26/10/1983,female,MUMBAI,371867.09,04-Oct-2024,013540,926.3
T501675,C100067,2035-01-01,,JAIPUR,"Rs. 36,368.89",2024-09-30,234113,615.59
T502092,C100286,16-05-81,female,Jaipur,28080.8,2024-03-19,141610,1521.57
T504491,C100490,23-01-92,m,LUCKNOW,,23-Feb-2024,223606,6130.68
T501651,C100619,27/10/1979,F,Jaipur,"618,590.11",2024-02-09,062332,6204.85
T505956,C100727,1978-08-19,female,JAIPUR,"Rs. 123,863.27",09/01/2024,214737,181.97
T501447,C100275,04/05/1965,female,BANGALORE,"175,954.66",2024-07-13,031306,3487.46
T501874,C100540,17-07-56,Female,HYDERABAD,73271.8,11-Dec-2024,134102,31.0
T503213,C100622,1963-04-08,male,Pune,"114,620.95",2024-05-03,200449,7811.83
T500448,C100638,15-09-86,Female,CHENNAI,39836.78,18/07/2024,040700,2574.04
T500207,C100328,1993-09-23,f,mumbai ,"138,849.89",23/05/2024,051525,22906.17
T504589,C100127,24/03/1957,Male,Jaipur,,04/03/2024,091703,1218.16
T504117,C100636,07/07/1969,female,  Surat,"Rs. 52,253.95",2024-11-24,032949,5506.71
T503086,C100188,1981-12-18,m,PUNE,"34,870.27",2024-08-05,161633,2243.0
T500981,C100475,01-01-1900,Female,Bengaluru,"89,827.75",2024-04-17,115022,1570.67
T502522,C100125,1962-01-08,Male,mumbai ,"17,605.36",10/07/2024,092732,371.41
T503168,C100063,2001-02-14,f,CHENNAI,"67,715.00",22/07/2024,013810,933.99
T504204,C100298,19-04-68,male,mumbai ,12653.3,13/01/2024,234457,1491.98
T500932,C100767,0000-00-00,F,,70068.58,2024-12-30,062209,3895.87
T503609,C100637,09-04-89,F,PUNE,,22-Feb-2024,032323,5486.82
T500085,C100455,,female,  Surat,9423.4,24/01/2024,161305,813.0
T503037,C100078,19/07/1963,female,Chennai,51575.85,10/04/2024,025722,5451.41
T505743,C100541,13-01-74,male,Ahmedabad,"186,265.55",26/06/2024,220056,2411.86
T504425,C100279,1957-08-17,Male,Jaipur,"45,765.21",30/06/2024,024116,3995.87
T502938,C100093,15/10/1965,f,,"157,865.54",22/08/2024,061104,20908.99
T501729,C100350,06/05/1984,Male,Bengaluru,,2024-07-13,025639,18435.76
T502584,C100114,22-09-77,Female,LUCKNOW,,04-Oct-2024,035450,1248.52
T501670,C100223,01-11-75,female,NAGPUR,7196.01,26-Feb-2024,123558,737.49
T500800,C100021,1996-01-24,m,Hyderabad,51078.01,2024-12-03,094919,11562.04
T503329,C100788,17/10/1965,male,Bengaluru,"Rs. 40,994.26",2024-03-29,061625,141.92
T504530,C100724,07-07-82,,Delhi,41634.26,31-May-2024,012237,4041.62
T503559,C100160,02-08-87,m,,"4,045.62",05/04/2024,095313,743.06
T503256,C100376,1973-09-05,,Delhi,,2024-11-22,163528,4909.32
T503320,C100270,21-01-63,m,KOLKATA,"Rs. 40,183.80",19/12/2024,223212,567.81
T505360,C100107,1982-06-20,M,Hyderabad,,09/05/2024,113802,
T501514,C100064,26/04/1981,male,LUCKNOW,,07/10/2024,122851,608.28
T503991,C100686,03-05-75,F,Delhi,,21-Jan-2024,115301,773.48
T505978,C100599,1960-07-23,m,  Surat,"8,719.83",09-Jan-2024,175833,-663.07
T505310,C100585,20-01-65,F,CHENNAI,"Rs. 51,724.58",07-Aug-2024,195142,2152.13
T504739,C100162,1997-09-24,m,Delhi,"Rs. 42,810.30",09-Nov-2024,002132,4065.33
T505826,C100664,09/01/1987,,Mumbai,99475.96,14/08/2024,061740,1322.93
T503351,C100222,1969-03-14,F,LUCKNOW,"77,445.15",2024-11-13,051358,4225.53
T501178,C100727,1978-08-19,female,JAIPUR,"Rs. 123,863.27",2024-06-01,132653,423.69
T501699,C100168,1970-05-08,f,BANGALORE,"Rs. 7,540.90",11/05/2024,232310,249.71
T502354,C100345,01-05-83,f,KOLKATA,12276.92,2024-10-23,160546,2939.45
T502293,C100161,1999-05-26,Male,LUCKNOW,68566.76,14-Feb-2024,230101,1938.83
T505389,C100280,1996-03-06,male,KOLKATA,"61,078.77",2024-05-03,140917,8631.22
T501767,C100147,17-03-97,male,Mumbai,"34,392.46",07-May-2024,225406,6069.96
T500723,C100172,18-12-91,,LUCKNOW,180835.83,2024-01-19,231302,4745.95
T502971,C100185,1990-08-13,f,Kolkata,"Rs. 119,141.06",10-Aug-2024,213101,4501.32
T504421,C100663,24/03/1961,m,,"600,713.48",28/01/2024,035917,4971.42
T505188,C100517,2001-06-26,male,JAIPUR,"53,788.28",05-Jun-2024,111334,4566.44
T502153,C100733,2001-05-03,f,BANGALORE,"Rs. 244,077.09",30-Jul-2024,055906,1228.49
T503988,C100097,26/02/1991,f,PUNE,6498.69,24/05/2024,082235,INR 803.90
T501730,C100651,02/01/1989,female,Chennai,"79,050.49",02/03/2024,120609,5234.49
T503008,C100550,19/08/1986,f,Mumbai,"121,126.01",2024-08-19,072049,6252.92
T504568,C100028,26/05/1973,,HYDERABAD,,12-Feb-2024,144646,6252.13
T504391,C100636,07/07/1969,female,  Surat,"Rs. 52,253.95",04/01/2024,052001,1352.61
T500314,C100026,1980-06-13,f,Bangalore,"42,425.02",09/06/2024,132818,
T502161,C100435,1982-06-13,,DELHI,"Rs. 58,275.09",2024-08-04,055347,4425.6
T502346,C100094,20/03/1981,f,Bangalore,50521.45,20-Apr-2024,183215,2990.35
T503545,C100773,10-04-82,,KOLKATA,,2024-01-27,235200,3019.2
T503479,C100423,23/10/2004,M,CHENNAI,"138,103.22",11/01/2024,152917,2524.25
T505438,C100397,02-12-81,F,MUMBAI,1686.42,11/06/2024,145208,579.19
T500004,C100610,03-06-76,m,,"125,370.42",14/03/2024,194541,1475.46
T500766,C100083,11-01-60,f,Hyderabad,"7,606.81",13/09/2024,000844,2954.64
T502586,C100010,1989-06-09,f,Kolkata,"Rs. 239,001.20",2024-09-26,174744,14335.07
T504979,C100791,19/10/1986,Female,Kolkata,91747.28,2024-03-13,084605,23862.69
T501402,C100175,1997-06-09,,Jaipur,"66,674.74",04-Jan-2024,133755,1001.7
T501444,C100373,05/09/1971,m,Ahmedabad,"Rs. 1,842.75",07/03/2024,184615,972.52
T500622,C100692,1971-01-16,male,  Surat,,15/09/2024,135017,11156.75
T500026,C100753,05/12/1958,Male,Ahmedabad,,2024-02-14,163603,858.16
T504660,C100753,05/12/1958,Male,Ahmedabad,,2024-02-01,095708,10268.14
T504225,C100189,16/02/1969,female,MUMBAI,"7,756.98",21-Sep-2024,035637,1044.7
T505942,C100419,14-06-59,M,DELHI,26055.1,2024-12-28,055437,INR 764.26
T502410,C100131,2002-07-19,F,HYDERABAD,114687.04,2024-07-28,154100,7899.18
T505842,C100079,20-07-04,M,Delhi,"Rs. 80,811.92",23/10/2024,214411,1160.2
T505644,C100051,21/02/1976,m,PUNE,"169,367.84",11-Jan-2024,092646,361.73
T501796,C100061,20-01-84,Male,MUMBAI,"13,029.33",26/11/2024,214606,1069.36
T502055,C100097,26/02/1991,f,PUNE,6498.69,14-Jul-2024,053421,INR 827.04
T504368,C100408,1983-01-10,m,Mumbai,30500.46,2024-09-19,170156,3996.99
T502331,C100622,1963-04-08,male,Pune,"114,620.95",21/07/2024,164822,9824.34
T502639,C100542,05-07-95,M,PUNE,"27,050.64",14/02/2024,095952,1714.62
T505669,C100466,08-03-65,M,Mumbai,11590.04,2024-08-18,205914,1699.61
T505159,C100321,06-06-63,Male,Bangalore,66868.65,06-Dec-2024,004829,"INR 2,902.68"
T500130,C100512,19/08/1986,m,,"Rs. 88,055.27",2024-10-29,190835,3818.57
T502551,C100579,2003-08-07,female,Jaipur,"Rs. 200,313.27",23/01/2024,174821,
T504879,C100043,15/11/1955,female,CHENNAI,"Rs. 3,931.81",2024-09-08,065128,533.98
T502773,C100092,2000-06-15,m,Ahmedabad,,21/02/2024,061524,"INR 2,379.92"
T502978,C100327,1959-06-23,,Bangalore,,17/11/2024,013258,726.24
T502374,C100560,01-01-1900,female,Jaipur,25797.87,23/12/2024,063729,465.92
T502759,C100243,26-10-81,male,Ahmedabad,16321.79,15/04/2024,142157,2004.84
T505186,C100472,07/01/2000,m,Chennai,13195.64,30-Jul-2024,144916,1407.06
T503706,C100512,19/08/1986,m,,"Rs. 88,055.27",2024-07-22,051343,17935.75
T501538,C100014,1995-01-22,M,LUCKNOW,72097.18,14/05/2024,141621,4015.34
T500541,C100044,1962-08-19,male,Hyderabad,"43,950.32",2024-01-24,065130,"INR 3,143.12"
T505676,C100662,09-10-70,Male,Mumbai,64116.87,2024-05-04,075334,2662.35
T504920,C100588,2003-09-24,,KOLKATA,"Rs. 10,922.29",18-Mar-2024,014231,3395.85
T501585,C100668,21-07-78,Female,Bangalore,"99,681.03",2024-03-15,211623,10591.24
T504906,C100759,08-06-83,f,,,2024-08-20,114901,"INR 7,303.83"
T500383,C100328,1993-09-23,f,mumbai ,"138,849.89",23-Mar-2024,005731,3617.62
T500512,C100525,1969-10-05,F,CHENNAI,"212,533.64",2024-01-21,055930,5404.93
T502568,C100603,12/05/2000,M,PUNE,"3,993.34",11/01/2024,072033,481.78
T501085,C100310,23-08-84,male,HYDERABAD,"323,760.11",16-Oct-2024,033039,"INR 9,629.36"
T500699,C100535,12-02-81,f,CHENNAI,10577.18,2024-09-24,141121,3301.67
T501453,C100094,20/03/1981,f,Bangalore,50521.45,2024-11-02,171745,5731.23
T505283,C100679,10-11-58,m,Kolkata,39458.8,2024-10-04,190324,8127.08
T503554,C100258,26-05-00,Male,,"Rs. 16,944.13",2024-10-06,235701,205.33
T502720,C100721,01-04-84,f,Delhi,9140.35,03-Feb-2024,225324,215.72
T500580,C100622,1963-04-08,male,Pune,"114,620.95",21/11/2024,011411,5403.01
T503177,C100443,13/05/2004,Female,NAGPUR,102909.31,2024-07-20,001435,107.57
T504457,C100705,03/12/1964,f,Bengaluru,"92,850.20",31/01/2024,030948,3409.06
T502730,C100653,1965-06-07,f,AHMEDABAD,"Rs. 305,029.15",04-Jun-2024,184748,3170.9
T504358,C100589,24-11-75,female,CHENNAI,"101,026.53",24/12/2024,014201,9370.45
T500916,C100705,03/12/1964,f,Bengaluru,"92,850.20",18-Jun-2024,025635,2093.52
T504486,C100707,17-12-93,f,DELHI,19040.78,07/06/2024,075514,"INR 1,526.30"
T504321,C100291,1975-08-14,Female,Pune,,30-Jan-2024,092601,1735.88
T502190,C100291,1975-08-14,Female,Pune,,23/11/2024,210049,439.49
T500760,C100777,05-10-71,M,HYDERABAD,"13,106.62",21-Feb-2024,202631,317.14
T500770,C100682,1/1/1800,Female,NAGPUR,16190.39,2024-04-03,093839,INR 151.06
T502711,C100317,05-03-83,,  Surat,"27,760.80",2024-10-25,211221,"INR 3,245.36"
T504291,C100412,1985-02-10,,MUMBAI,"Rs. 21,748.09",16-Aug-2024,140231,2713.63
T502523,C100755,15/07/1975,f,Hyderabad,,2024-07-13,181222,2723.88
T503437,C100411,1980-10-24,F,LUCKNOW,"2,108.17",06-Aug-2024,203029,
T504265,C100406,09-01-59,Female,Chennai,"Rs. 70,730.83",2024-09-06,220745,3389.08
T504719,C100028,26/05/1973,,HYDERABAD,,15/12/2024,170628,5080.2
T501114,C100254,08/06/1964,Female,Ahmedabad,184790.05,2024-06-30,063752,9979.93
T504867,C100109,18-05-61,male,MUMBAI,"83,476.96",2024-12-20,094835,534.51
T500798,C100006,1990-05-02,female,Bangalore,"Rs. 40,563.16",13/05/2024,005608,2935.96
T503061,C100387,16-02-77,M,Kolkata,20501.21,06/09/2024,051413,2198.92
T502436,C100515,13/10/1997,Male,CHENNAI,48437.97,16/11/2024,041012,728.14
T503544,C100266,05/08/1960,f,  Surat,"201,021.76",10/12/2024,083401,"INR 9,727.62"
T505504,C100754,13-01-76,m,BANGALORE,"Rs. 22,979.83",10-Jan-2024,035749,863.18
T500680,C100398,14-03-94,male,LUCKNOW,"Rs. 16,335.93",2024-02-09,233540,241.16
T502728,C100163,04/08/1970,m,Kolkata,"Rs. 3,126.03",27/06/2024,073541,697.27
T503176,C100112,1984-02-13,,CHENNAI,,09-Mar-2024,011459,1080.69
T503416,C100766,11/12/2004,F,Hyderabad,73693.65,18-Jul-2024,043330,4537.45
T501802,C100705,03/12/1964,f,Bengaluru,"92,850.20",10-Jun-2024,080520,667.75
T500342,C100468,04-04-68,Male,Chennai,84203.67,23/07/2024,130511,2695.71
T505281,C100090,11/06/1973,male,Pune,"17,694.21",03/07/2024,220358,2345.38
T502387,C100649,1959-03-08,,DELHI,"Rs. 342,978.92",02/07/2024,131925,"INR 4,910.35"
T505866,C100438,20-05-72,F,Bengaluru,,10/02/2024,233116,3668.06
T501701,C100503,12/08/1956,F,Pune,"146,446.03",2024-02-16,135938,3650.73
T502553,C100795,1986-10-21,female,Pune,"Rs. 43,684.44",11/05/2024,143631,1048.29
T500140,C100281,01/10/2001,Male,HYDERABAD,2716.26,18-Dec-2024,135656,
T501310,C100591,1975-05-16,Male,Jaipur,"31,294.72",2024-09-05,084536,6393.2
T505420,C100349,,Female,PUNE,"397,135.49",2024-01-20,034549,3836.97
T503075,C100681,15/05/1967,female,LUCKNOW,"239,151.47",08-Oct-2024,065350,-20242.21
T503004,C100311,02/01/1973,F,HYDERABAD,63960.0,2024-11-02,195048,2251.16
T500227,C100612,22-09-87,,JAIPUR,378740.24,2024-03-15,065152,7459.08
T502816,C100047,11/07/1966,female,Hyderabad,22419.5,2024-05-02,153516,738.48
T500578,C100729,18-06-74,M,LUCKNOW,"264,299.97",18-Apr-2024,171407,1713.57
T504811,C100435,1982-06-13,,DELHI,"Rs. 58,275.09",02/04/2024,204226,"INR 2,815.70"
T502021,C100518,1981-02-02,Female,Pune,17929.39,22-Jan-2024,084215,866.19
T505629,C100153,04-08-82,f,LUCKNOW,"379,373.89",2024-11-01,162350,1538.16
T502705,C100343,11-02-92,female,mumbai ,"60,102.72",24/11/2024,140243,6063.28
T500163,C100509,1977-09-18,m,BANGALORE,26256.74,13-Apr-2024,102042,281.45
T503426,C100396,0000-00-00,m,Bangalore,"8,158.99",2024-05-28,153533,956.64
T504435,C100280,1996-03-06,male,KOLKATA,"61,078.77",2024-08-23,052403,2087.66
T501741,C100391,1973-01-06,female,Jaipur,18082.92,09/01/2024,135947,3427.55
T502684,C100327,1959-06-23,,Bangalore,,2024-10-13,023117,322.2
T503634,C100331,09-04-84,Male,Delhi,139917.52,03-Oct-2024,173305,13979.83
T501489,C100731,1992-02-17,M,HYDERABAD,,2024-06-20,092938,3118.98
T503738,C100690,21-04-58,Male,BANGALORE,"Rs. 120,392.94",2024-08-31,221421,5775.06
T502388,C100688,21/10/2001,Male,Hyderabad,"Rs. 28,109.11",20/03/2024,042404,405.16
T502933,C100203,01/02/2002,female,KOLKATA,3361.7,04/11/2024,144134,854.9
T505477,C100144,03/01/1996,F,Chennai,"63,913.10",2024-03-20,183544,878.85
T504010,C100387,16-02-77,M,Kolkata,20501.21,24-Apr-2024,050441,6218.61
T503250,C100536,07-01-64,m,JAIPUR,"17,092.33",2024-01-17,014920,29.71
T500427,C100513,1992-06-02,F,Bengaluru,14786.27,2024-11-10,183143,2660.2
T505312,C100436,06-10-60,F,Jaipur,"Rs. 93,354.27",2024-10-26,014854,8320.17
T505846,C100149,2004-10-19,f,mumbai ,31910.38,2024-02-14,161009,4909.55
T500449,C100199,12-08-83,male,Mumbai,71799.72,07/05/2024,063459,3332.48
T503262,C100745,16/11/2002,Female,AHMEDABAD,53359.6,2024-03-07,144747,-1696.17
T505453,C100516,14/07/1982,F,,"98,173.58",2024-06-06,054900,1964.92
T505230,C100071,04-06-01,male,Pune,"Rs. 7,466.77",2024-02-25,011347,1717.3
T504373,C100390,18-11-59,f,DELHI,5005.43,2024-06-29,120301,"INR 1,190.11"
T500313,C100698,03/10/1986,M,mumbai ,"Rs. 186,379.37",01/05/2024,163054,3850.96
T504189,C100050,09/01/1981,male,,"Rs. 3,008.14",28/12/2024,071823,14860.0
T503920,C100387,16-02-77,M,Kolkata,20501.21,2024-04-01,004650,2109.27
T500369,C100210,1956-04-12,female,Delhi,"112,806.44",2024-01-16,144003,2561.65
T503059,C100065,18/02/2001,M,Delhi,55990.05,21-Jan-2024,214011,21645.4
T502667,C100338,1977-03-17,M,Chennai,"34,108.53",17/03/2024,030701,8941.79
T504074,C100384,1998-07-13,Female,KOLKATA,"Rs. 102,416.63",2024-10-20,202045,1348.18
T500664,C100143,1981-07-23,M,PUNE,"241,385.44",2024-08-31,120528,16724.67
T502554,C100166,06-04-86,M,NAGPUR,"8,813.64",2024-05-20,151312,398.9
T503961,C100531,13-12-67,Male,CHENNAI,"Rs. 38,254.58",02-Jan-2024,044108,1212.02
T504528,C100357,06/01/1977,female,MUMBAI,76877.42,10-Jul-2024,030843,
T503548,C100698,03/10/1986,M,mumbai ,"Rs. 186,379.37",16/03/2024,220125,7772.06
T502713,C100368,1991-10-16,F,Jaipur,"144,315.15",2024-12-16,060946,24580.43
T505834,C100674,02/05/1998,male,Pune,3566.68,12/03/2024,110540,1269.19
T504230,C100178,1996-12-02,female,mumbai ,"Rs. 18,046.45",2024-09-16,102102,"INR 8,149.82"
T503028,C100749,1/1/1800,m,Mumbai,"372,624.79",2024-05-08,122811,1565.89
T504348,C100215,25-01-62,Male,Jaipur,51679.23,09/08/2024,163059,245.37
T504696,C100735,1971-02-11,,Hyderabad,"55,080.47",10-Nov-2024,082211,1238.9
T502845,C100546,20/05/1993,male,DELHI,"Rs. 76,684.14",08-Mar-2024,224333,1350.8
T500678,C100431,15-04-62,male,  Surat,"10,914.09",2024-09-25,043452,775.87
T503938,C100199,12-08-83,male,Mumbai,71799.72,28-Sep-2024,110520,8457.18
T500126,C100316,1994-03-18,male,mumbai ,11959.24,2024-01-25,222816,2522.29
T502928,C100564,18/09/1959,Female,Ahmedabad,"33,632.16",18/11/2024,120833,8186.0
T501547,C100173,2003-09-18,Female,PUNE,"Rs. 28,296.42",03-Mar-2024,111542,9521.73
T505657,C100234,15-03-98,female,Chennai,59188.47,23-Nov-2024,093435,-425.4
T504648,C100135,1976-12-12,Female,mumbai ,,12-Dec-2024,014800,4515.74
T501921,C100027,17-08-89,,AHMEDABAD,"Rs. 11,262.83",03/11/2024,135418,2957.1
T503910,C100078,19/07/1963,female,Chennai,51575.85,27-Jan-2024,214840,8050.67
T504978,C100584,27/02/1997,F,Chennai,"16,020.27",2024-10-11,020321,820.66
T504974,C100299,2003-07-15,Male,Jaipur,,13-Apr-2024,152945,2358.12
T500370,C100274,1973-07-26,Male,Kolkata,,27/04/2024,010144,"INR 2,625.34"
T504529,C100244,24-09-83,female,DELHI,,28/05/2024,132852,INR 250.13
T504635,C100400,17/12/1961,female,Pune,,27/08/2024,232214,1567.11
T501272,C100303,1973-06-05,male,BANGALORE,"16,218.38",2024-06-23,201133,220.22
T500285,C100305,1995-05-22,m,DELHI,"6,386.69",17/03/2024,050022,178.61
T500095,C100346,22/08/1993,M,PUNE,"134,207.78",2024-11-05,100500,2764.85
T501170,C100724,07-07-82,,Delhi,41634.26,2024-02-11,150756,2240.35
T503235,C100504,1999-12-20,M,Jaipur,97634.59,01-Sep-2024,054200,9567.08
T504290,C100510,2000-03-08,F,Ahmedabad,"235,563.00",26-Jul-2024,093156,9079.08
T501228,C100601,26/01/1967,m,Bengaluru,5370.73,09/09/2024,081756,1442.81
T502242,C100519,1980-12-10,M,KOLKATA,103786.19,2024-07-03,104551,7070.27
T502609,C100047,11/07/1966,female,Hyderabad,22419.5,13/03/2024,212403,334762.0
T505254,C100434,20-02-74,,HYDERABAD,17342.63,18/04/2024,153620,870.93
T500171,C100328,1993-09-23,f,mumbai ,"138,849.89",30/11/2024,145010,2677.75
T502589,C100522,20-07-55,Male,CHENNAI,"35,215.42",2024-07-10,095014,"INR 1,402.69"
T502610,C100569,06/08/1967,,KOLKATA,,25-Feb-2024,081532,INR 894.43
T501003,C100663,24/03/1961,m,,"600,713.48",11/04/2024,142819,2888.42
T502748,C100727,1978-08-19,female,JAIPUR,"Rs. 123,863.27",2024-04-04,194642,1767.19
T505523,C100214,1998-09-06,F,LUCKNOW,"Rs. 68,205.42",21-Sep-2024,204139,1239.61
T505755,C100632,02/08/1999,Female,Chennai,70747.64,05/09/2024,201308,"INR 1,484.50"
T503234,C100394,04-11-57,m,DELHI,27830.78,11/03/2024,103643,165.43
T503125,C100283,1977-10-18,M,  Surat,"Rs. 54,219.80",12/08/2024,012154,5219.3
T502614,C100021,1996-01-24,m,Hyderabad,51078.01,13/07/2024,035114,1565.66
T500250,C100290,11/09/1991,,DELHI,"Rs. 21,647.56",05/05/2024,192616,1534.04
T502481,C100649,1959-03-08,,DELHI,"Rs. 342,978.92",2024-12-20,013635,2441.04
T505165,C100418,1960-01-14,,HYDERABAD,,2024-08-09,102252,11665.62
T502880,C100494,07-10-99,M,AHMEDABAD,11661.72,2024-02-01,120139,INR 519.25
T500048,C100625,1969-04-02,M,LUCKNOW,21865.24,25/04/2024,212945,6222.02
T501352,C100664,09/01/1987,,Mumbai,99475.96,2024-03-02,075912,1168.65
T500111,C100674,02/05/1998,male,Pune,3566.68,08-Dec-2024,231835,1532.14
T503686,C100764,1966-06-14,M,Jaipur,62112.48,2024-09-15,191000,6261.43
T500950,C100603,12/05/2000,M,PUNE,"3,993.34",22/08/2024,160208,INR 956.12
T500193,C100310,23-08-84,male,HYDERABAD,"323,760.11",09-Jun-2024,224600,3873.77
T502680,C100533,05/07/1959,,LUCKNOW,11799.16,2024-02-03,194030,532.15
T500612,C100608,1978-11-05,M,NAGPUR,"49,274.28",2024-07-11,080900,-1764.36
T503465,C100065,18/02/2001,M,Delhi,55990.05,22-Apr-2024,202249,18887.06
T502843,C100039,13/06/1975,Female,BANGALORE,"Rs. 269,975.33",03/01/2024,025646,3652.74
T500152,C100356,23-02-61,Male,MUMBAI,"Rs. 62,027.26",27-Dec-2024,072619,1771.64
T500109,C100637,09-04-89,F,PUNE,,18-Apr-2024,010028,1022.55
T505330,C100438,20-05-72,F,Bengaluru,,31-Oct-2024,060229,"INR 4,521.54"
T500672,C100044,1962-08-19,male,Hyderabad,"43,950.32",15/01/2024,133417,5344.62
T503998,C100243,26-10-81,male,Ahmedabad,16321.79,2024-02-10,202008,2292.96
T505266,C100737,03/06/1961,f,Delhi,"Rs. 71,291.17",13-Mar-2024,072947,3874.46
T505969,C100428,17-03-81,Male,Pune,"163,084.05",08/02/2024,083948,2827.01
T503070,C100371,1960-12-25,m,Pune,10182.0,2024-07-20,130312,253.1
T505103,C100408,1983-01-10,m,Mumbai,30500.46,2024-09-29,215335,5464.39
T503353,C100217,16-02-60,Male,Pune,"Rs. 18,308.71",2024-10-05,013032,1222.09
T502370,C100583,03-06-58,male,NAGPUR,"71,828.00",16-May-2024,162239,599.05
T503730,C100028,26/05/1973,,HYDERABAD,,2024-08-25,125605,2339.85
T504840,C100223,01-11-75,female,NAGPUR,7196.01,2024-09-15,182729,2820.89
T501308,C100559,04/12/2001,,Mumbai,"83,977.32",25-Jan-2024,101833,2235.19
T501157,C100653,1965-06-07,f,AHMEDABAD,"Rs. 305,029.15",28-Nov-2024,083701,14789.47
T504469,C100748,05/07/1989,male,mumbai ,"Rs. 63,573.89",2024-08-29,100732,5751.07
T502425,C100482,1995-12-05,F,Bengaluru,,2024-01-12,191341,799.62
T504516,C100444,13-06-84,f,  Surat,14948.14,22/02/2024,113325,974.27
T505541,C100605,17-10-69,M,LUCKNOW,"Rs. 79,326.66",2024-10-28,090133,2016.1
T504924,C100198,1955-04-02,male,Jaipur,"22,189.66",2024-01-27,033113,1465.43
T504184,C100670,26/10/1983,female,MUMBAI,371867.09,04/10/2024,024418,7065.66
T504457,C100705,03/12/1964,f,Bengaluru,"92,850.20",31/01/2024,030948,3409.06
T502772,C100698,03/10/1986,M,mumbai ,"Rs. 186,379.37",16-Jul-2024,005041,4058.3
T503076,C100468,04-04-68,Male,Chennai,84203.67,2024-01-24,210140,487926.0
T501440,C100333,18-03-86,F,LUCKNOW,,31-Jan-2024,010220,227480.00000000003
T501337,C100427,1973-05-14,f,Hyderabad,"Rs. 13,652.98",17/02/2024,034843,5012.28
T505315,C100172,18-12-91,,LUCKNOW,180835.83,24/09/2024,193118,2870.42
T503403,C100253,27/03/1978,male,Bangalore,"Rs. 107,511.50",2024-10-17,180356,5070.8
T503517,C100451,19-01-02,m,Chennai,24527.13,20-Jan-2024,014543,3255.29
T502258,C100450,1992-01-17,F,DELHI,"111,417.27",25/07/2024,013023,9772.16
T505622,C100289,09-03-04,m,JAIPUR,26392.12,2024-05-06,063631,820.93
T501746,C100341,1990-12-17,M,NAGPUR,1305.73,2024-03-18,192730,2091.09
T503780,C100503,12/08/1956,F,Pune,"146,446.03",24/10/2024,113810,4529.86
T500882,C100612,22-09-87,,JAIPUR,378740.24,16/06/2024,192709,1098.52
T504817,C100250,04/10/1964,Female,Ahmedabad,"12,840.30",2024-12-24,004707,540.58
T500567,C100652,1991-12-20,Male,,"Rs. 58,919.28",23/07/2024,070625,"INR 2,539.68"
T502004,C100240,24/12/2003,M,mumbai ,"58,083.30",15-Sep-2024,105613,2682.08
T504843,C100622,1963-04-08,male,Pune,"114,620.95",2024-08-29,033421,6367.11
T505960,C100681,15/05/1967,female,LUCKNOW,"239,151.47",14-Apr-2024,174044,11860.52
T503953,C100467,1981-10-18,male,PUNE,"Rs. 13,616.23",07/03/2024,131323,1414.94
T502287,C100255,1959-12-07,female,PUNE,,05-Mar-2024,124328,1881.48
T505785,C100761,1989-09-02,f,  Surat,"25,607.80",2024-03-05,122156,1652.39
T504705,C100775,25/07/1994,F,  Surat,45130.4,11/02/2024,115452,942.29
T505492,C100343,11-02-92,female,mumbai ,"60,102.72",15/07/2024,084048,2614.71
T501537,C100398,14-03-94,male,LUCKNOW,"Rs. 16,335.93",20/07/2024,222928,1098.05
T500315,C100640,22/11/2003,male,AHMEDABAD,,17-Dec-2024,170343,2177.97
T500572,C100374,01/06/1997,f,Jaipur,55312.12,28/09/2024,221519,581.82
T501549,C100184,10-07-88,f,BANGALORE,45597.09,2024-09-05,230021,86.28
T502464,C100209,01-02-55,female,,38752.88,25/03/2024,015047,"INR 3,767.21"
T504369,C100408,1983-01-10,m,Mumbai,30500.46,2024-05-11,070754,1404.79
T503277,C100625,1969-04-02,M,LUCKNOW,21865.24,09/07/2024,143847,637.42
T501769,C100203,01/02/2002,female,KOLKATA,3361.7,2024-10-26,070359,168.48
T503307,C100352,1998-03-02,F,DELHI,,2024-03-01,123428,"INR 9,576.13"
T504941,C100709,15-12-01,Female,NAGPUR,"Rs. 253,403.83",2024-07-12,004326,3446.67
T501726,C100683,06/10/1974,f,Mumbai,51370.71,29-Dec-2024,153112,2451.35
T501974,C100645,02-11-81,m,,,29/03/2024,150641,11542.59
T505922,C100305,1995-05-22,m,DELHI,"6,386.69",19-Jun-2024,201149,"INR 1,543.46"
T501141,C100135,1976-12-12,Female,mumbai ,,20/08/2024,071625,3285.9
T503552,C100001,03/03/1976,,AHMEDABAD,"43,869.35",19-Oct-2024,044411,"INR 7,783.44"
T504841,C100522,20-07-55,Male,CHENNAI,"35,215.42",19/08/2024,145003,3157.62
T505300,C100642,16/06/2004,m,  Surat,"Rs. 10,108.04",19-Feb-2024,144648,722.82
T505575,C100419,14-06-59,M,DELHI,26055.1,04-Oct-2024,121219,3461.12
T503519,C100325,25-11-83,M,Jaipur,,01-Jul-2024,173021,571.55
T504185,C100688,21/10/2001,Male,Hyderabad,"Rs. 28,109.11",10/03/2024,073105,1296.63
T501017,C100510,2000-03-08,F,Ahmedabad,"235,563.00",06-Nov-2024,175542,2325.92
T501772,C100668,21-07-78,Female,Bangalore,"99,681.03",27/08/2024,233256,"INR 7,131.48"
T500929,C100218,1979-01-08,male,AHMEDABAD,"Rs. 470,799.86",06/11/2024,201930,5015.48
T504632,C100614,13/08/1968,male,Chennai,"Rs. 11,618.40",2024-11-26,191834,110.15
T500748,C100079,20-07-04,M,Delhi,"Rs. 80,811.92",16/12/2024,184059,801.71
T501648,C100344,1963-04-13,,,4994.06,28/05/2024,081818,548.4
T500623,C100305,1995-05-22,m,DELHI,"6,386.69",01-Oct-2024,170739,1317.2
T505869,C100161,1999-05-26,Male,LUCKNOW,68566.76,2024-03-03,112648,1865.41
T505026,C100229,2004-07-25,Female,CHENNAI,47420.96,2024-03-05,125707,4327.3
T501344,C100035,1992-05-22,male,Mumbai,,2024-01-24,142623,548.59
T504239,C100489,02-06-90,Male,Mumbai,72526.62,26/12/2024,113841,1541.63
T502736,C100350,06/05/1984,Male,Bengaluru,,27/03/2024,194949,6198.22
T501057,C100665,08/12/1963,m,AHMEDABAD,100878.91,09/06/2024,035557,5628.9
T501064,C100108,1974-12-26,M,Jaipur,"53,397.38",27/06/2024,051642,1510.98
T502035,C100503,12/08/1956,F,Pune,"146,446.03",2024-11-27,201210,6299.27
T501073,C100748,05/07/1989,male,mumbai ,"Rs. 63,573.89",20/02/2024,002106,869.71
T505291,C100065,18/02/2001,M,Delhi,55990.05,22/12/2024,134028,11006.42
T502411,C100556,0000-00-00,f,HYDERABAD,"Rs. 92,723.33",06-Jan-2024,113834,"INR 1,434.68"
T504016,C100543,25/02/1989,M,Chennai,"Rs. 28,641.23",2024-11-16,083644,"INR 2,772.21"
T502395,C100690,21-04-58,Male,BANGALORE,"Rs. 120,392.94",08/06/2024,094225,106.74
T500479,C100670,26/10/1983,female,MUMBAI,371867.09,28/02/2024,104016,4183.38
T501707,C100612,22-09-87,,JAIPUR,378740.24,16/12/2024,152341,11642.55
T500229,C100583,03-06-58,male,NAGPUR,"71,828.00",18/08/2024,112220,2113.34
T502297,C100217,16-02-60,Male,Pune,"Rs. 18,308.71",2024-11-30,072426,1450.25
T502321,C100785,2000-01-02,male,CHENNAI,102157.68,01/07/2024,045516,1626.53
T505958,C100438,20-05-72,F,Bengaluru,,18-Mar-2024,100535,1985.74
T505507,C100020,12/04/1982,M,AHMEDABAD,"3,015.98",2024-07-04,002802,297.18
T505850,C100305,1995-05-22,m,DELHI,"6,386.69",03/08/2024,155220,INR 313.19
T503828,C100083,11-01-60,f,Hyderabad,"7,606.81",2024-12-20,141711,
T501554,C100043,15/11/1955,female,CHENNAI,"Rs. 3,931.81",11/01/2024,100735,INR 768.62
T502643,C100645,02-11-81,m,,,14/09/2024,125657,970.84
T504230,C100178,1996-12-02,female,mumbai ,"Rs. 18,046.45",2024-09-16,102102,"INR 8,149.82"
T501229,C100764,1966-06-14,M,Jaipur,62112.48,2024-11-10,144142,5271.93
T503853,C100146,20/10/1976,male,MUMBAI,"113,306.25",2024-01-10,055543,5895.46
T503527,C100331,09-04-84,Male,Delhi,139917.52,2024-08-26,201553,"INR 9,106.02"
T502527,C100306,23/04/1967,male,PUNE,63186.77,03-Jul-2024,022950,1373.75
T504458,C100789,08/02/1972,Female,Delhi,,14/12/2024,192815,105.45
T500594,C100493,0000-00-00,F,AHMEDABAD,"Rs. 102,129.94",07/01/2024,211224,4388.23
T503389,C100244,24-09-83,female,DELHI,,16-May-2024,031425,4513.18
T502559,C100775,25/07/1994,F,  Surat,45130.4,2024-12-19,230409,3041.42
T502799,C100032,16/10/1977,female,Kolkata,"27,810.10",2024-04-14,042826,5038.43
T503567,C100195,1999-11-25,F,LUCKNOW,,2024-11-13,114725,
T505415,C100684,09-11-67,,AHMEDABAD,"27,777.54",2024-04-15,215310,347.73
T503324,C100209,01-02-55,female,,38752.88,18/02/2024,193209,2800.23
T501592,C100759,08-06-83,f,,,2024-03-10,023652,2917.26
T501788,C100232,1984-12-23,,CHENNAI,41614.26,15/12/2024,032313,"INR 5,057.82"
T503963,C100702,0000-00-00,Female,Mumbai,2914.57,04/02/2024,001549,10018.35
T505218,C100218,1979-01-08,male,AHMEDABAD,"Rs. 470,799.86",2024-07-04,043508,3739.8
T502338,C100116,1960-09-25,female,Pune,220401.55,11-Dec-2024,032609,8417.3
T503801,C100612,22-09-87,,JAIPUR,378740.24,02/04/2024,133516,16374.16
T501343,C100418,1960-01-14,,HYDERABAD,,08/11/2024,174655,"INR 1,759.05"
T502925,C100594,1990-02-24,male,Hyderabad,"Rs. 73,506.23",15/11/2024,213611,2192.77
T502173,C100597,1972-02-09,female,Pune,30467.88,19-Aug-2024,211927,4419.47
T505636,C100788,17/10/1965,male,Bengaluru,"Rs. 40,994.26",28/09/2024,023859,"INR 6,074.84"
T500799,C100548,07/08/1982,Female,NAGPUR,"53,292.45",2024-02-09,214438,"INR 2,761.67"
T500280,C100067,2035-01-01,,JAIPUR,"Rs. 36,368.89",27/12/2024,065520,INR 414.15
T505617,C100659,2000-01-11,female,JAIPUR,86238.94,25-Jun-2024,001601,768.26
T500731,C100240,24/12/2003,M,mumbai ,"58,083.30",10-Nov-2024,231027,281.84
T505841,C100640,22/11/2003,male,AHMEDABAD,,30-Aug-2024,024810,2127.01
T505861,C100185,1990-08-13,f,Kolkata,"Rs. 119,141.06",30-Aug-2024,122158,1014.23
T503300,C100149,2004-10-19,f,mumbai ,31910.38,2024-08-17,160803,742.18
T503534,C100060,21/09/2001,male,HYDERABAD,"4,623.60",30/08/2024,174531,1393.4
T501129,C100683,06/10/1974,f,Mumbai,51370.71,09/05/2024,061019,1568.07
T502221,C100197,09-04-87,Male,Bengaluru,"Rs. 12,957.49",18-Oct-2024,122757,"INR 1,341.67"
T503673,C100596,1972-07-04,Male,mumbai ,"240,531.19",2024-09-09,184451,1895.23
T503408,C100130,07/02/1977,female,PUNE,"Rs. 7,572.86",29-Feb-2024,150822,1535.38
T502449,C100046,27-11-85,female,DELHI,4232.4,19-Dec-2024,005211,614.9
T503445,C100576,15-11-74,female,NAGPUR,,16/04/2024,091434,845.7
T502561,C100578,1972-02-22,Male,Hyderabad,"Rs. 68,047.49",31/03/2024,183300,942.11
T505069,C100515,13/10/1997,Male,CHENNAI,48437.97,10-Feb-2024,212858,2442.83
T500180,C100001,03/03/1976,,AHMEDABAD,"43,869.35",12/04/2024,080831,12577.98
T500024,C100093,15/10/1965,f,,"157,865.54",2024-02-25,160727,4531.5
T505219,C100475,01-01-1900,Female,Bengaluru,"89,827.75",28-Sep-2024,163631,2881.2
T501564,C100733,2001-05-03,f,BANGALORE,"Rs. 244,077.09",01/06/2024,001509,4857.51
T504154,C100300,1990-09-07,Male,Chennai,,2024-07-19,184533,4496.15
T505337,C100410,2035-01-01,M,Bangalore,9932.03,2024-08-20,150700,INR 374.22
T502043,C100764,1966-06-14,M,Jaipur,62112.48,12-May-2024,110310,17027.14
T505216,C100036,04/08/1957,,LUCKNOW,119884.19,15-Jul-2024,145254,3342.26
T502267,C100614,13/08/1968,male,Chennai,"Rs. 11,618.40",13-Mar-2024,105655,235.34
T500431,C100180,1993-05-22,Female,Mumbai,19984.97,16-May-2024,034221,341.6
T502972,C100338,1977-03-17,M,Chennai,"34,108.53",02-Oct-2024,180312,"INR 2,392.49"
T500569,C100246,11/12/1992,Male,Delhi,459949.04,05/12/2024,043913,943.84
T503668,C100715,1966-01-07,Male,AHMEDABAD,5484.47,20/09/2024,042950,1557.01
T502000,C100225,09/10/1991,m,Chennai,"181,650.06",2024-05-03,055611,207.83
T502544,C100700,06-03-88,Male,Pune,,01-Jan-2024,034011,6344.96
T501818,C100372,19/12/1983,Female,Mumbai,59995.96,05-Jun-2024,191543,3418.27
T503199,C100065,18/02/2001,M,Delhi,55990.05,09/02/2024,212113,289.34
T505645,C100541,13-01-74,male,Ahmedabad,"186,265.55",2024-05-17,161924,1577.88
T504156,C100576,15-11-74,female,NAGPUR,,27-May-2024,181300,912.19
T505780,C100555,27-03-93,female,Ahmedabad,"66,420.28",2024-07-01,002809,1535.56
T504634,C100123,14-09-96,M,Hyderabad,24576.12,06/06/2024,122753,887.4
T502950,C100484,1984-05-17,male,JAIPUR,12346.88,2024-11-04,140444,1281.68
T501365,C100679,10-11-58,m,Kolkata,39458.8,22-Nov-2024,235107,1812.69
T504831,C100360,16-10-79,Female,KOLKATA,"46,783.67",07/10/2024,185036,7479.43
T505405,C100583,03-06-58,male,NAGPUR,"71,828.00",21-Oct-2024,181827,892.37
T504913,C100409,16-02-62,f,BANGALORE,"20,193.51",07/06/2024,024049,863.24
T504112,C100575,09-06-71,m,JAIPUR,28676.46,2024-05-09,002659,1385.39
T505032,C100764,1966-06-14,M,Jaipur,62112.48,10-Aug-2024,122116,"INR 13,920.67"
T504202,C100659,2000-01-11,female,JAIPUR,86238.94,13/06/2024,170657,740.05
T503491,C100296,24/12/1971,Male,PUNE,,30/05/2024,224024,1371.1
T502386,C100592,1965-07-19,Male,  Surat,"57,107.77",16/04/2024,151119,INR 727.02
T501857,C100479,22/10/1980,f,Kolkata,"Rs. 98,501.77",2024-09-27,132215,
T500132,C100293,13-05-89,Male,BANGALORE,"10,023.20",14-Mar-2024,111721,392.99
T503236,C100163,04/08/1970,m,Kolkata,"Rs. 3,126.03",10/05/2024,234410,1828.62
T501791,C100693,11/10/1988,f,Jaipur,"247,886.54",05-May-2024,082617,16520.77
T505700,C100131,2002-07-19,F,HYDERABAD,114687.04,2024-11-02,113132,2604.3
T502883,C100304,2001-11-15,F,Ahmedabad,16445.74,09/11/2024,013706,377.93
T500855,C100148,1980-12-03,f,Chennai,,11/10/2024,121258,15898.69
T500264,C100116,1960-09-25,female,Pune,220401.55,18-Jul-2024,042508,3903.22
T502757,C100550,19/08/1986,f,Mumbai,"121,126.01",09/05/2024,091407,20511.84
T501096,C100701,1973-08-26,m,Delhi,26855.95,2024-09-05,081551,1072.21
T502368,C100520,1979-07-13,male,Bengaluru,"Rs. 57,394.34",07-Apr-2024,021614,3951.0
T503092,C100064,26/04/1981,male,LUCKNOW,,30-May-2024,170202,695.14
T505035,C100159,1997-08-16,male,,"Rs. 37,413.50",03/09/2024,212607,626.04
T505302,C100681,15/05/1967,female,LUCKNOW,"239,151.47",19-Aug-2024,043025,2953.19
T502982,C100061,20-01-84,Male,MUMBAI,"13,029.33",21/03/2024,212636,
T505926,C100433,04/10/1963,m,mumbai ,11449.4,2024-02-23,054940,1454.91
T503561,C100131,2002-07-19,F,HYDERABAD,114687.04,2024-11-09,002816,7141.74
T501584,C100732,2001-02-04,F,Chennai,"Rs. 14,056.12",28-May-2024,181949,218.12
T501189,C100698,03/10/1986,M,mumbai ,"Rs. 186,379.37",2024-05-05,095819,
T501374,C100565,19/09/2004,f,BANGALORE,"67,225.87",2024-08-12,044035,8057.01
T500426,C100533,05/07/1959,,LUCKNOW,11799.16,26-Mar-2024,002840,586.98
T502460,C100450,1992-01-17,F,DELHI,"111,417.27",2024-03-26,235633,3932.31
T505025,C100575,09-06-71,m,JAIPUR,28676.46,11-Nov-2024,180232,4084.63
T504468,C100703,1984-05-15,female,Jaipur,"Rs. 125,815.19",24/10/2024,212910,2035.15
T504602,C100468,04-04-68,Male,Chennai,84203.67,2024-10-12,095601,4466.41
T505146,C100788,17/10/1965,male,Bengaluru,"Rs. 40,994.26",20/05/2024,033417,477.75
T503197,C100214,1998-09-06,F,LUCKNOW,"Rs. 68,205.42",2024-04-06,210724,646.06
T502633,C100661,14/06/1965,,JAIPUR,"105,161.33",07-Sep-2024,023848,15127.000000000002
T504366,C100340,1974-10-11,Male,MUMBAI,11896.1,11/05/2024,081336,209.95
T504884,C100075,25/02/2001,F,HYDERABAD,13759.87,19/05/2024,003416,408.56
T502193,C100628,03/09/1990,M,Pune,109284.74,27-Feb-2024,033518,2086.64
T503799,C100143,1981-07-23,M,PUNE,"241,385.44",14-Nov-2024,000253,2973.27
T504925,C100264,1984-01-06,male,HYDERABAD,,07-Feb-2024,102833,14870.55
T504394,C100220,1967-12-16,Female,KOLKATA,"36,055.65",2024-04-20,062239,1421.33
T503063,C100036,04/08/1957,,LUCKNOW,119884.19,14-Oct-2024,203121,
T503085,C100735,1971-02-11,,Hyderabad,"55,080.47",27-Dec-2024,063517,1755.41
T503894,C100748,05/07/1989,male,mumbai ,"Rs. 63,573.89",12-Jun-2024,062806,2943.83
T505396,C100617,13-06-57,female,Jaipur,9784.54,2024-10-29,061807,1004.34
T500841,C100534,21/09/1980,Female,MUMBAI,,2024-06-17,215729,2565.03
T500689,C100494,07-10-99,M,AHMEDABAD,11661.72,13-Oct-2024,065539,592.29
T500595,C100071,04-06-01,male,Pune,"Rs. 7,466.77",04-Aug-2024,154311,6402.85
T501811,C100104,1987-03-19,f,,20769.58,2024-08-13,071028,587.24
T505017,C100769,1990-04-07,Female,CHENNAI,"Rs. 29,909.50",31-Jan-2024,185031,INR 603.01
T500131,C100494,07-10-99,M,AHMEDABAD,11661.72,20-Nov-2024,003106,160.69
T501163,C100594,1990-02-24,male,Hyderabad,"Rs. 73,506.23",2024-03-18,151558,3284.21
T505560,C100149,2004-10-19,f,mumbai ,31910.38,07-Mar-2024,223609,
T501858,C100206,18-02-97,,PUNE,34211.98,16/03/2024,162936,973.15
T504570,C100785,2000-01-02,male,CHENNAI,102157.68,31/03/2024,231141,4923.99
T501637,C100517,2001-06-26,male,JAIPUR,"53,788.28",2024-08-04,053440,1196.98
T500245,C100319,1956-12-01,f,mumbai ,418468.01,2024-02-23,164850,3630.87
T501435,C100444,13-06-84,f,  Surat,14948.14,2024-04-19,073656,1708.45
T503748,C100610,03-06-76,m,,"125,370.42",2024-12-30,080613,826.4
T504316,C100324,14-03-71,male,AHMEDABAD,8250.81,23-May-2024,070355,2052.03
T505352,C100207,06/06/1974,m,DELHI,"Rs. 68,660.40",2024-02-02,165350,
T504722,C100475,01-01-1900,Female,Bengaluru,"89,827.75",2024-05-17,203936,644.45
T501763,C100538,1970-11-08,Male,Ahmedabad,,08/01/2024,074309,137.11
T502896,C100371,1960-12-25,m,Pune,10182.0,2024-10-22,015050,139.97
T501291,C100176,03/08/2003,M,JAIPUR,"26,967.93",2024-05-16,030207,
T503207,C100284,12/04/1987,m,LUCKNOW,21229.49,2024-08-11,074550,302.49
T501953,C100732,2001-02-04,F,Chennai,"Rs. 14,056.12",2024-01-31,105235,468.65
T503091,C100777,05-10-71,M,HYDERABAD,"13,106.62",2024-03-22,002830,515.21
T501167,C100228,15-01-01,F,DELHI,31081.44,12/04/2024,201553,381.61
T505802,C100162,1997-09-24,m,Delhi,"Rs. 42,810.30",12/11/2024,121630,3213.57
T504251,C100556,0000-00-00,f,HYDERABAD,"Rs. 92,723.33",01-Mar-2024,194607,1657.51
T505364,C100727,1978-08-19,female,JAIPUR,"Rs. 123,863.27",2024-05-15,035856,7724.61
T501677,C100686,03-05-75,F,Delhi,,2024-10-16,074943,424.47
T503404,C100329,08/11/1958,Male,Ahmedabad,"37,113.65",07-Dec-2024,025539,120.91
T502470,C100383,20/04/1990,m,Bangalore,38999.36,15-Jun-2024,161819,8469.5
T500118,C100590,1974-03-06,male,HYDERABAD,26712.59,22/05/2024,110701,445.87
T504296,C100619,27/10/1979,F,Jaipur,"618,590.11",04/12/2024,035835,2697.15
T504883,C100319,1956-12-01,f,mumbai ,418468.01,24/06/2024,235834,5847.27
T503209,C100550,19/08/1986,f,Mumbai,"121,126.01",2024-06-10,105256,6001.48
T500089,C100437,10/05/1977,female,PUNE,"Rs. 58,587.83",2024-10-04,064829,INR 784.70
T504174,C100239,1978-02-10,male,CHENNAI,"Rs. 30,783.15",2024-03-26,064559,396.91
T503909,C100729,18-06-74,M,LUCKNOW,"264,299.97",01/01/2024,075725,3076.88
T501837,C100420,17-09-78,M,DELHI,"Rs. 25,796.51",19-Jun-2024,175125,249.02
T505051,C100729,18-06-74,M,LUCKNOW,"264,299.97",03-May-2024,210350,4348.82
T504988,C100352,1998-03-02,F,DELHI,,25/07/2024,113915,3154.59
T504449,C100605,17-10-69,M,LUCKNOW,"Rs. 79,326.66",23-Mar-2024,121017,3173.16
T500588,C100057,21/12/1998,Male,Hyderabad,"108,663.77",01-May-2024,220904,"INR 1,791.89"
T502510,C100709,15-12-01,Female,NAGPUR,"Rs. 253,403.83",2024-06-14,140236,15436.79
T503452,C100357,06/01/1977,female,MUMBAI,76877.42,17-Jul-2024,010846,2313.0
T501708,C100295,24-01-70,m,Bangalore,"Rs. 25,848.99",25/07/2024,170443,INR 366.91
T504731,C100237,10-10-56,Male,PUNE,,2024-05-25,052627,"INR 8,435.65"
T501610,C100643,03-07-56,Female,mumbai ,"Rs. 10,735.73",24/01/2024,153436,3097.52
T501641,C100386,13-07-73,,JAIPUR,"Rs. 12,445.00",05/10/2024,213623,1405.44
T501629,C100797,09-08-84,F,LUCKNOW,"21,946.42",14-Jul-2024,181631,214.15
T501106,C100276,02/08/2000,,Jaipur,56892.89,2024-03-03,091323,1226.5
T500943,C100312,04/03/1971,f,NAGPUR,,2024-01-03,011701,664.37
T500681,C100479,22/10/1980,f,Kolkata,"Rs. 98,501.77",19-Jun-2024,163223,4338.07
T500708,C100663,24/03/1961,m,,"600,713.48",17-Dec-2024,180653,-6540.33
T503804,C100153,04-08-82,f,LUCKNOW,"379,373.89",2024-05-17,110322,1310.58
T505119,C100734,1985-06-24,F,Pune,"29,158.72",2024-07-13,225835,2895.61
T501963,C100068,22-08-03,,Bengaluru,,2024-09-21,070242,882.27
T500412,C100797,09-08-84,F,LUCKNOW,"21,946.42",2024-01-06,085928,INR 213.32
T501953,C100732,2001-02-04,F,Chennai,"Rs. 14,056.12",2024-01-31,105235,468.65
T503214,C100638,15-09-86,Female,CHENNAI,39836.78,08-Jun-2024,031338,4854.07
T504549,C100749,1/1/1800,m,Mumbai,"372,624.79",03/03/2024,133848,2132.45
T502040,C100758,16/09/1995,f,Pune,8457.46,27-Feb-2024,222918,141.14
T501706,C100618,10/10/1967,Female,  Surat,29639.57,2024-12-05,075627,978.59
T502751,C100247,17/05/1986,female,,"60,362.87",18/11/2024,114434,1637.77
T501289,C100623,1972-07-11,female,NAGPUR,,24-May-2024,075342,1783.98
T502916,C100086,1987-10-15,,LUCKNOW,"Rs. 11,228.91",2024-11-14,141855,273.16
T500977,C100575,09-06-71,m,JAIPUR,28676.46,04/02/2024,103843,1634.57
T505290,C100645,02-11-81,m,,,04-Oct-2024,032424,6019.36
T501546,C100333,18-03-86,F,LUCKNOW,,13-Mar-2024,131658,2911.73
T505480,C100181,07-08-60,male,Pune,"Rs. 46,982.71",28-Feb-2024,235117,"INR 1,425.21"
T504356,C100575,09-06-71,m,JAIPUR,28676.46,2024-06-01,034328,2218.84
T502579,C100412,1985-02-10,,MUMBAI,"Rs. 21,748.09",21/03/2024,150835,
T501544,C100614,13/08/1968,male,Chennai,"Rs. 11,618.40",26/09/2024,105539,545.58
T501892,C100384,1998-07-13,Female,KOLKATA,"Rs. 102,416.63",2024-09-12,012039,5384.94
T504398,C100380,16-03-60,Female,DELHI,,02/07/2024,001437,4170.05
T502761,C100716,11-02-72,F,,"Rs. 240,805.50",13/01/2024,134627,"INR 622,885.00"
T505024,C100095,1980-11-25,Female,Ahmedabad,,2024-07-15,231015,-4748.43
T502842,C100667,02-11-96,f,CHENNAI,20940.54,01/09/2024,091441,705.05
T502998,C100503,12/08/1956,F,Pune,"146,446.03",12-Feb-2024,020330,7937.04
T502961,C100041,22/06/1982,M,Bangalore,"22,606.16",23-Nov-2024,092352,1160.39
T502746,C100754,13-01-76,m,BANGALORE,"Rs. 22,979.83",26/04/2024,103547,63.61
T503984,C100525,1969-10-05,F,CHENNAI,"212,533.64",10-Nov-2024,125829,2571.58
T504191,C100604,1974-04-03,Male,PUNE,,2024-11-25,232820,413.17
T503444,C100065,18/02/2001,M,Delhi,55990.05,16-Aug-2024,023806,16939.94
T502766,C100515,13/10/1997,Male,CHENNAI,48437.97,28-Dec-2024,153301,1807.06
T500421,C100222,1969-03-14,F,LUCKNOW,"77,445.15",21-Aug-2024,073639,292.15
T503635,C100177,13-12-68,,AHMEDABAD,208320.55,14/06/2024,174935,4298.36
T503023,C100530,2001-09-23,f,NAGPUR,"Rs. 16,179.84",21/06/2024,081106,212.3
T500356,C100697,1969-10-22,male,Mumbai,,04-Jul-2024,232828,851.26
T503955,C100127,24/03/1957,Male,Jaipur,,03/03/2024,092155,1310.45
T501323,C100276,02/08/2000,,Jaipur,56892.89,24/02/2024,124337,1488.01
T502414,C100381,2000-06-26,Female,AHMEDABAD,"34,569.41",25/08/2024,182106,3221.75
T502863,C100372,19/12/1983,Female,Mumbai,59995.96,29/06/2024,211453,1339.14
T501459,C100130,07/02/1977,female,PUNE,"Rs. 7,572.86",2024-09-11,164651,INR 453.65
T505989,C100593,09-05-75,Male,Ahmedabad,77632.67,30/04/2024,013016,16744.47
T500486,C100470,05-02-97,F,NAGPUR,155474.78,02/10/2024,065557,7334.57
T504140,C100531,13-12-67,Male,CHENNAI,"Rs. 38,254.58",30/08/2024,153203,2559.64
T503117,C100437,10/05/1977,female,PUNE,"Rs. 58,587.83",09-May-2024,122617,3145.09
T502991,C100322,22/04/1957,F,DELHI,12582.93,2024-11-27,105753,1668.85
T505713,C100529,1991-11-11,F,Bengaluru,"104,328.62",2024-12-07,202316,5446.88
T503734,C100701,1973-08-26,m,Delhi,26855.95,2024-01-11,041504,4012.89
T501526,C100709,15-12-01,Female,NAGPUR,"Rs. 253,403.83",02/02/2024,093742,7988.09
T504067,C100310,23-08-84,male,HYDERABAD,"323,760.11",2024-10-02,194910,5336.55
T500399,C100436,06-10-60,F,Jaipur,"Rs. 93,354.27",2024-09-03,213306,12807.92
T500638,C100418,1960-01-14,,HYDERABAD,,28/02/2024,034513,11017.68
T504426,C100093,15/10/1965,f,,"157,865.54",2024-02-11,065359,1049.3
T504993,C100260,05-07-82,M,Mumbai,"47,216.74",2024-05-17,082155,"INR 2,520.04"
T503687,C100709,15-12-01,Female,NAGPUR,"Rs. 253,403.83",16-Dec-2024,143717,13615.37
T501261,C100387,16-02-77,M,Kolkata,20501.21,23/09/2024,080441,620812.0
T505871,C100698,03/10/1986,M,mumbai ,"Rs. 186,379.37",25/01/2024,010708,"INR 2,356.54"
T500580,C100622,1963-04-08,male,Pune,"114,620.95",21/11/2024,011411,5403.01
T503311,C100658,1996-06-17,female,Chennai,"62,261.48",16-Dec-2024,141108,550.76
T504410,C100616,12-12-98,M,LUCKNOW,68502.33,2024-03-28,013659,-908.49
T500917,C100651,02/01/1989,female,Chennai,"79,050.49",09-Apr-2024,211114,9332.59
T503132,C100219,21/11/1997,female,Bengaluru,20875.12,02-Jan-2024,123800,1030.78
T504395,C100210,1956-04-12,female,Delhi,"112,806.44",2024-05-09,182718,8087.03
T503062,C100597,1972-02-09,female,Pune,30467.88,2024-01-23,203938,1503.55
T500392,C100634,04/06/1987,female,mumbai ,"Rs. 31,133.41",09/12/2024,185732,2324.79
T501143,C100209,01-02-55,female,,38752.88,09-May-2024,153228,4651.07
T500887,C100380,16-03-60,Female,DELHI,,05-Feb-2024,101912,1888.08
T505931,C100052,13-07-60,Female,MUMBAI,"Rs. 54,071.44",2024-01-12,044654,1186.23
T500006,C100497,01-03-70,M,Hyderabad,28147.07,2024-05-18,103226,5860.81
T504058,C100690,21-04-58,Male,BANGALORE,"Rs. 120,392.94",2024-10-28,214937,4724.91
T503293,C100573,1976-01-19,male,Hyderabad,41943.84,29-Nov-2024,044542,15310.99
T500267,C100782,1960-01-16,Female,Hyderabad,"Rs. 34,036.97",11-Jan-2024,114851,1758.64
T503073,C100776,1964-07-01,female,Bangalore,"Rs. 31,244.52",18/09/2024,135853,278.8
T501499,C100450,1992-01-17,F,DELHI,"111,417.27",13-Sep-2024,055122,5294.9
T501313,C100115,1993-11-02,Male,KOLKATA,11109.49,25/04/2024,231552,169.88
T505550,C100519,1980-12-10,M,KOLKATA,103786.19,08-Jul-2024,170657,10089.68
T501375,C100253,27/03/1978,male,Bangalore,"Rs. 107,511.50",22-Dec-2024,191711,1463.47
T505375,C100261,11/11/1960,,AHMEDABAD,4697.32,28-Feb-2024,050028,608.98
T503922,C100190,06/11/1979,male,Jaipur,"Rs. 39,923.71",2024-07-21,215243,828.19
T502798,C100616,12-12-98,M,LUCKNOW,68502.33,26-Oct-2024,223613,1392.99
T505016,C100248,12/05/1970,m,Kolkata,"89,559.95",15-Jul-2024,225500,4133.07
T500571,C100729,18-06-74,M,LUCKNOW,"264,299.97",04/05/2024,204237,10820.88
T502222,C100572,1969-09-12,F,Mumbai,"8,282.21",28-Sep-2024,185010,167.83
T501747,C100065,18/02/2001,M,Delhi,55990.05,2024-05-27,110412,5093.8
T502466,C100126,14/08/1992,,JAIPUR,"Rs. 17,927.78",28/08/2024,210515,1436.82
T504838,C100695,14-01-57,Male,,26555.71,2024-01-09,124146,1247.6
T503036,C100266,05/08/1960,f,  Surat,"201,021.76",12-Nov-2024,220705,4577.08
T504168,C100163,04/08/1970,m,Kolkata,"Rs. 3,126.03",04/08/2024,060622,779.84
T505549,C100753,05/12/1958,Male,Ahmedabad,,2024-10-02,081914,7380.09
T500881,C100706,23/05/1997,M,Mumbai,"Rs. 7,105.83",2024-06-11,071108,3088.81
T503685,C100493,0000-00-00,F,AHMEDABAD,"Rs. 102,129.94",26-Mar-2024,152504,582.7
T500792,C100017,16/11/1960,m,CHENNAI,"12,706.37",08/01/2024,101507,641.07
T504629,C100346,22/08/1993,M,PUNE,"134,207.78",11/11/2024,102409,5071.62
T500517,C100510,2000-03-08,F,Ahmedabad,"235,563.00",07/02/2024,095923,7497.55
T500786,C100706,23/05/1997,M,Mumbai,"Rs. 7,105.83",24-Jan-2024,113739,2283.57
T504698,C100199,12-08-83,male,Mumbai,71799.72,26/03/2024,114523,351.47
T501373,C100777,05-10-71,M,HYDERABAD,"13,106.62",19/09/2024,185258,184.33
T504190,C100603,12/05/2000,M,PUNE,"3,993.34",06-Oct-2024,122759,7027.5
T502277,C100378,06-11-03,m,CHENNAI,,2024-04-05,092129,6251.03
T502013,C100757,16-06-64,,NAGPUR,"Rs. 128,307.71",05/09/2024,125824,5831.88
T502012,C100010,1989-06-09,f,Kolkata,"Rs. 239,001.20",07/10/2024,164617,12520.98
T504060,C100116,1960-09-25,female,Pune,220401.55,12-Aug-2024,151546,3255.06
T505430,C100174,1972-07-21,m,Bengaluru,97279.18,23/04/2024,085704,1729.62
T502175,C100779,21-03-59,female,KOLKATA,"297,969.29",03-Jul-2024,052217,"INR 12,251.76"
T502289,C100696,18/05/1975,m,,295142.68,20/01/2024,035623,10895.72
T500051,C100447,1994-02-09,male,Ahmedabad,"11,950.03",31/05/2024,032316,2398.64
T503666,C100634,04/06/1987,female,mumbai ,"Rs. 31,133.41",16/06/2024,073012,2008.76
T504047,C100384,1998-07-13,Female,KOLKATA,"Rs. 102,416.63",15-Mar-2024,232500,2862.48
T505030,C100399,24-09-69,f,Jaipur,32377.8,04-May-2024,093659,154.78
T500511,C100488,25-03-77,m,BANGALORE,"29,268.42",21-Jun-2024,103116,3395.05
T504547,C100432,23-09-63,f,Jaipur,,2024-03-15,151238,189.75
T503331,C100276,02/08/2000,,Jaipur,56892.89,2024-02-16,130929,"INR 1,221.21"
T505335,C100136,17/08/2002,,Ahmedabad,,2024-06-08,144850,9721.88
T502167,C100504,1999-12-20,M,Jaipur,97634.59,11/03/2024,140835,11069.15
T501778,C100513,1992-06-02,F,Bengaluru,14786.27,2024-10-04,172858,1658.71
T503526,C100260,05-07-82,M,Mumbai,"47,216.74",07/04/2024,011339,2365.77
T500674,C100320,27/02/1980,male,LUCKNOW,23034.86,2024-04-30,083710,
T503487,C100727,1978-08-19,female,JAIPUR,"Rs. 123,863.27",30-Dec-2024,193708,1136.61
T503701,C100131,2002-07-19,F,HYDERABAD,114687.04,25-Jan-2024,224655,9287.63
T500650,C100028,26/05/1973,,HYDERABAD,,2024-08-12,121010,7437.84
T502662,C100405,1959-09-13,m,NAGPUR,"Rs. 5,646.11",21-Jan-2024,135855,357.02
T500212,C100379,1983-05-04,m,Mumbai,"71,283.08",2024-02-03,044505,5690.78
T501132,C100431,15-04-62,male,  Surat,"10,914.09",28-Feb-2024,143739,1471.31
T501872,C100761,1989-09-02,f,  Surat,"25,607.80",21/03/2024,051454,2935.33
T504916,C100214,1998-09-06,F,LUCKNOW,"Rs. 68,205.42",02/09/2024,161946,3821.81
T501627,C100009,13-01-89,f,PUNE,,01/03/2024,201629,3642.38
T505822,C100234,15-03-98,female,Chennai,59188.47,2024-01-26,092118,449916.0
T503227,C100447,1994-02-09,male,Ahmedabad,"11,950.03",2024-05-01,024015,420.19
T500060,C100360,16-10-79,Female,KOLKATA,"46,783.67",20/02/2024,050952,9793.67
T505175,C100057,21/12/1998,Male,Hyderabad,"108,663.77",09-Jun-2024,054059,"INR 6,598.16"
T503827,C100174,1972-07-21,m,Bengaluru,97279.18,2024-01-10,132232,10553.71
T503419,C100125,1962-01-08,Male,mumbai ,"17,605.36",2024-02-22,073302,323.67
T500491,C100322,22/04/1957,F,DELHI,12582.93,11/11/2024,122356,3398.12
T500396,C100246,11/12/1992,Male,Delhi,459949.04,20-Oct-2024,214849,489.31
T502219,C100569,06/08/1967,,KOLKATA,,29-Apr-2024,061222,"INR 7,683.35"
T500278,C100146,20/10/1976,male,MUMBAI,"113,306.25",17-Jan-2024,141259,2684.86
T503025,C100442,17/11/1956,Female,AHMEDABAD,"8,610.61",2024-02-26,205512,"INR 1,933.82"
T505957,C100611,08-02-56,male,Bangalore,,2024-04-26,030549,217.84
T503746,C100790,03/02/1994,female,Pune,"108,574.79",30-Dec-2024,151806,4589.74
T503697,C100631,15/03/1970,M,DELHI,"47,693.35",02-Nov-2024,000637,2321.6
T500181,C100668,21-07-78,Female,Bangalore,"99,681.03",2024-12-08,113255,206.99
T500422,C100668,21-07-78,Female,Bangalore,"99,681.03",11-Feb-2024,020139,7309.72
T502366,C100558,1958-07-13,Female,Hyderabad,43904.78,07-Aug-2024,030548,INR 215.47
T501060,C100601,26/01/1967,m,Bengaluru,5370.73,22-Aug-2024,001757,7695.81
T501230,C100123,14-09-96,M,Hyderabad,24576.12,2024-07-17,070033,434.49
T500661,C100058,26-02-76,m,  Surat,,20-Jul-2024,065010,2000.74
T504376,C100177,13-12-68,,AHMEDABAD,208320.55,2024-10-21,073819,9770.55
T501985,C100779,21-03-59,female,KOLKATA,"297,969.29",04-Dec-2024,033218,5567.63
T505799,C100343,11-02-92,female,mumbai ,"60,102.72",21/07/2024,114051,885.76
T504646,C100342,07/06/1969,M,  Surat,9262.22,26/09/2024,072658,1060.68
T500350,C100532,2004-12-08,M,Ahmedabad,,2024-06-16,201801,15968.02
T500062,C100164,1997-11-15,Female,DELHI,"20,966.32",25/04/2024,003157,3325.2
T505484,C100086,1987-10-15,,LUCKNOW,"Rs. 11,228.91",31/01/2024,211627,703.63
T500609,C100333,18-03-86,F,LUCKNOW,,2024-08-19,103251,9631.31
T502034,C100532,2004-12-08,M,Ahmedabad,,2024-09-21,203205,2471.11
T504084,C100207,06/06/1974,m,DELHI,"Rs. 68,660.40",22-Aug-2024,161530,14039.36
T500077,C100434,20-02-74,,HYDERABAD,17342.63,2024-09-09,011643,
T502701,C100746,02/05/1972,M,MUMBAI,66601.54,2024-05-10,160720,INR 981.54
T504905,C100398,14-03-94,male,LUCKNOW,"Rs. 16,335.93",2024-10-14,081743,1306.63
T501256,C100512,19/08/1986,m,,"Rs. 88,055.27",2024-09-03,095148,"INR 1,806.10"
T501046,C100589,24-11-75,female,CHENNAI,"101,026.53",2024-02-15,195243,3632.06
T500823,C100567,23-01-92,Female,NAGPUR,"Rs. 11,762.16",07/04/2024,001855,198.17
T505559,C100225,09/10/1991,m,Chennai,"181,650.06",21-Mar-2024,213629,6174.66
T502687,C100340,1974-10-11,Male,MUMBAI,11896.1,2024-01-18,095220,982.71
T500695,C100183,17/11/1989,f,Pune,17926.98,06-Jul-2024,060642,1112.5
T501271,C100573,1976-01-19,male,Hyderabad,41943.84,02-Oct-2024,044856,1317.07
T505661,C100565,19/09/2004,f,BANGALORE,"67,225.87",24/02/2024,081930,1421.88
T502739,C100691,13/08/1998,m,Pune,,26-Feb-2024,060748,11145.4
T505508,C100006,1990-05-02,female,Bangalore,"Rs. 40,563.16",10-Mar-2024,011206,3292.15
T500186,C100591,1975-05-16,Male,Jaipur,"31,294.72",2024-02-21,192515,4193.36
T504404,C100435,1982-06-13,,DELHI,"Rs. 58,275.09",27-Nov-2024,133546,596.14
T503840,C100015,1994-04-22,M,MUMBAI,,23/08/2024,055033,1336.68
T504194,C100233,23/03/1962,male,,,2024-09-11,010052,1810.87
T500546,C100757,16-06-64,,NAGPUR,"Rs. 128,307.71",2024-10-07,043353,6738.87
T500635,C100433,04/10/1963,m,mumbai ,11449.4,2024-08-13,091818,
T505209,C100754,13-01-76,m,BANGALORE,"Rs. 22,979.83",31-Jan-2024,113607,99.59
T503161,C100748,05/07/1989,male,mumbai ,"Rs. 63,573.89",04/08/2024,230224,8431.76
T501377,C100163,04/08/1970,m,Kolkata,"Rs. 3,126.03",20/08/2024,071705,127.36
T504232,C100063,2001-02-14,f,CHENNAI,"67,715.00",22/08/2024,014203,6154.21
T503148,C100121,,,DELHI,,2024-12-07,002036,3115.72
T500687,C100636,07/07/1969,female,  Surat,"Rs. 52,253.95",13-Jul-2024,132533,2371.59
T504679,C100174,1972-07-21,m,Bengaluru,97279.18,20-Apr-2024,052227,3577.54
T505212,C100322,22/04/1957,F,DELHI,12582.93,02/06/2024,163844,4703.55
T505325,C100275,04/05/1965,female,BANGALORE,"175,954.66",22/03/2024,182551,-1807.63
T501840,C100597,1972-02-09,female,Pune,30467.88,18/03/2024,161007,"INR 2,558.05"
T500767,C100412,1985-02-10,,MUMBAI,"Rs. 21,748.09",23-Jun-2024,043049,"INR 4,569.06"
T505692,C100271,1977-07-11,male,Bengaluru,8306.59,01-Sep-2024,184119,"INR 1,675.80"
T500255,C100479,22/10/1980,f,Kolkata,"Rs. 98,501.77",07-Jun-2024,010028,7569.71
T502806,C100274,1973-07-26,Male,Kolkata,,01/07/2024,044304,2071.03
T504277,C100616,12-12-98,M,LUCKNOW,68502.33,01-Mar-2024,021716,3380.89
T503123,C100200,07/09/1984,f,Pune,"99,008.06",05-Jun-2024,145039,2903.32
T502185,C100278,16/05/1989,male,BANGALORE,"113,740.31",06-Nov-2024,204818,INR 105.91
T503628,C100331,09-04-84,Male,Delhi,139917.52,2024-01-31,173824,4118.02
T501647,C100695,14-01-57,Male,,26555.71,2024-01-07,192710,"INR 3,046.35"
T502381,C100791,19/10/1986,Female,Kolkata,91747.28,24/03/2024,045824,11702.2
T500951,C100283,1977-10-18,M,  Surat,"Rs. 54,219.80",24-Aug-2024,000627,2676.29
T505338,C100665,08/12/1963,m,AHMEDABAD,100878.91,15/12/2024,053105,6452.99
T504382,C100200,07/09/1984,f,Pune,"99,008.06",2024-01-19,231119,1184.6
T502955,C100559,04/12/2001,,Mumbai,"83,977.32",14/09/2024,133456,
T504548,C100473,03-04-82,female,Bengaluru,,16-Jan-2024,071625,2839.17
T501012,C100363,1995-08-11,Male,  Surat,"Rs. 6,950.01",2024-05-04,063054,1187.04
T502028,C100175,1997-06-09,,Jaipur,"66,674.74",2024-11-10,015031,7881.6
T504964,C100697,1969-10-22,male,Mumbai,,2024-02-03,132551,1498.54
T502644,C100406,09-01-59,Female,Chennai,"Rs. 70,730.83",05-Dec-2024,151231,2374.72
T503856,C100302,1974-07-11,f,Pune,"45,783.91",02/03/2024,083009,597.04
T502015,C100701,1973-08-26,m,Delhi,26855.95,21/07/2024,053942,2536.51
T503903,C100385,04-09-86,female,PUNE,31830.7,23/05/2024,014245,6019.5
T503891,C100183,17/11/1989,f,Pune,17926.98,21-Aug-2024,071240,519.99
T500360,C100258,26-05-00,Male,,"Rs. 16,944.13",2024-11-25,215912,8458.13
T501820,C100149,2004-10-19,f,mumbai ,31910.38,2024-06-08,010621,4948.86
T501061,C100393,11/11/1981,F,Mumbai,"15,018.25",21/12/2024,235219,2079.79
T501557,C100159,1997-08-16,male,,"Rs. 37,413.50",17/07/2024,015943,4345.77
T500909,C100387,16-02-77,M,Kolkata,20501.21,2024-11-24,221502,1769.34
T505936,C100620,1967-06-27,,CHENNAI,22920.89,2024-03-09,175919,211.67
T500584,C100155,2035-01-01,m,Chennai,,2024-03-16,164407,1156.25
T501905,C100441,26/01/1973,M,LUCKNOW,"109,974.75",07-Dec-2024,071556,5151.87
T503586,C100761,1989-09-02,f,  Surat,"25,607.80",2024-02-08,004556,772.75
T501873,C100311,02/01/1973,F,HYDERABAD,63960.0,21-Jan-2024,073222,INR 707.56
T503787,C100175,1997-06-09,,Jaipur,"66,674.74",09-Apr-2024,230808,2245.43
T502838,C100002,14/10/1990,female,BANGALORE,4740.87,09-Sep-2024,103553,INR 279.53
T504690,C100575,09-06-71,m,JAIPUR,28676.46,26/02/2024,080947,845.25
T502305,C100481,22/05/1988,Male,JAIPUR,"1,624.30",04-Jan-2024,072919,447.03
T502886,C100185,1990-08-13,f,Kolkata,"Rs. 119,141.06",2024-02-17,104055,16803.2
T500378,C100242,14-05-91,male,HYDERABAD,"Rs. 103,866.17",2024-09-12,113744,5885.41
T500667,C100760,14/03/1974,F,mumbai ,286147.6,20/01/2024,065154,7676.2
T503535,C100636,07/07/1969,female,  Surat,"Rs. 52,253.95",2024-02-07,123018,1720.08
T501984,C100586,03-01-02,,HYDERABAD,69749.17,09-May-2024,071845,"INR 2,408.00"
T504821,C100105,18/10/1995,F,LUCKNOW,21507.37,2024-09-06,144613,8798.77
T504932,C100015,1994-04-22,M,MUMBAI,,28-Oct-2024,163231,963.24
T505546,C100412,1985-02-10,,MUMBAI,"Rs. 21,748.09",15-Jan-2024,100139,3473.86
T503929,C100527,19-04-72,male,AHMEDABAD,"Rs. 6,830.51",2024-01-29,020418,1013.9
T502281,C100342,07/06/1969,M,  Surat,9262.22,02-Jan-2024,004727,2811.58
T505832,C100573,1976-01-19,male,Hyderabad,41943.84,27/11/2024,031407,4732.46
T505199,C100418,1960-01-14,,HYDERABAD,,2024-12-05,234911,7366.11
T501152,C100460,21-05-95,F,NAGPUR,"Rs. 1,024.77",30-Mar-2024,152801,
T505527,C100190,06/11/1979,male,Jaipur,"Rs. 39,923.71",2024-03-03,194013,276350.0
T504490,C100702,0000-00-00,Female,Mumbai,2914.57,2024-06-27,145145,1424.26
T504052,C100668,21-07-78,Female,Bangalore,"99,681.03",17-Aug-2024,151726,"INR 9,509.01"
T501192,C100061,20-01-84,Male,MUMBAI,"13,029.33",2024-06-08,134625,4882.92
T505638,C100274,1973-07-26,Male,Kolkata,,2024-11-03,205246,
T500423,C100240,24/12/2003,M,mumbai ,"58,083.30",02-Dec-2024,011101,-3667.42
T505894,C100776,1964-07-01,female,Bangalore,"Rs. 31,244.52",31-Jan-2024,195349,1384.07
T500139,C100400,17/12/1961,female,Pune,,25/06/2024,223933,3366.83
T503507,C100339,20/04/1966,male,PUNE,"Rs. 62,182.35",09-Jul-2024,061335,586.23
T500414,C100546,20/05/1993,male,DELHI,"Rs. 76,684.14",14-Oct-2024,110007,1172.11
T502685,C100733,2001-05-03,f,BANGALORE,"Rs. 244,077.09",20/01/2024,103727,"INR 6,668.07"
T502469,C100006,1990-05-02,female,Bangalore,"Rs. 40,563.16",2024-03-15,043239,"INR 4,637.82"
T501423,C100652,1991-12-20,Male,,"Rs. 58,919.28",14/03/2024,072159,"INR 9,956.16"
T502125,C100280,1996-03-06,male,KOLKATA,"61,078.77",2024-01-05,011503,
T503825,C100266,05/08/1960,f,  Surat,"201,021.76",2024-05-12,090540,12704.77
T502316,C100056,20/08/1973,M,CHENNAI,"Rs. 116,022.67",13-Nov-2024,035245,2297.07
T504891,C100339,20/04/1966,male,PUNE,"Rs. 62,182.35",30/06/2024,100040,
T503777,C100189,16/02/1969,female,MUMBAI,"7,756.98",2024-02-28,080246,"INR 6,866.76"
T500984,C100792,13-12-83,M,Bengaluru,147204.05,2024-09-22,122311,2037.64
T501074,C100203,01/02/2002,female,KOLKATA,3361.7,2024-08-02,072615,836.16
T501483,C100767,0000-00-00,F,,70068.58,30/04/2024,180135,3838.74
T502575,C100405,1959-09-13,m,NAGPUR,"Rs. 5,646.11",07-Aug-2024,033319,930.89
T504295,C100151,1955-06-05,Male,Kolkata,"Rs. 83,391.84",12-Apr-2024,062106,5390.9
T504432,C100311,02/01/1973,F,HYDERABAD,63960.0,07/10/2024,015851,6456.33
T503406,C100519,1980-12-10,M,KOLKATA,103786.19,18/05/2024,035929,575.31
T505399,C100773,10-04-82,,KOLKATA,,2024-02-10,173415,5473.79
T503240,C100727,1978-08-19,female,JAIPUR,"Rs. 123,863.27",2024-09-09,051718,1478.74
T502203,C100691,13/08/1998,m,Pune,,19-Aug-2024,070446,7554.85
T501922,C100787,22-04-97,F,Delhi,"16,021.57",2024-05-24,183558,869.8
T505320,C100213,26/03/1989,female,Kolkata,16101.96,13-Jan-2024,104214,3854.4
T504968,C100032,16/10/1977,female,Kolkata,"27,810.10",19/06/2024,222429,483.65
T500460,C100132,13-02-62,,Delhi,,02-Jun-2024,204643,220.34
T500156,C100065,18/02/2001,M,Delhi,55990.05,2024-08-21,000102,8912.92
T505055,C100368,1991-10-16,F,Jaipur,"144,315.15",02/01/2024,054107,6654.25
T504103,C100699,15/11/2003,female,KOLKATA,20709.46,21-Mar-2024,133510,4855.91
T503636,C100432,23-09-63,f,Jaipur,,19-Mar-2024,014421,1309.86
T501718,C100079,20-07-04,M,Delhi,"Rs. 80,811.92",07-Jun-2024,094037,8134.72
T500529,C100057,21/12/1998,Male,Hyderabad,"108,663.77",2024-01-08,073401,2419.14
T500492,C100565,19/09/2004,f,BANGALORE,"67,225.87",21-Mar-2024,054330,10123.49
T502780,C100733,2001-05-03,f,BANGALORE,"Rs. 244,077.09",10-Jun-2024,101754,1437.2
T505718,C100129,22/07/1964,M,Delhi,"39,437.66",03/06/2024,193116,632.55
T502091,C100052,13-07-60,Female,MUMBAI,"Rs. 54,071.44",2024-03-01,023402,2201.24
T500721,C100740,22-08-78,F,JAIPUR,,2024-01-11,155147,2291.96
T505880,C100648,03-09-71,F,HYDERABAD,"Rs. 9,700.19",24/06/2024,113741,294.19
T501124,C100065,18/02/2001,M,Delhi,55990.05,2024-08-12,093756,2201.54
T500087,C100349,,Female,PUNE,"397,135.49",23/07/2024,232840,3098.75
T504104,C100254,08/06/1964,Female,Ahmedabad,184790.05,2024-06-15,005653,2324.09
T504827,C100421,1985-01-17,Male,Chennai,"123,501.29",2024-11-14,174845,2932.25
T500940,C100770,02/12/1995,female,JAIPUR,,22/03/2024,192715,3404.19
T502844,C100379,1983-05-04,m,Mumbai,"71,283.08",16/10/2024,201544,2452.21
T502811,C100714,1967-02-19,Male,Bengaluru,"13,233.37",11/09/2024,171241,"INR 2,546.21"
T504378,C100246,11/12/1992,Male,Delhi,459949.04,2024-07-04,161400,
T503071,C100790,03/02/1994,female,Pune,"108,574.79",2024-09-05,035931,221.38
T505569,C100346,22/08/1993,M,PUNE,"134,207.78",2024-10-11,165819,16854.22
T500513,C100278,16/05/1989,male,BANGALORE,"113,740.31",16/09/2024,113717,2461.87
T505820,C100518,1981-02-02,Female,Pune,17929.39,07-Jun-2024,160635,208275.0
T503159,C100069,1969-10-07,M,,884.62,2024-10-20,071349,558.38
T500668,C100048,06/04/2003,male,Chennai,"13,288.01",2024-02-18,225348,55.27
T500644,C100534,21/09/1980,Female,MUMBAI,,2024-01-05,104839,"INR 1,378.85"
T505611,C100143,1981-07-23,M,PUNE,"241,385.44",2024-05-06,143825,16767.84
T505884,C100414,2002-02-15,F,PUNE,"61,143.12",10/11/2024,004146,3319.5
T500214,C100174,1972-07-21,m,Bengaluru,97279.18,27-Mar-2024,185925,2339.03
T501909,C100783,19-07-99,male,BANGALORE,"23,913.12",2024-01-29,101541,687.51
T501111,C100468,04-04-68,Male,Chennai,84203.67,19/08/2024,103512,
T504038,C100652,1991-12-20,Male,,"Rs. 58,919.28",29/10/2024,061908,6119.56
T501876,C100747,1969-08-14,female,MUMBAI,52638.76,28/04/2024,181711,227.06
T501297,C100653,1965-06-07,f,AHMEDABAD,"Rs. 305,029.15",26-Mar-2024,020820,10147.63
T505997,C100043,15/11/1955,female,CHENNAI,"Rs. 3,931.81",30/11/2024,125213,3821.1
T503412,C100042,1968-11-12,Male,mumbai ,41014.43,31-May-2024,093656,1421.61
T503785,C100423,23/10/2004,M,CHENNAI,"138,103.22",2024-06-14,111526,12830.05
T504984,C100229,2004-07-25,Female,CHENNAI,47420.96,03/08/2024,142027,"INR 1,389.34"
T503836,C100637,09-04-89,F,PUNE,,24/06/2024,104426,6029.69
T505491,C100413,1975-06-17,Male,Chennai,,2024-04-28,041548,2949.61
T502794,C100532,2004-12-08,M,Ahmedabad,,15/08/2024,071719,5530.93
T500075,C100197,09-04-87,Male,Bengaluru,"Rs. 12,957.49",06/09/2024,041632,543.36
T502234,C100079,20-07-04,M,Delhi,"Rs. 80,811.92",24-Sep-2024,193347,7594.48
T502116,C100531,13-12-67,Male,CHENNAI,"Rs. 38,254.58",2024-06-23,082514,1961.3
T502419,C100164,1997-11-15,Female,DELHI,"20,966.32",2024-07-06,222008,1094.91
T501536,C100235,21-09-81,female,Pune,"Rs. 15,017.22",2024-02-03,231101,2509.49
T502526,C100600,1981-05-01,f,Jaipur,"67,373.79",30/09/2024,092005,1022.83
T501381,C100503,12/08/1956,F,Pune,"146,446.03",30-Jul-2024,141000,7769.13
T501493,C100357,06/01/1977,female,MUMBAI,76877.42,12-Oct-2024,034202,368.7
T504336,C100136,17/08/2002,,Ahmedabad,,2024-10-02,230404,9826.62
T503897,C100301,1990-12-15,female,Delhi,30265.49,30/05/2024,212830,3296.29
T502311,C100625,1969-04-02,M,LUCKNOW,21865.24,2024-09-12,223610,781.52
T501645,C100567,23-01-92,Female,NAGPUR,"Rs. 11,762.16",10/11/2024,152734,698.04
T503721,C100303,1973-06-05,male,BANGALORE,"16,218.38",10-Oct-2024,084651,684.11
T505342,C100538,1970-11-08,Male,Ahmedabad,,10-Mar-2024,111904,4397.47
T501879,C100737,03/06/1961,f,Delhi,"Rs. 71,291.17",2024-09-29,063051,"INR 1,780.37"
T505642,C100200,07/09/1984,f,Pune,"99,008.06",25-Mar-2024,134932,6221.27
T505800,C100493,0000-00-00,F,AHMEDABAD,"Rs. 102,129.94",24-Mar-2024,051201,2399.03
T501258,C100449,09-08-01,Male,CHENNAI,,19-Mar-2024,164717,8522.37
T505857,C100006,1990-05-02,female,Bangalore,"Rs. 40,563.16",2024-12-05,060437,"INR 1,569.33"
T503363,C100086,1987-10-15,,LUCKNOW,"Rs. 11,228.91",08/09/2024,035548,907.03
T505849,C100380,16-03-60,Female,DELHI,,2024-06-30,200424,1551.03
T502019,C100283,1977-10-18,M,  Surat,"Rs. 54,219.80",23/06/2024,231719,19.09
T505160,C100212,24-06-00,female,NAGPUR,"119,741.09",23/04/2024,002424,5248.08
T505370,C100183,17/11/1989,f,Pune,17926.98,21-Dec-2024,050549,"INR 2,285.65"
T504030,C100266,05/08/1960,f,  Surat,"201,021.76",03-Jul-2024,072730,
T500789,C100679,10-11-58,m,Kolkata,39458.8,2024-06-11,193044,"INR 4,669.00"
T505104,C100549,20/03/1985,F,DELHI,"92,675.90",29/01/2024,032916,1404.24
T504275,C100001,03/03/1976,,AHMEDABAD,"43,869.35",08/04/2024,043800,"INR 19,011.43"
T500294,C100095,1980-11-25,Female,Ahmedabad,,2024-12-23,042418,"INR 3,499.74"
T504538,C100033,14-10-55,F,Chennai,54600.09,2024-10-24,185036,2121.01
T501632,C100487,18-04-93,Male,DELHI,"5,364.64",17/05/2024,081256,586.81
T503375,C100576,15-11-74,female,NAGPUR,,2024-05-11,000648,177.35
T505071,C100298,19-04-68,male,mumbai ,12653.3,12-Feb-2024,023253,985.21
T504235,C100295,24-01-70,m,Bangalore,"Rs. 25,848.99",2024-03-25,182944,272.32
T505206,C100393,11/11/1981,F,Mumbai,"15,018.25",10/06/2024,082321,478.41
T503113,C100038,16/08/2001,M,Kolkata,38387.92,05/10/2024,145259,6041.14
T503762,C100077,06-01-90,Female,Ahmedabad,"28,809.70",06-Jan-2024,191144,1839.6
T502421,C100690,21-04-58,Male,BANGALORE,"Rs. 120,392.94",2024-07-09,134058,9545.84
T501145,C100716,11-02-72,F,,"Rs. 240,805.50",04/01/2024,045646,16854.64
T501960,C100078,19/07/1963,female,Chennai,51575.85,21-Jan-2024,024814,384.84
T502098,C100522,20-07-55,Male,CHENNAI,"35,215.42",2024-06-21,154055,3677.91
T500002,C100623,1972-07-11,female,NAGPUR,,05-Dec-2024,170327,1077.92
T500964,C100645,02-11-81,m,,,04/10/2024,201247,13237.93
T505413,C100722,15/06/1955,male,Delhi,"9,982.58",26/09/2024,021527,828.58
T504415,C100136,17/08/2002,,Ahmedabad,,26-Mar-2024,170436,12827.17
T500653,C100443,13/05/2004,Female,NAGPUR,102909.31,2024-06-18,035631,100.15
T502661,C100393,11/11/1981,F,Mumbai,"15,018.25",25/04/2024,115736,147.0
T504664,C100264,1984-01-06,male,HYDERABAD,,2024-11-20,235743,7085.98
T500744,C100554,24-01-80,m,  Surat,"31,094.72",02-May-2024,153732,996.41
T500259,C100418,1960-01-14,,HYDERABAD,,26/02/2024,220801,3256.47
T503001,C100571,1961-01-15,male,JAIPUR,"Rs. 15,548.64",2024-01-13,204452,350.66
T500533,C100493,0000-00-00,F,AHMEDABAD,"Rs. 102,129.94",18/10/2024,031418,2054.09
T500633,C100637,09-04-89,F,PUNE,,2024-03-13,042427,"INR 8,280.86"
T500556,C100555,27-03-93,female,Ahmedabad,"66,420.28",22-Jun-2024,030620,"INR 3,129.07"
T500590,C100279,1957-08-17,Male,Jaipur,"45,765.21",2024-07-29,101422,2892.3
T504037,C100559,04/12/2001,,Mumbai,"83,977.32",10/01/2024,054651,1066.07
T500886,C100561,26-08-91,F,Mumbai,"Rs. 39,563.93",2024-03-27,102956,456.32
T504507,C100794,15/07/1959,Female,PUNE,"Rs. 32,969.19",29-Feb-2024,001947,2663.3
T500495,C100651,02/01/1989,female,Chennai,"79,050.49",2024-11-03,184754,12699.35
T505116,C100038,16/08/2001,M,Kolkata,38387.92,25-Dec-2024,163741,2783.29
T500362,C100511,1977-08-05,Female,,"10,555.44",08-Jul-2024,192424,70.35
T502027,C100162,1997-09-24,m,Delhi,"Rs. 42,810.30",2024-02-14,202419,569.15
T504332,C100510,2000-03-08,F,Ahmedabad,"235,563.00",30-Sep-2024,015222,8271.46
T501150,C100630,10-04-59,M,AHMEDABAD,,20-Jun-2024,030701,664.78
T503441,C100184,10-07-88,f,BANGALORE,45597.09,2024-01-16,183732,1128.35
T502989,C100082,15-12-75,,Hyderabad,"Rs. 3,621.26",25/11/2024,071657,380.31
T504217,C100214,1998-09-06,F,LUCKNOW,"Rs. 68,205.42",25-Oct-2024,112723,4805.31
T503999,C100701,1973-08-26,m,Delhi,26855.95,31-Jul-2024,164524,573.29
T500662,C100599,1960-07-23,m,  Surat,"8,719.83",2024-06-19,152052,1700.04
T500993,C100680,1964-12-27,male,Chennai,83125.23,06/05/2024,235022,986.92
T500648,C100591,1975-05-16,Male,Jaipur,"31,294.72",27/05/2024,084432,758.32
T502082,C100349,,Female,PUNE,"397,135.49",23-Dec-2024,171738,5261.99
T501712,C100560,01-01-1900,female,Jaipur,25797.87,06/08/2024,092312,4092.77
T500070,C100212,24-06-00,female,NAGPUR,"119,741.09",22-Jan-2024,163419,
T504953,C100421,1985-01-17,Male,Chennai,"123,501.29",02/09/2024,140138,2633.86
T503602,C100729,18-06-74,M,LUCKNOW,"264,299.97",29-Apr-2024,114737,10839.77
T504482,C100096,20/08/1961,M,LUCKNOW,"76,980.73",03/04/2024,215339,1105.56
T503683,C100652,1991-12-20,Male,,"Rs. 58,919.28",2024-12-24,124728,4434.51
T501686,C100588,2003-09-24,,KOLKATA,"Rs. 10,922.29",17-Jun-2024,090724,3102.08
T504636,C100121,,,DELHI,,02/04/2024,225740,"INR 1,431.45"
T501312,C100094,20/03/1981,f,Bangalore,50521.45,21-Mar-2024,124134,4345.08
T505258,C100297,24-02-63,female,HYDERABAD,7611.24,13/01/2024,053432,2131.12
T500906,C100692,1971-01-16,male,  Surat,,2024-04-28,200500,4132.73
T503003,C100146,20/10/1976,male,MUMBAI,"113,306.25",2024-09-07,134810,1832.05
T503621,C100645,02-11-81,m,,,2024-10-29,220508,1946.22
T503492,C100173,2003-09-18,Female,PUNE,"Rs. 28,296.42",14/10/2024,030448,"INR 1,292.28"
T505158,C100184,10-07-88,f,BANGALORE,45597.09,09/10/2024,065502,1288.24
T502970,C100541,13-01-74,male,Ahmedabad,"186,265.55",10/06/2024,071111,-12223.79
T504355,C100184,10-07-88,f,BANGALORE,45597.09,27-Oct-2024,072840,1054.35
T505383,C100140,1964-06-15,,KOLKATA,699519.01,13-May-2024,023506,4876.76
T504611,C100779,21-03-59,female,KOLKATA,"297,969.29",2024-12-17,205031,"INR 1,000.96"
T504725,C100570,1960-04-04,Female,Kolkata,8280.19,2024-03-21,190539,251.3
T500009,C100698,03/10/1986,M,mumbai ,"Rs. 186,379.37",30/05/2024,073245,2281.94
T500873,C100588,2003-09-24,,KOLKATA,"Rs. 10,922.29",25/07/2024,080838,1552.35
T503773,C100318,19/04/1976,,JAIPUR,"171,947.48",07/08/2024,052753,8220.86
T505304,C100339,20/04/1966,male,PUNE,"Rs. 62,182.35",25-Sep-2024,012054,2049.24
T504000,C100563,17-08-73,,DELHI,,25-May-2024,125814,7570.07
T504762,C100089,10-03-85,m,CHENNAI,,2024-08-11,023526,7064.3
T502389,C100099,1959-04-20,f,Ahmedabad,5650.19,30-Jan-2024,095837,498.58
T504397,C100794,15/07/1959,Female,PUNE,"Rs. 32,969.19",2024-01-09,165745,"INR 3,101.90"
T505460,C100414,2002-02-15,F,PUNE,"61,143.12",04-Oct-2024,225810,1429.64
T505623,C100699,15/11/2003,female,KOLKATA,20709.46,08-Oct-2024,090347,7640.45
T504289,C100377,07/07/1965,m,Bangalore,31307.17,07/08/2024,055101,4255.17
T505343,C100636,07/07/1969,female,  Surat,"Rs. 52,253.95",2024-09-13,193840,2409.14
T504456,C100724,07-07-82,,Delhi,41634.26,18-Mar-2024,125006,5928.1
T500284,C100701,1973-08-26,m,Delhi,26855.95,19-Dec-2024,152205,872.26
T502036,C100219,21/11/1997,female,Bengaluru,20875.12,2024-10-14,100321,-1741.89
T503797,C100439,08/03/1967,female,BANGALORE,"Rs. 48,286.94",2024-03-07,071035,381.08
T505143,C100737,03/06/1961,f,Delhi,"Rs. 71,291.17",2024-07-18,121657,2463.95
T502698,C100780,21-03-63,Female,  Surat,1632.01,12-May-2024,164730,798.88
T501897,C100603,12/05/2000,M,PUNE,"3,993.34",2024-03-02,161346,2186.12
T502534,C100622,1963-04-08,male,Pune,"114,620.95",07-Nov-2024,044145,2947.24
T502855,C100797,09-08-84,F,LUCKNOW,"21,946.42",09/11/2024,154636,321.48
T502428,C100792,13-12-83,M,Bengaluru,147204.05,2024-06-04,035520,1800.74
T502901,C100089,10-03-85,m,CHENNAI,,01/09/2024,024926,INR 166.43
T503817,C100155,2035-01-01,m,Chennai,,2024-05-28,050112,"INR 4,142.47"
T502827,C100064,26/04/1981,male,LUCKNOW,,2024-11-21,230351,685.84
T500498,C100671,18/02/1957,M,mumbai ,60107.96,2024-01-06,212625,"INR 2,327.10"
T503228,C100622,1963-04-08,male,Pune,"114,620.95",2024-03-28,135603,13840.06
T505008,C100489,02-06-90,Male,Mumbai,72526.62,2024-05-07,174853,2353.29
T502172,C100750,20-09-76,M,MUMBAI,"Rs. 140,121.33",11/11/2024,091043,
T500379,C100545,14/11/1965,F,Mumbai,76933.29,05-Dec-2024,155358,1170.59
T504420,C100042,1968-11-12,Male,mumbai ,41014.43,04/06/2024,091941,2404.2
T504967,C100510,2000-03-08,F,Ahmedabad,"235,563.00",05-Nov-2024,094409,25335.59
T501052,C100091,1994-12-19,f,Kolkata,138944.05,23/12/2024,072328,229.27
T500190,C100294,1977-04-19,Female,HYDERABAD,,24-Mar-2024,192805,980.78
T502675,C100750,20-09-76,M,MUMBAI,"Rs. 140,121.33",06/07/2024,091138,3671.05
T501720,C100560,01-01-1900,female,Jaipur,25797.87,04/02/2024,214449,3377.67
T502805,C100798,01/02/2000,male,DELHI,"17,004.51",09-Sep-2024,094350,207.93
T504578,C100607,01-01-1900,m,KOLKATA,"11,588.68",2024-11-05,130255,366.79
T500020,C100416,20/10/1988,Male,JAIPUR,77721.72,27-May-2024,045237,2855.48
T503223,C100709,15-12-01,Female,NAGPUR,"Rs. 253,403.83",2024-10-24,051303,"INR 2,512.44"
T502235,C100589,24-11-75,female,CHENNAI,"101,026.53",2024-07-29,103944,1613.88
T503173,C100504,1999-12-20,M,Jaipur,97634.59,20/07/2024,095817,4979.25
T502020,C100519,1980-12-10,M,KOLKATA,103786.19,2024-11-28,143348,2026.45
T505977,C100517,2001-06-26,male,JAIPUR,"53,788.28",25/07/2024,162754,3156.38
T504319,C100222,1969-03-14,F,LUCKNOW,"77,445.15",21/09/2024,075152,1934.45
T504814,C100474,22-02-85,m,Chennai,20972.53,2024-03-29,200205,579.45
T500208,C100563,17-08-73,,DELHI,,19/12/2024,090634,
T505783,C100389,1975-12-07,F,Kolkata,,2024-01-31,113214,10243.0
T504534,C100372,19/12/1983,Female,Mumbai,59995.96,09-May-2024,074854,1729.72
T504306,C100554,24-01-80,m,  Surat,"31,094.72",11/01/2024,180533,4340.9
T504374,C100112,1984-02-13,,CHENNAI,,19-Aug-2024,224538,1649.92
T500150,C100307,07-10-04,male,LUCKNOW,"43,413.56",04-Sep-2024,025252,INR 841.05
T500022,C100641,15-09-04,M,PUNE,"23,713.23",2024-08-31,151758,956.28
T504786,C100014,1995-01-22,M,LUCKNOW,72097.18,04/10/2024,103607,"INR 2,510.79"
T502825,C100046,27-11-85,female,DELHI,4232.4,13/02/2024,144318,902.92
T504800,C100450,1992-01-17,F,DELHI,"111,417.27",24/09/2024,060926,6430.75
T501331,C100772,12-01-75,Female,Chennai,"Rs. 14,449.91",26-Jan-2024,030156,
T504081,C100243,26-10-81,male,Ahmedabad,16321.79,07-Feb-2024,101604,3660.28
T500657,C100506,05-06-63,Female,Mumbai,"26,364.30",2024-12-06,080153,380.85
T502657,C100095,1980-11-25,Female,Ahmedabad,,24-Apr-2024,170224,1377.94
T501382,C100700,06-03-88,Male,Pune,,12/06/2024,155145,
T501807,C100621,2001-07-16,F,HYDERABAD,"58,120.95",2024-05-28,023143,2400.38
T503044,C100668,21-07-78,Female,Bangalore,"99,681.03",2024-06-05,154453,5399.37
T501962,C100653,1965-06-07,f,AHMEDABAD,"Rs. 305,029.15",23/07/2024,053756,6209.93
T502376,C100648,03-09-71,F,HYDERABAD,"Rs. 9,700.19",30/07/2024,055444,305.23
T503772,C100293,13-05-89,Male,BANGALORE,"10,023.20",24/03/2024,000209,486.41
T504227,C100483,2004-08-13,male,Mumbai,,2024-08-08,213358,2624.39
T504499,C100294,1977-04-19,Female,HYDERABAD,,21-Mar-2024,124125,514.49
T502788,C100471,1963-03-11,Male,Bangalore,,23-Oct-2024,175550,516.0
T500939,C100260,05-07-82,M,Mumbai,"47,216.74",29/08/2024,163603,2004.67
T503564,C100048,06/04/2003,male,Chennai,"13,288.01",2024-03-13,002412,279.66
T505091,C100531,13-12-67,Male,CHENNAI,"Rs. 38,254.58",24/06/2024,042759,2613.29
T504377,C100419,14-06-59,M,DELHI,26055.1,2024-02-29,225450,537.48
T502103,C100245,12/03/1955,M,PUNE,"Rs. 7,617.01",2024-04-29,084715,821.87
T501527,C100763,10/09/1994,m,MUMBAI,,05/04/2024,233654,2943.83
T500340,C100163,04/08/1970,m,Kolkata,"Rs. 3,126.03",2024-03-25,044003,INR -300.50
T504537,C100300,1990-09-07,Male,Chennai,,20-Jun-2024,101738,728.41
T500420,C100733,2001-05-03,f,BANGALORE,"Rs. 244,077.09",2024-12-18,165014,9639.6
T500761,C100150,10-08-01,f,KOLKATA,"Rs. 80,031.58",16/07/2024,004208,1145.04
T502540,C100436,06-10-60,F,Jaipur,"Rs. 93,354.27",25/09/2024,043118,212.35
T503337,C100349,,Female,PUNE,"397,135.49",2024-05-11,021307,4008.75
T504063,C100622,1963-04-08,male,Pune,"114,620.95",17/04/2024,072807,
T501868,C100447,1994-02-09,male,Ahmedabad,"11,950.03",19-Dec-2024,043911,352.91
T502703,C100082,15-12-75,,Hyderabad,"Rs. 3,621.26",21/10/2024,202144,322.04
T502894,C100058,26-02-76,m,  Surat,,11-Nov-2024,120358,2933.4
T503826,C100223,01-11-75,female,NAGPUR,7196.01,10-Aug-2024,222431,1717.81
T503744,C100178,1996-12-02,female,mumbai ,"Rs. 18,046.45",03-Feb-2024,120946,2221.47
T500884,C100712,1984-12-18,M,NAGPUR,"7,145.18",25/02/2024,040743,1557.9
T504715,C100584,27/02/1997,F,Chennai,"16,020.27",19-Apr-2024,171055,108.02
T502702,C100045,0000-00-00,m,,"Rs. 50,615.70",30/01/2024,005813,885.43
T505517,C100729,18-06-74,M,LUCKNOW,"264,299.97",15/03/2024,024929,4934.27
T501286,C100473,03-04-82,female,Bengaluru,,10-Oct-2024,054042,INR 203.44
T503202,C100255,1959-12-07,female,PUNE,,2024-12-23,105217,3340.51
T505273,C100091,1994-12-19,f,Kolkata,138944.05,30-May-2024,134044,"INR 10,028.83"
T500710,C100306,23/04/1967,male,PUNE,63186.77,01-Aug-2024,214051,823.92
T505764,C100459,20/07/1999,,LUCKNOW,"5,482.84",04-Jan-2024,033233,INR 93.97
T500098,C100442,17/11/1956,Female,AHMEDABAD,"8,610.61",25-Oct-2024,060419,INR 808.40
T500890,C100342,07/06/1969,M,  Surat,9262.22,17-Feb-2024,115508,1537.89
T504339,C100676,12-03-59,,NAGPUR,"44,650.65",05/11/2024,145317,17225.96
T501982,C100012,12/10/1993,F,,"Rs. 50,102.02",21-Feb-2024,094603,609.95
T502261,C100377,07/07/1965,m,Bangalore,31307.17,21-Dec-2024,123511,
T504249,C100743,1968-05-24,Male,,121700.99,13/10/2024,113902,4402.3
T502625,C100123,14-09-96,M,Hyderabad,24576.12,10/05/2024,181930,283.4
T501039,C100003,1961-03-26,,Kolkata,"Rs. 48,217.77",06/03/2024,024844,2001.67
T503631,C100745,16/11/2002,Female,AHMEDABAD,53359.6,21-Jun-2024,032157,2532.12
T505714,C100765,07/11/1958,m,Chennai,"22,571.43",16-Jul-2024,005952,881.33
T504389,C100796,13-01-85,F,CHENNAI,22196.84,11-Oct-2024,182704,INR 607.18
T501062,C100723,05/06/1971,male,  Surat,"78,759.05",07-Jun-2024,075827,1533.97
T502632,C100741,24/04/1966,m,Kolkata,32097.85,05/02/2024,025158,3473.89
T503530,C100136,17/08/2002,,Ahmedabad,,17/01/2024,195604,17707.84
T503620,C100379,1983-05-04,m,Mumbai,"71,283.08",30/07/2024,134554,4690.65
T501465,C100019,0000-00-00,,Bengaluru,102437.46,13/12/2024,021658,-5876.93
T505083,C100297,24-02-63,female,HYDERABAD,7611.24,28-Aug-2024,005352,121.21
T505107,C100051,21/02/1976,m,PUNE,"169,367.84",2024-12-24,184416,"INR 9,965.76"
T501991,C100734,1985-06-24,F,Pune,"29,158.72",08-Oct-2024,073710,415.23
T505205,C100512,19/08/1986,m,,"Rs. 88,055.27",03/03/2024,000348,10321.07
T501398,C100076,05-07-01,female,Ahmedabad,"Rs. 12,298.94",12/05/2024,005501,1112.06
T500670,C100475,01-01-1900,Female,Bengaluru,"89,827.75",14-Jun-2024,071336,INR 248.75
T501262,C100083,11-01-60,f,Hyderabad,"7,606.81",2024-02-19,064455,1419.0
T504596,C100259,07-04-02,female,Ahmedabad,"Rs. 22,163.71",27/01/2024,145541,1503.3
T502405,C100329,08/11/1958,Male,Ahmedabad,"37,113.65",16-Dec-2024,190633,7575.78
T505200,C100070,1994-10-17,F,LUCKNOW,"29,489.38",2024-12-09,195813,1914.06
T502022,C100493,0000-00-00,F,AHMEDABAD,"Rs. 102,129.94",2024-03-24,202225,1906.98
T501196,C100331,09-04-84,Male,Delhi,139917.52,23/07/2024,231254,1544.66
T500416,C100490,23-01-92,m,LUCKNOW,,10-Oct-2024,125152,201.45
T504287,C100556,0000-00-00,f,HYDERABAD,"Rs. 92,723.33",2024-07-02,163929,7584.11
T503192,C100552,16-10-61,,Ahmedabad,34675.53,07/05/2024,140025,159.39
T504769,C100278,16/05/1989,male,BANGALORE,"113,740.31",04/03/2024,064429,2879.13
T503383,C100440,24/04/1990,,DELHI,1809.61,2024-12-30,081649,544.62
T503870,C100150,10-08-01,f,KOLKATA,"Rs. 80,031.58",2024-07-14,170658,244.72
T503054,C100594,1990-02-24,male,Hyderabad,"Rs. 73,506.23",19-Jan-2024,011040,4527.75
T501011,C100218,1979-01-08,male,AHMEDABAD,"Rs. 470,799.86",2024-08-02,102730,2247.15
T503278,C100214,1998-09-06,F,LUCKNOW,"Rs. 68,205.42",2024-02-26,063603,145.32
T501236,C100629,25/12/1993,female,DELHI,"Rs. 24,299.30",2024-04-23,075552,1755.08
T501703,C100243,26-10-81,male,Ahmedabad,16321.79,2024-03-28,225453,365.12
T505488,C100717,1983-04-25,F,mumbai ,,27-Jan-2024,112214,3100.49
T500898,C100373,05/09/1971,m,Ahmedabad,"Rs. 1,842.75",2024-02-24,174215,242.16
T500200,C100680,1964-12-27,male,Chennai,83125.23,21-Jun-2024,141803,12048.52
T501727,C100783,19-07-99,male,BANGALORE,"23,913.12",20/03/2024,092322,1227.78
T502864,C100386,13-07-73,,JAIPUR,"Rs. 12,445.00",2024-03-28,231114,199.2
T503362,C100237,10-10-56,Male,PUNE,,01/11/2024,024304,2225.99
T500734,C100640,22/11/2003,male,AHMEDABAD,,03/03/2024,025346,1879.46
T504402,C100663,24/03/1961,m,,"600,713.48",15-Mar-2024,025348,1873.47
T501206,C100191,02-01-79,M,PUNE,"Rs. 70,003.54",15/06/2024,102511,
T502905,C100061,20-01-84,Male,MUMBAI,"13,029.33",11-Dec-2024,195606,11431.77
T500599,C100769,1990-04-07,Female,CHENNAI,"Rs. 29,909.50",27/08/2024,012315,670.81
T504178,C100199,12-08-83,male,Mumbai,71799.72,03-Aug-2024,174245,1143.68
T500400,C100244,24-09-83,female,DELHI,,2024-06-29,111733,2557.21
T505168,C100089,10-03-85,m,CHENNAI,,2024-01-20,145621,4006.18
T501776,C100064,26/04/1981,male,LUCKNOW,,2024-06-28,003801,174.54
T505418,C100158,03/01/1979,F,Mumbai,"2,998.95",07-Apr-2024,005856,1240.3
T500514,C100386,13-07-73,,JAIPUR,"Rs. 12,445.00",21-Feb-2024,175934,INR 589.79
T502930,C100001,03/03/1976,,AHMEDABAD,"43,869.35",07/10/2024,074216,2914.66
T504465,C100140,1964-06-15,,KOLKATA,699519.01,31/08/2024,235248,2386.85
T504766,C100172,18-12-91,,LUCKNOW,180835.83,11-Dec-2024,201637,6591.02
T500276,C100408,1983-01-10,m,Mumbai,30500.46,28/09/2024,025252,1246.39
T500814,C100606,15-10-04,,Kolkata,,18/02/2024,161020,264.68
T503309,C100619,27/10/1979,F,Jaipur,"618,590.11",2024-06-02,012959,"INR 4,623.69"
T502206,C100483,2004-08-13,male,Mumbai,,2024-06-24,062945,"INR 2,603.55"
T500891,C100336,27-02-97,M,NAGPUR,75339.25,2024-04-25,023554,13996.33
T501505,C100347,13/10/1963,m,mumbai ,"37,311.99",2024-07-12,233748,5172.4
T505245,C100480,08-09-93,F,MUMBAI,"Rs. 37,940.98",2024-06-28,211752,2014.34
T505294,C100140,1964-06-15,,KOLKATA,699519.01,2024-04-18,101832,"INR 5,432.32"
T503397,C100374,01/06/1997,f,Jaipur,55312.12,21/09/2024,021522,2188.2
T503989,C100745,16/11/2002,Female,AHMEDABAD,53359.6,10/11/2024,105850,3921.28
T501035,C100479,22/10/1980,f,Kolkata,"Rs. 98,501.77",2024-07-05,233058,"INR 14,181.15"
T503556,C100620,1967-06-27,,CHENNAI,22920.89,08-Apr-2024,031722,
T500219,C100470,05-02-97,F,NAGPUR,155474.78,2024-11-20,205349,8951.63
T502265,C100726,1966-04-07,m,KOLKATA,"Rs. 213,622.83",31/01/2024,162636,4606.62
T503605,C100240,24/12/2003,M,mumbai ,"58,083.30",17/07/2024,055708,"INR 1,650.63"
T502741,C100658,1996-06-17,female,Chennai,"62,261.48",2024-05-01,000133,7254.7
T503837,C100012,12/10/1993,F,,"Rs. 50,102.02",2024-04-07,121537,5232.17
T500133,C100776,1964-07-01,female,Bangalore,"Rs. 31,244.52",24/07/2024,161040,5150.52
T505109,C100680,1964-12-27,male,Chennai,83125.23,2024-08-08,091615,17052.43
T505450,C100413,1975-06-17,Male,Chennai,,2024-11-20,165233,1067.58
T500821,C100451,19-01-02,m,Chennai,24527.13,06/10/2024,191743,INR 330.01
T502688,C100718,1957-11-26,F,DELHI,"17,142.08",2024-05-14,124452,3791.22
T501509,C100345,01-05-83,f,KOLKATA,12276.92,09-Jun-2024,031317,1880.7
T501414,C100451,19-01-02,m,Chennai,24527.13,2024-09-02,215527,1111.35
T504551,C100127,24/03/1957,Male,Jaipur,,2024-11-22,215943,-8053.07
T502775,C100441,26/01/1973,M,LUCKNOW,"109,974.75",2024-02-11,221450,4174.39
T504146,C100310,23-08-84,male,HYDERABAD,"323,760.11",17-Oct-2024,152119,3311.13
T503597,C100350,06/05/1984,Male,Bengaluru,,10-Sep-2024,230206,12586.44
T505673,C100501,02-01-74,f,DELHI,"98,637.64",14/11/2024,210716,2246.72
T503373,C100781,07-12-64,f,LUCKNOW,,30-Jan-2024,212619,991.67
T502562,C100646,24-02-56,M,Delhi,56399.4,07-Dec-2024,160400,297.11
T503106,C100368,1991-10-16,F,Jaipur,"144,315.15",19/12/2024,030306,9448.67
T505033,C100217,16-02-60,Male,Pune,"Rs. 18,308.71",2024-02-11,012846,2930.6
T500600,C100028,26/05/1973,,HYDERABAD,,02-Aug-2024,215936,3040.0
T505813,C100401,22-12-97,female,Chennai,"24,925.63",02/06/2024,092137,199.63
T504269,C100239,1978-02-10,male,CHENNAI,"Rs. 30,783.15",19-Mar-2024,094806,3386.0
T505860,C100418,1960-01-14,,HYDERABAD,,10/03/2024,085540,17705.98
T503110,C100234,15-03-98,female,Chennai,59188.47,11-Sep-2024,035235,438.2
T503219,C100554,24-01-80,m,  Surat,"31,094.72",04/06/2024,181134,561.52
T500854,C100027,17-08-89,,AHMEDABAD,"Rs. 11,262.83",03-Oct-2024,092705,304.31
T500487,C100767,0000-00-00,F,,70068.58,30-Dec-2024,042628,
T504416,C100001,03/03/1976,,AHMEDABAD,"43,869.35",2024-10-15,185949,10661.57
T502566,C100387,16-02-77,M,Kolkata,20501.21,13-Sep-2024,073537,"INR 6,399.66"
T500592,C100110,04-06-04,,Chennai,"188,084.65",07/06/2024,022528,4309.67
T501608,C100284,12/04/1987,m,LUCKNOW,21229.49,25-Sep-2024,000346,529.27
T505183,C100147,17-03-97,male,Mumbai,"34,392.46",19/03/2024,042644,6176.59
T504150,C100264,1984-01-06,male,HYDERABAD,,31-Aug-2024,024212,-752.43
T505752,C100037,09-03-94,F,Delhi,"Rs. 33,340.33",29-Feb-2024,181713,783.51
T500099,C100278,16/05/1989,male,BANGALORE,"113,740.31",13-Jan-2024,181741,2311.22
T503126,C100001,03/03/1976,,AHMEDABAD,"43,869.35",2024-07-07,174831,111584.99999999999
T504672,C100546,20/05/1993,male,DELHI,"Rs. 76,684.14",08/09/2024,163009,4385.15
T502132,C100345,01-05-83,f,KOLKATA,12276.92,2024-09-17,125928,1394.55
T503386,C100283,1977-10-18,M,  Surat,"Rs. 54,219.80",2024-08-30,064232,11772.11
T500413,C100386,13-07-73,,JAIPUR,"Rs. 12,445.00",03/02/2024,182601,366.75
T500357,C100291,1975-08-14,Female,Pune,,03/02/2024,055202,2510.95
T503952,C100368,1991-10-16,F,Jaipur,"144,315.15",12-May-2024,200815,8686.57
T502424,C100387,16-02-77,M,Kolkata,20501.21,03-Dec-2024,131456,8794.5
T504592,C100314,12-01-04,m,Mumbai,,29/07/2024,123106,1050.7
T503594,C100782,1960-01-16,Female,Hyderabad,"Rs. 34,036.97",10-May-2024,065433,400718.0
T500015,C100267,24/03/1964,F,Bengaluru,"Rs. 100,432.83",22-Feb-2024,091931,187915.0
T501961,C100589,24-11-75,female,CHENNAI,"101,026.53",2024-05-28,133135,3818.94
T500203,C100546,20/05/1993,male,DELHI,"Rs. 76,684.14",2024-04-11,081423,5415.94
T500036,C100396,0000-00-00,m,Bangalore,"8,158.99",28-Sep-2024,140615,230.43
T500435,C100255,1959-12-07,female,PUNE,,2024-01-27,151153,963.56
T500589,C100393,11/11/1981,F,Mumbai,"15,018.25",2024-11-13,050857,763.83
T501965,C100520,1979-07-13,male,Bengaluru,"Rs. 57,394.34",22/12/2024,225906,4353.82
T502893,C100407,26-08-62,F,JAIPUR,"11,790.29",2024-08-11,173224,
T503788,C100374,01/06/1997,f,Jaipur,55312.12,01-Jun-2024,061419,5623.69
T500012,C100026,1980-06-13,f,Bangalore,"42,425.02",31-Oct-2024,025024,632.0
T505117,C100763,10/09/1994,m,MUMBAI,,2024-03-18,043855,1913.42
T501448,C100477,08/08/1992,M,Ahmedabad,"Rs. 72,921.71",30/06/2024,054120,5799.67
T504167,C100279,1957-08-17,Male,Jaipur,"45,765.21",2024-11-20,154305,671.15
T502670,C100389,1975-12-07,F,Kolkata,,2024-07-20,055811,11047.7
T505855,C100157,06/04/1964,m,PUNE,,04-Jun-2024,103217,949.87
T501530,C100239,1978-02-10,male,CHENNAI,"Rs. 30,783.15",2024-02-03,211827,INR 511.42
T500540,C100722,15/06/1955,male,Delhi,"9,982.58",11-Aug-2024,120412,
T504614,C100160,02-08-87,m,,"4,045.62",13/05/2024,124146,740.38
T504247,C100349,,Female,PUNE,"397,135.49",05-Oct-2024,115816,4782.25
T504938,C100741,24/04/1966,m,Kolkata,32097.85,23/10/2024,170211,384.36
T505859,C100715,1966-01-07,Male,AHMEDABAD,5484.47,30/11/2024,191303,329.68
T505027,C100480,08-09-93,F,MUMBAI,"Rs. 37,940.98",15-Dec-2024,130351,71.06
T501495,C100039,13/06/1975,Female,BANGALORE,"Rs. 269,975.33",20-Mar-2024,051123,1109.56
T503967,C100567,23-01-92,Female,NAGPUR,"Rs. 11,762.16",28/05/2024,140000,INR 476.47
T505941,C100589,24-11-75,female,CHENNAI,"101,026.53",21-May-2024,103007,
T505950,C100788,17/10/1965,male,Bengaluru,"Rs. 40,994.26",05/07/2024,235242,2414.45
T505457,C100283,1977-10-18,M,  Surat,"Rs. 54,219.80",29-Feb-2024,062148,2662.81
T504313,C100499,19-11-63,male,Hyderabad,"29,516.20",10/09/2024,141442,879.54
T503743,C100076,05-07-01,female,Ahmedabad,"Rs. 12,298.94",2024-11-26,090724,"INR 1,859.16"
T502201,C100103,14-02-91,,Delhi,,2024-01-10,224502,2450.87
T503387,C100674,02/05/1998,male,Pune,3566.68,2024-09-18,000209,1428.05
T504844,C100782,1960-01-16,Female,Hyderabad,"Rs. 34,036.97",04-May-2024,102749,"INR 1,917.21"
T502547,C100031,04-11-77,,DELHI,,30-Aug-2024,084830,-5541.52
T502307,C100109,18-05-61,male,MUMBAI,"83,476.96",2024-02-29,014525,629.46
T501968,C100092,2000-06-15,m,Ahmedabad,,20/02/2024,071141,2983.33
T500705,C100535,12-02-81,f,CHENNAI,10577.18,30-Jul-2024,035934,"INR 1,756.30"
T502588,C100735,1971-02-11,,Hyderabad,"55,080.47",09/08/2024,045101,3550.26
T503882,C100535,12-02-81,f,CHENNAI,10577.18,06-Aug-2024,144249,5300.05
T501980,C100278,16/05/1989,male,BANGALORE,"113,740.31",10/12/2024,021451,2223.04
T500439,C100209,01-02-55,female,,38752.88,13-May-2024,164419,"INR 4,441.57"
T505204,C100235,21-09-81,female,Pune,"Rs. 15,017.22",19-Apr-2024,181530,910.57
T502117,C100690,21-04-58,Male,BANGALORE,"Rs. 120,392.94",30-Apr-2024,070316,3857.12
T503019,C100407,26-08-62,F,JAIPUR,"11,790.29",25-Oct-2024,040425,1090.83
T500924,C100369,1981-10-27,M,BANGALORE,"Rs. 26,549.63",12-Apr-2024,144553,"INR 1,626.96"
T501688,C100525,1969-10-05,F,CHENNAI,"212,533.64",20-Jun-2024,204351,20212.61
T503918,C100595,12/11/1957,Female,MUMBAI,"17,193.93",12/12/2024,080112,238.69
T505878,C100606,15-10-04,,Kolkata,,2024-10-03,121111,826.48
T505253,C100229,2004-07-25,Female,CHENNAI,47420.96,20-Dec-2024,162501,"INR 3,373.30"
T503006,C100656,11/01/1996,male,AHMEDABAD,14274.08,25-Jan-2024,132837,79.47
T501134,C100349,,Female,PUNE,"397,135.49",12-Jul-2024,040716,7860.67
T502578,C100184,10-07-88,f,BANGALORE,45597.09,28/01/2024,045201,761.14
T501108,C100537,1963-01-27,Female,Chennai,26621.54,10/01/2024,230127,3734.56
T504100,C100741,24/04/1966,m,Kolkata,32097.85,2024-11-10,002442,4743.2
T505528,C100714,1967-02-19,Male,Bengaluru,"13,233.37",13-Oct-2024,111403,1178.12
T504586,C100573,1976-01-19,male,Hyderabad,41943.84,23/10/2024,235347,2746.67
T502635,C100471,1963-03-11,Male,Bangalore,,2024-01-21,011858,2987.38
T505248,C100047,11/07/1966,female,Hyderabad,22419.5,01/10/2024,053033,
T500768,C100057,21/12/1998,Male,Hyderabad,"108,663.77",01/04/2024,010659,1750.69
T503722,C100088,04-01-74,f,HYDERABAD,"1,631.44",2024-03-27,101506,1612.85
T505965,C100087,22/06/1996,Male,mumbai ,,2024-07-14,153058,1178.1
T503151,C100109,18-05-61,male,MUMBAI,"83,476.96",19-Apr-2024,055419,1554.1
T503279,C100191,02-01-79,M,PUNE,"Rs. 70,003.54",05/08/2024,114434,4247.62
T501919,C100237,10-10-56,Male,PUNE,,2024-08-14,035717,632.04
T502138,C100644,17/12/1991,m,PUNE,"Rs. 10,681.00",25-Mar-2024,175446,1458.52
T503553,C100270,21-01-63,m,KOLKATA,"Rs. 40,183.80",19-May-2024,211943,4587.63
T500795,C100653,1965-06-07,f,AHMEDABAD,"Rs. 305,029.15",26/10/2024,234631,4500.71
T502631,C100724,07-07-82,,Delhi,41634.26,26/02/2024,170454,1703.25
T504748,C100698,03/10/1986,M,mumbai ,"Rs. 186,379.37",2024-01-11,040754,"INR 14,745.18"
T500637,C100436,06-10-60,F,Jaipur,"Rs. 93,354.27",2024-09-25,030733,21893.57
T503203,C100292,1/1/1800,female,MUMBAI,"9,547.79",26-Apr-2024,142955,"INR 1,251.50"
T504046,C100740,22-08-78,F,JAIPUR,,09-Sep-2024,054526,664.76
T504098,C100427,1973-05-14,f,Hyderabad,"Rs. 13,652.98",05-Mar-2024,130443,3826.27
T501325,C100035,1992-05-22,male,Mumbai,,13-Sep-2024,145418,64.46
T505251,C100609,2035-01-01,Male,MUMBAI,"Rs. 18,375.70",2024-09-16,173348,INR 170.33
T503710,C100061,20-01-84,Male,MUMBAI,"13,029.33",31-May-2024,141030,276251.0
T502892,C100169,1990-12-22,,Ahmedabad,"Rs. 346,738.24",2024-12-23,062649,"INR 2,984.56"
T505732,C100734,1985-06-24,F,Pune,"29,158.72",2024-01-15,170913,357.92
T504740,C100733,2001-05-03,f,BANGALORE,"Rs. 244,077.09",13-Oct-2024,202117,1038.77
T504017,C100709,15-12-01,Female,NAGPUR,"Rs. 253,403.83",19-Apr-2024,154523,2805.4
T500157,C100161,1999-05-26,Male,LUCKNOW,68566.76,2024-04-17,221154,
T500438,C100101,1978-06-19,m,HYDERABAD,"Rs. 10,568.41",14/06/2024,142055,INR 22.08
T500763,C100308,07-09-93,male,Ahmedabad,"Rs. 11,206.16",2024-10-06,034357,3308.7
T503664,C100207,06/06/1974,m,DELHI,"Rs. 68,660.40",2024-09-15,103239,5875.1
T501569,C100225,09/10/1991,m,Chennai,"181,650.06",2024-12-08,123815,197.82
T501495,C100039,13/06/1975,Female,BANGALORE,"Rs. 269,975.33",20-Mar-2024,051123,1109.56
T501237,C100570,1960-04-04,Female,Kolkata,8280.19,15/06/2024,144006,387.47
T505128,C100730,1987-07-18,F,,25757.03,2024-09-02,222312,"INR 3,029.36"
T502304,C100264,1984-01-06,male,HYDERABAD,,28-Jun-2024,211631,"INR 6,626.10"
T505916,C100355,11-08-77,m,Pune,,20-Jun-2024,021941,297.69
T502882,C100595,12/11/1957,Female,MUMBAI,"17,193.93",07/03/2024,050829,3136.43
T504512,C100525,1969-10-05,F,CHENNAI,"212,533.64",24/04/2024,062709,10019.6
T503566,C100435,1982-06-13,,DELHI,"Rs. 58,275.09",13-Sep-2024,061828,2796.26
T504957,C100753,05/12/1958,Male,Ahmedabad,,2024-11-30,030932,2334.85
T504303,C100119,23/01/1962,female,Pune,,12-Aug-2024,191907,1217.44
T504513,C100607,01-01-1900,m,KOLKATA,"11,588.68",2024-07-17,012430,
T502451,C100385,04-09-86,female,PUNE,31830.7,05/03/2024,153106,"INR 4,055.91"
T503171,C100631,15/03/1970,M,DELHI,"47,693.35",22/07/2024,063003,"INR -3,081.61"
T505295,C100230,2035-01-01,Female,Chennai,"Rs. 17,144.19",23-Aug-2024,180343,
T503528,C100549,20/03/1985,F,DELHI,"92,675.90",2024-10-22,172346,720.71
T501539,C100493,0000-00-00,F,AHMEDABAD,"Rs. 102,129.94",21-Feb-2024,083812,7824.97
T504281,C100315,16/02/2001,,PUNE,"Rs. 10,487.31",2024-03-13,043406,275.38
T502505,C100441,26/01/1973,M,LUCKNOW,"109,974.75",06-Jul-2024,080728,6701.19
T503328,C100131,2002-07-19,F,HYDERABAD,114687.04,15/01/2024,210228,"INR 1,088.53"
T500461,C100225,09/10/1991,m,Chennai,"181,650.06",04/06/2024,174751,3713.98
T503538,C100078,19/07/1963,female,Chennai,51575.85,2024-01-16,194238,-239.12
T500813,C100603,12/05/2000,M,PUNE,"3,993.34",2024-07-13,202700,1263.86
T503916,C100649,1959-03-08,,DELHI,"Rs. 342,978.92",29-Jul-2024,224237,12531.33
T503641,C100010,1989-06-09,f,Kolkata,"Rs. 239,001.20",2024-02-22,121055,4080.09
T501793,C100747,1969-08-14,female,MUMBAI,52638.76,15-Apr-2024,102618,"INR 5,606.62"
T501054,C100668,21-07-78,Female,Bangalore,"99,681.03",13-Apr-2024,080414,4335.74
T502785,C100457,23/11/1991,M,Hyderabad,"46,885.90",2024-12-19,051729,1414.01
T502462,C100039,13/06/1975,Female,BANGALORE,"Rs. 269,975.33",08-Jun-2024,193002,22593.76
T502218,C100037,09-03-94,F,Delhi,"Rs. 33,340.33",2024-05-06,121210,-1242.94
T501806,C100318,19/04/1976,,JAIPUR,"171,947.48",30/10/2024,215711,8529.43
T503513,C100481,22/05/1988,Male,JAIPUR,"1,624.30",04-Nov-2024,220849,2124.01
T505730,C100477,08/08/1992,M,Ahmedabad,"Rs. 72,921.71",15-Apr-2024,165555,1256.78
T504552,C100016,07/02/1956,Female,mumbai ,"Rs. 21,454.12",24-Oct-2024,042822,"INR 1,787.30"
T501180,C100436,06-10-60,F,Jaipur,"Rs. 93,354.27",2024-01-22,170540,3800.43
T500177,C100246,11/12/1992,Male,Delhi,459949.04,2024-05-04,214332,5760.62
T505416,C100354,1965-09-03,Male,Delhi,,04/09/2024,054602,"INR 1,651.49"
T502157,C100515,13/10/1997,Male,CHENNAI,48437.97,2024-12-23,233811,4798.93
T500736,C100492,20-09-66,male,KOLKATA,"3,109.69",18/10/2024,144145,772.21
T505526,C100139,09-08-90,Male,Jaipur,"34,813.10",08-Feb-2024,024954,1315.21
T503705,C100154,23-01-71,F,Chennai,"20,227.60",11-Apr-2024,185531,779.99
T505717,C100200,07/09/1984,f,Pune,"99,008.06",29-Sep-2024,230945,INR 565.99
T503453,C100720,25-12-56,Male,LUCKNOW,"53,994.49",2024-02-20,225326,2175.72
T500689,C100494,07-10-99,M,AHMEDABAD,11661.72,13-Oct-2024,065539,592.29
T503783,C100136,17/08/2002,,Ahmedabad,,30/01/2024,073329,3019.64
T501533,C100087,22/06/1996,Male,mumbai ,,02-Jan-2024,012815,1239.1
T500191,C100380,16-03-60,Female,DELHI,,26/07/2024,204452,-2553.58
T502273,C100770,02/12/1995,female,JAIPUR,,2024-04-09,231007,433.35
T500652,C100181,07-08-60,male,Pune,"Rs. 46,982.71",01/10/2024,171703,4584.18
T505115,C100563,17-08-73,,DELHI,,03/10/2024,020842,8680.46
T504726,C100658,1996-06-17,female,Chennai,"62,261.48",2024-08-31,095947,4176.01
T502087,C100136,17/08/2002,,Ahmedabad,,09-Mar-2024,164814,7628.92
T501458,C100393,11/11/1981,F,Mumbai,"15,018.25",31-Aug-2024,044343,1511.89
T505845,C100000,18-10-59,Male,DELHI,"Rs. 17,012.07",2024-07-25,180106,1891.18
T503323,C100347,13/10/1963,m,mumbai ,"37,311.99",2024-04-09,154953,"INR 2,563.30"
T500895,C100764,1966-06-14,M,Jaipur,62112.48,2024-02-11,070317,
T504757,C100218,1979-01-08,male,AHMEDABAD,"Rs. 470,799.86",24/07/2024,083617,5941.29
T501732,C100518,1981-02-02,Female,Pune,17929.39,21-Feb-2024,181909,462.48
T505090,C100074,04-05-60,Female,Hyderabad,"Rs. 138,675.48",2024-05-21,002200,9724.84
T502355,C100102,14-07-81,M,KOLKATA,"Rs. 15,311.00",2024-01-16,155657,663.45
T500127,C100037,09-03-94,F,Delhi,"Rs. 33,340.33",13-Jun-2024,081121,1342.14
T502165,C100765,07/11/1958,m,Chennai,"22,571.43",25/09/2024,120946,147.71
T502697,C100312,04/03/1971,f,NAGPUR,,2024-03-02,232505,307.22
T500819,C100624,23-03-91,F,KOLKATA,"Rs. 34,075.98",12-Oct-2024,022738,351.68
T503349,C100624,23-03-91,F,KOLKATA,"Rs. 34,075.98",2024-11-16,182349,5185.57
T505604,C100172,18-12-91,,LUCKNOW,180835.83,2024-12-28,162446,5627.67
T504211,C100065,18/02/2001,M,Delhi,55990.05,06-Mar-2024,122603,2471.82
T500030,C100291,1975-08-14,Female,Pune,,2024-08-27,000959,INR 387.21
T504003,C100071,04-06-01,male,Pune,"Rs. 7,466.77",14/05/2024,211541,637.43
T505720,C100021,1996-01-24,m,Hyderabad,51078.01,25-Nov-2024,172811,2785.75
T504286,C100555,27-03-93,female,Ahmedabad,"66,420.28",2024-11-17,222359,2359.36
T505738,C100418,1960-01-14,,HYDERABAD,,2024-07-03,193029,"INR 2,484.32"
T502791,C100058,26-02-76,m,  Surat,,27-Jul-2024,123754,1683.08
T502742,C100028,26/05/1973,,HYDERABAD,,2024-09-24,053616,3599.34
T505066,C100353,2001-08-12,m,Pune,,2024-07-04,141214,1560.33
T504983,C100185,1990-08-13,f,Kolkata,"Rs. 119,141.06",2024-01-09,021708,5328.61
T500927,C100169,1990-12-22,,Ahmedabad,"Rs. 346,738.24",2024-05-08,195636,15026.23
T502599,C100585,20-01-65,F,CHENNAI,"Rs. 51,724.58",2024-06-20,022311,2569.15
T505944,C100755,15/07/1975,f,Hyderabad,,02-Dec-2024,101542,4459.95
T500450,C100548,07/08/1982,Female,NAGPUR,"53,292.45",01-Oct-2024,075027,644.78
T505935,C100438,20-05-72,F,Bengaluru,,18-Dec-2024,141006,3548.0
T505658,C100440,24/04/1990,,DELHI,1809.61,06-Apr-2024,061855,961.68
T501119,C100789,08/02/1972,Female,Delhi,,20/09/2024,184253,3114.57
T502888,C100319,1956-12-01,f,mumbai ,418468.01,2024-11-16,063631,472.08
T501781,C100622,1963-04-08,male,Pune,"114,620.95",22/08/2024,123354,8462.37
T503648,C100485,1998-08-11,F,Bengaluru,2026.6,2024-02-20,051750,259.76
T500324,C100594,1990-02-24,male,Hyderabad,"Rs. 73,506.23",17-Oct-2024,000322,3864.25
T505879,C100311,02/01/1973,F,HYDERABAD,63960.0,20/10/2024,084224,2883.61
T505458,C100654,15-10-79,M,Bengaluru,55160.82,23/08/2024,200459,3547.78
T500456,C100284,12/04/1987,m,LUCKNOW,21229.49,28/12/2024,005116,89804.0
T501353,C100295,24-01-70,m,Bangalore,"Rs. 25,848.99",04/02/2024,204418,1093.68
T503745,C100782,1960-01-16,Female,Hyderabad,"Rs. 34,036.97",06-Dec-2024,153209,1985.27
T504601,C100274,1973-07-26,Male,Kolkata,,2024-06-12,113704,6887.38
T505142,C100165,17/12/2004,Male,BANGALORE,"5,165.05",23-Dec-2024,160101,1019.33
T505432,C100435,1982-06-13,,DELHI,"Rs. 58,275.09",20/08/2024,094445,2398.97
T505662,C100723,05/06/1971,male,  Surat,"78,759.05",2024-07-19,220718,646.66
T503615,C100650,1969-08-17,f,Ahmedabad,88102.77,2024-09-24,194535,
T505650,C100060,21/09/2001,male,HYDERABAD,"4,623.60",2024-09-20,154144,1054.77
T504085,C100392,02-08-81,female,BANGALORE,,19/08/2024,185604,274.49
T501881,C100240,24/12/2003,M,mumbai ,"58,083.30",05/01/2024,184050,2007.18
T501736,C100537,1963-01-27,Female,Chennai,26621.54,09-May-2024,053551,3750.51
T500409,C100328,1993-09-23,f,mumbai ,"138,849.89",2024-09-17,052351,6920.35
T504572,C100585,20-01-65,F,CHENNAI,"Rs. 51,724.58",2024-02-17,045146,3857.3
T505459,C100601,26/01/1967,m,Bengaluru,5370.73,18/11/2024,172231,"INR 3,110.24"
T502434,C100697,1969-10-22,male,Mumbai,,2024-08-22,200246,"INR 6,742.12"
T502941,C100428,17-03-81,Male,Pune,"163,084.05",12-Mar-2024,022427,5892.42
T500136,C100328,1993-09-23,f,mumbai ,"138,849.89",01-Jan-2024,213102,"INR 8,879.49"
T502128,C100341,1990-12-17,M,NAGPUR,1305.73,08/10/2024,120457,-127.73
T502850,C100089,10-03-85,m,CHENNAI,,02-Apr-2024,055438,1873.86
T505455,C100563,17-08-73,,DELHI,,01/03/2024,212439,"INR 8,028.29"
T502699,C100096,20/08/1961,M,LUCKNOW,"76,980.73",2024-06-28,205215,1342.14
T500801,C100775,25/07/1994,F,  Surat,45130.4,16-Oct-2024,050117,1693.79
T504496,C100696,18/05/1975,m,,295142.68,09-Jun-2024,222759,1043.78
T503818,C100721,01-04-84,f,Delhi,9140.35,15/12/2024,201528,172.29
T504936,C100131,2002-07-19,F,HYDERABAD,114687.04,06-Oct-2024,140150,10607.29
T500532,C100416,20/10/1988,Male,JAIPUR,77721.72,2024-04-20,210654,243.96
T502280,C100316,1994-03-18,male,mumbai ,11959.24,24-Dec-2024,150441,4976.34
T503560,C100450,1992-01-17,F,DELHI,"111,417.27",13/11/2024,060739,2877.96
T503196,C100190,06/11/1979,male,Jaipur,"Rs. 39,923.71",27-Feb-2024,020742,446.97
T504328,C100797,09-08-84,F,LUCKNOW,"21,946.42",25/07/2024,171613,1012.35
T505014,C100487,18-04-93,Male,DELHI,"5,364.64",2024-07-01,160725,1224.47
T503499,C100001,03/03/1976,,AHMEDABAD,"43,869.35",23-Jul-2024,161105,7782.07
T502747,C100443,13/05/2004,Female,NAGPUR,102909.31,27-Jul-2024,095422,2330.79
T500539,C100139,09-08-90,Male,Jaipur,"34,813.10",2024-09-07,155042,"INR 1,585.13"
T505144,C100080,1998-06-05,m,BANGALORE,772078.46,08-May-2024,190900,9558.49
T505121,C100776,1964-07-01,female,Bangalore,"Rs. 31,244.52",2024-07-29,132144,2522.54
T503448,C100768,1991-10-16,female,DELHI,"25,918.41",07-Dec-2024,070136,1372.1
T504237,C100173,2003-09-18,Female,PUNE,"Rs. 28,296.42",2024-12-11,020121,"INR 13,940.88"
T502555,C100103,14-02-91,,Delhi,,25/12/2024,155232,946.07
T500034,C100525,1969-10-05,F,CHENNAI,"212,533.64",12/03/2024,084109,4806.16
T504581,C100333,18-03-86,F,LUCKNOW,,17-Jun-2024,183222,519.57
T503255,C100049,07-11-02,f,Pune,"Rs. 26,295.53",03-Jan-2024,093204,1515.09
T503802,C100032,16/10/1977,female,Kolkata,"27,810.10",2024-12-18,180220,113.19
T500743,C100005,1966-11-23,,mumbai ,"Rs. 44,083.60",08/07/2024,192340,3252.64
T503398,C100549,20/03/1985,F,DELHI,"92,675.90",13-Feb-2024,194923,1640.6
T500903,C100217,16-02-60,Male,Pune,"Rs. 18,308.71",2024-12-27,204744,357.95
T504090,C100116,1960-09-25,female,Pune,220401.55,24/08/2024,210704,10271.56
T500262,C100611,08-02-56,male,Bangalore,,03/11/2024,152830,6853.79
T501916,C100089,10-03-85,m,CHENNAI,,2024-06-21,230046,8770.92
T502984,C100663,24/03/1961,m,,"600,713.48",17/09/2024,200620,699.77
T505695,C100491,1974-05-21,Female,Pune,"Rs. 8,845.00",2024-12-27,013133,451.2
T502296,C100553,01/07/2001,f,  Surat,"Rs. 71,513.73",2024-10-07,200317,1185.64
T503228,C100622,1963-04-08,male,Pune,"114,620.95",2024-03-28,135603,13840.06
T503978,C100407,26-08-62,F,JAIPUR,"11,790.29",27-Mar-2024,202534,2957.25
T505417,C100221,1977-02-09,f,Kolkata,"Rs. 26,363.02",26-Jan-2024,160453,535.66
T503430,C100183,17/11/1989,f,Pune,17926.98,18/04/2024,143502,1481.77
T502686,C100668,21-07-78,Female,Bangalore,"99,681.03",2024-05-26,071739,16394.68
T502169,C100402,06-11-03,m,Delhi,"104,593.33",30-Sep-2024,125633,665.7
T504947,C100057,21/12/1998,Male,Hyderabad,"108,663.77",09/07/2024,194000,4910.16
T500497,C100157,06/04/1964,m,PUNE,,19/11/2024,012400,2.08
T501859,C100688,21/10/2001,Male,Hyderabad,"Rs. 28,109.11",02/06/2024,180318,483.55
T502478,C100646,24-02-56,M,Delhi,56399.4,01/01/2024,123550,-903.89
T504454,C100382,22/11/1973,Female,HYDERABAD,"Rs. 9,381.97",12-Jun-2024,230444,71.08
T505995,C100594,1990-02-24,male,Hyderabad,"Rs. 73,506.23",03-Oct-2024,052744,4052.67
T503631,C100745,16/11/2002,Female,AHMEDABAD,53359.6,21-Jun-2024,032157,2532.12
T504515,C100680,1964-12-27,male,Chennai,83125.23,12-Jan-2024,093128,6020.31
T500997,C100180,1993-05-22,Female,Mumbai,19984.97,16/02/2024,124102,594.66
T502962,C100198,1955-04-02,male,Jaipur,"22,189.66",25-May-2024,001936,126872.0
T501662,C100393,11/11/1981,F,Mumbai,"15,018.25",02-Feb-2024,133608,326.94
T504521,C100020,12/04/1982,M,AHMEDABAD,"3,015.98",01/06/2024,235910,321.15
T504965,C100724,07-07-82,,Delhi,41634.26,26/06/2024,140129,1501.7
T503032,C100210,1956-04-12,female,Delhi,"112,806.44",18-Apr-2024,110948,3054.1
T502081,C100109,18-05-61,male,MUMBAI,"83,476.96",06-Nov-2024,033933,5598.17
T504008,C100637,09-04-89,F,PUNE,,10/02/2024,111050,6118.29
T503345,C100318,19/04/1976,,JAIPUR,"171,947.48",2024-10-05,082115,8168.51
T500198,C100653,1965-06-07,f,AHMEDABAD,"Rs. 305,029.15",2024-05-27,162033,4536.34
T504960,C100714,1967-02-19,Male,Bengaluru,"13,233.37",02/03/2024,211811,"INR 1,797.50"
T502063,C100579,2003-08-07,female,Jaipur,"Rs. 200,313.27",10/07/2024,082238,1019.46
T504392,C100207,06/06/1974,m,DELHI,"Rs. 68,660.40",04-Feb-2024,094622,4228.52
T504585,C100141,20/10/1986,,mumbai ,160886.94,2024-02-12,210153,16254.75
T501844,C100368,1991-10-16,F,Jaipur,"144,315.15",07/05/2024,053100,503.92
T500547,C100044,1962-08-19,male,Hyderabad,"43,950.32",20-Mar-2024,031018,2209.12
T504407,C100018,03-07-83,m,Kolkata,"29,149.99",27-Jan-2024,233523,370.47
T503573,C100380,16-03-60,Female,DELHI,,27-Jun-2024,205248,7990.15
T500564,C100661,14/06/1965,,JAIPUR,"105,161.33",07-Sep-2024,202010,260.14
T500694,C100535,12-02-81,f,CHENNAI,10577.18,21/12/2024,100904,545.03
T504728,C100395,2001-02-20,f,Kolkata,"Rs. 30,084.28",2024-02-27,145909,4053.94
T502768,C100654,15-10-79,M,Bengaluru,55160.82,24-Jun-2024,052854,
T502987,C100760,14/03/1974,F,mumbai ,286147.6,2024-12-04,074451,15703.32
T503471,C100214,1998-09-06,F,LUCKNOW,"Rs. 68,205.42",28/12/2024,002044,1309.62
T501050,C100127,24/03/1957,Male,Jaipur,,2024-04-02,202347,595.64
T502796,C100449,09-08-01,Male,CHENNAI,,02/04/2024,201357,3912.04
T500704,C100723,05/06/1971,male,  Surat,"78,759.05",2024-09-06,083732,2105.27
T501332,C100156,25-03-92,m,NAGPUR,"23,214.84",30/03/2024,053655,INR 153.59
T504478,C100012,12/10/1993,F,,"Rs. 50,102.02",17-Jun-2024,072152,1366.41
T505166,C100294,1977-04-19,Female,HYDERABAD,,2024-09-29,141159,61.68
T503957,C100727,1978-08-19,female,JAIPUR,"Rs. 123,863.27",2024-06-24,083009,832.04
T501116,C100525,1969-10-05,F,CHENNAI,"212,533.64",2024-04-26,030402,3215.89
T501399,C100703,1984-05-15,female,Jaipur,"Rs. 125,815.19",2024-11-17,142440,"INR 3,026.60"
T504550,C100681,15/05/1967,female,LUCKNOW,"239,151.47",2024-06-24,151559,7330.42
T503421,C100101,1978-06-19,m,HYDERABAD,"Rs. 10,568.41",09/09/2024,233555,1116.93
T501438,C100318,19/04/1976,,JAIPUR,"171,947.48",03-Dec-2024,232055,1479.11
T503639,C100537,1963-01-27,Female,Chennai,26621.54,2024-06-08,112623,1497.95
T500240,C100260,05-07-82,M,Mumbai,"47,216.74",2024-08-23,090016,2009.47
T501158,C100650,1969-08-17,f,Ahmedabad,88102.77,14-Jan-2024,115610,590.09
T505863,C100541,13-01-74,male,Ahmedabad,"186,265.55",07/05/2024,050948,5100.19
T500455,C100254,08/06/1964,Female,Ahmedabad,184790.05,2024-05-22,204116,9044.55
T500308,C100705,03/12/1964,f,Bengaluru,"92,850.20",22-Jan-2024,035527,520.09
T505365,C100094,20/03/1981,f,Bangalore,50521.45,2024-09-08,105544,7218.99
T505386,C100757,16-06-64,,NAGPUR,"Rs. 128,307.71",20/02/2024,091358,3929.44
T503052,C100140,1964-06-15,,KOLKATA,699519.01,21-Jun-2024,042801,857.59
T500105,C100757,16-06-64,,NAGPUR,"Rs. 128,307.71",18/04/2024,081648,5443.41
T501893,C100631,15/03/1970,M,DELHI,"47,693.35",14/04/2024,213744,1484.19
T500727,C100131,2002-07-19,F,HYDERABAD,114687.04,06-Sep-2024,095621,297.39
T503874,C100061,20-01-84,Male,MUMBAI,"13,029.33",2024-09-21,144123,5777.03
T504383,C100621,2001-07-16,F,HYDERABAD,"58,120.95",13/11/2024,225209,3223.98
T505194,C100452,27/10/1966,female,MUMBAI,33276.34,22/06/2024,195833,3332.05
T504220,C100755,15/07/1975,f,Hyderabad,,2024-12-28,164016,3613.52
T500822,C100452,27/10/1966,female,MUMBAI,33276.34,2024-11-03,101205,3368.27
T503274,C100513,1992-06-02,F,Bengaluru,14786.27,2024-03-18,215444,2733.03
T503692,C100743,1968-05-24,Male,,121700.99,31/03/2024,112948,3131.01
T501005,C100001,03/03/1976,,AHMEDABAD,"43,869.35",2024-11-11,143156,11096.62
T500196,C100076,05-07-01,female,Ahmedabad,"Rs. 12,298.94",2024-06-09,082109,2805.26
T505404,C100091,1994-12-19,f,Kolkata,138944.05,2024-11-12,114115,
T502777,C100759,08-06-83,f,,,2024-11-06,192030,9466.07
T504440,C100471,1963-03-11,Male,Bangalore,,08-Feb-2024,152154,712.65
T505992,C100041,22/06/1982,M,Bangalore,"22,606.16",13/02/2024,110211,2655.98
T503623,C100503,12/08/1956,F,Pune,"146,446.03",2024-07-07,120350,"INR 5,096.98"
T505775,C100579,2003-08-07,female,Jaipur,"Rs. 200,313.27",2024-10-08,040103,12871.95
T503230,C100152,26/12/2001,,Jaipur,"Rs. 4,579.54",06/12/2024,133857,1631.61
T505563,C100622,1963-04-08,male,Pune,"114,620.95",04/05/2024,172500,2397.03
T505357,C100546,20/05/1993,male,DELHI,"Rs. 76,684.14",22/09/2024,231347,591.62
T503314,C100574,03-10-85,m,Mumbai,"11,779.17",15-Dec-2024,075106,448.42
T502817,C100631,15/03/1970,M,DELHI,"47,693.35",17/10/2024,061359,-2896.42
T503112,C100181,07-08-60,male,Pune,"Rs. 46,982.71",23-Jul-2024,161006,4491.5
T501364,C100436,06-10-60,F,Jaipur,"Rs. 93,354.27",13/09/2024,212929,1397.02
T502456,C100693,11/10/1988,f,Jaipur,"247,886.54",2024-08-19,153139,12257.35
T502306,C100592,1965-07-19,Male,  Surat,"57,107.77",14/06/2024,010340,3320.65
T500023,C100236,12-02-83,M,  Surat,"Rs. 11,778.81",2024-05-23,133642,327.31
T500636,C100698,03/10/1986,M,mumbai ,"Rs. 186,379.37",05-Feb-2024,003140,418.43
T505679,C100466,08-03-65,M,Mumbai,11590.04,2024-10-01,012106,1157.45
T500430,C100560,01-01-1900,female,Jaipur,25797.87,19-Aug-2024,135534,8326.46
T500720,C100274,1973-07-26,Male,Kolkata,,17-Dec-2024,160354,4833.97
T503470,C100138,1972-07-16,Female,Bengaluru,13258.49,15/02/2024,212405,"INR 3,498.67"
T501678,C100687,23/01/1961,F,JAIPUR,,28/12/2024,025351,2492.95
T503860,C100151,1955-06-05,Male,Kolkata,"Rs. 83,391.84",18-Nov-2024,061948,2127.32
T502315,C100278,16/05/1989,male,BANGALORE,"113,740.31",2024-07-12,162831,3229.69
T500957,C100532,2004-12-08,M,Ahmedabad,,2024-06-24,230307,1366.5
T501305,C100164,1997-11-15,Female,DELHI,"20,966.32",2024-11-19,045656,225.88
T505770,C100328,1993-09-23,f,mumbai ,"138,849.89",03-Jun-2024,174628,8912.38
T501210,C100010,1989-06-09,f,Kolkata,"Rs. 239,001.20",12/07/2024,093344,7888.63
T502147,C100391,1973-01-06,female,Jaipur,18082.92,06-Jun-2024,042409,804.6
T505041,C100155,2035-01-01,m,Chennai,,21-Jan-2024,010106,4926.26
T505088,C100144,03/01/1996,F,Chennai,"63,913.10",18/08/2024,070403,4144.99
T502327,C100620,1967-06-27,,CHENNAI,22920.89,30-May-2024,182959,"INR 2,565.39"
T500619,C100036,04/08/1957,,LUCKNOW,119884.19,05-Apr-2024,171614,1265.32
T504243,C100050,09/01/1981,male,,"Rs. 3,008.14",21-Mar-2024,165445,2021.09
T502623,C100306,23/04/1967,male,PUNE,63186.77,10-Jan-2024,031039,"INR 2,057.68"
T505678,C100248,12/05/1970,m,Kolkata,"89,559.95",11-Aug-2024,071859,"INR 2,516.88"
T504702,C100699,15/11/2003,female,KOLKATA,20709.46,03/11/2024,083628,"INR 1,657.08"
T505728,C100650,1969-08-17,f,Ahmedabad,88102.77,25-Jan-2024,131656,1254.77
T505400,C100726,1966-04-07,m,KOLKATA,"Rs. 213,622.83",19-Dec-2024,222525,14627.91
T502953,C100799,1957-06-01,m,PUNE,"Rs. 3,284.90",29-Jan-2024,075909,557.99
T503460,C100181,07-08-60,male,Pune,"Rs. 46,982.71",07-Dec-2024,032809,1230.51
T500285,C100305,1995-05-22,m,DELHI,"6,386.69",17/03/2024,050022,178.61
T505137,C100251,01/05/1957,Female,PUNE,19062.18,2024-06-03,134719,3499.04
T501932,C100450,1992-01-17,F,DELHI,"111,417.27",14-Dec-2024,163331,8877.04
T503251,C100547,20-06-66,F,DELHI,"Rs. 49,530.12",26-Nov-2024,040442,925.17
T505754,C100542,05-07-95,M,PUNE,"27,050.64",2024-03-19,112924,3267.64
T505179,C100435,1982-06-13,,DELHI,"Rs. 58,275.09",02-May-2024,200431,1971.95
T502508,C100023,12/05/1975,Male,Hyderabad,"5,699.11",02/11/2024,023859,1386.77
T505697,C100782,1960-01-16,Female,Hyderabad,"Rs. 34,036.97",2024-10-06,171837,6520.63
T505531,C100512,19/08/1986,m,,"Rs. 88,055.27",11/10/2024,070628,5462.31
T505331,C100325,25-11-83,M,Jaipur,,2024-07-09,130940,482.39
T505655,C100231,13-01-91,female,DELHI,66484.0,29/06/2024,035942,132.92
T500717,C100334,05/05/1992,,Kolkata,"Rs. 92,365.78",09/10/2024,214639,3992.72
T504056,C100174,1972-07-21,m,Bengaluru,97279.18,02-Sep-2024,204357,17708.65
T502407,C100001,03/03/1976,,AHMEDABAD,"43,869.35",2024-04-29,141856,1038.78
T504523,C100139,09-08-90,Male,Jaipur,"34,813.10",18-Jul-2024,105347,"INR 3,741.47"
T505130,C100385,04-09-86,female,PUNE,31830.7,18/02/2024,190427,6822.3
T500527,C100795,1986-10-21,female,Pune,"Rs. 43,684.44",2024-09-02,171309,690.55
T502053,C100561,26-08-91,F,Mumbai,"Rs. 39,563.93",02/02/2024,055001,274.89
T501657,C100782,1960-01-16,Female,Hyderabad,"Rs. 34,036.97",2024-01-26,004221,2165.12
T502318,C100489,02-06-90,Male,Mumbai,72526.62,09/09/2024,184125,INR 168.59
T501947,C100617,13-06-57,female,Jaipur,9784.54,10/10/2024,102309,301.24
T502691,C100110,04-06-04,,Chennai,"188,084.65",05-Jul-2024,164533,6168.22
T504639,C100116,1960-09-25,female,Pune,220401.55,2024-08-05,220625,2519.24
T505838,C100250,04/10/1964,Female,Ahmedabad,"12,840.30",20-Jul-2024,035126,26919.0
T505210,C100304,2001-11-15,F,Ahmedabad,16445.74,2024-05-07,010801,1310.08
T503222,C100013,1995-03-19,,MUMBAI,"Rs. 11,833.88",17-Aug-2024,233720,1102.37
T500524,C100705,03/12/1964,f,Bengaluru,"92,850.20",2024-06-22,184839,
T503474,C100174,1972-07-21,m,Bengaluru,97279.18,2024-08-05,132243,2570.54
T500910,C100550,19/08/1986,f,Mumbai,"121,126.01",04-Oct-2024,180008,9025.6
T502541,C100022,16-02-69,F,DELHI,,2024-10-14,230309,
T503717,C100038,16/08/2001,M,Kolkata,38387.92,08/11/2024,064041,9551.15
T500503,C100710,1988-06-06,m,LUCKNOW,"31,418.04",21-Oct-2024,120753,1560.25
T500558,C100541,13-01-74,male,Ahmedabad,"186,265.55",30/01/2024,093147,3500.67
T500124,C100274,1973-07-26,Male,Kolkata,,18-Oct-2024,160848,1042.58
T501470,C100330,03/01/1996,m,Mumbai,"Rs. 8,776.03",20-Oct-2024,211451,970.81
T504763,C100741,24/04/1966,m,Kolkata,32097.85,02/09/2024,053548,2018.3
T501284,C100418,1960-01-14,,HYDERABAD,,17/01/2024,115605,11723.55
T503457,C100271,1977-07-11,male,Bengaluru,8306.59,24/11/2024,185625,745.82
T501094,C100190,06/11/1979,male,Jaipur,"Rs. 39,923.71",27/06/2024,195532,1719.71
T504466,C100778,27-07-59,male,Pune,23241.61,28-May-2024,154305,130.89
T501774,C100266,05/08/1960,f,  Surat,"201,021.76",03-May-2024,142139,811.46
T501212,C100212,24-06-00,female,NAGPUR,"119,741.09",2024-08-27,211347,5957.28
T501183,C100033,14-10-55,F,Chennai,54600.09,04-Sep-2024,035925,4718.02
T500224,C100560,01-01-1900,female,Jaipur,25797.87,25-Nov-2024,044358,5505.08
T504928,C100376,1973-09-05,,Delhi,,01-Nov-2024,211410,4736.29
T501951,C100347,13/10/1963,m,mumbai ,"37,311.99",2024-01-17,150617,478.62
T501040,C100649,1959-03-08,,DELHI,"Rs. 342,978.92",11-Feb-2024,150111,5996.74
T500428,C100795,1986-10-21,female,Pune,"Rs. 43,684.44",24/08/2024,235914,450.33
T505810,C100207,06/06/1974,m,DELHI,"Rs. 68,660.40",05-Jun-2024,180651,842.97
T501371,C100142,20-07-97,female,Jaipur,,2024-08-01,130440,3109.4
T503933,C100345,01-05-83,f,KOLKATA,12276.92,12/07/2024,191642,1455.83
T500684,C100775,25/07/1994,F,  Surat,45130.4,10/04/2024,143400,566.23
T500827,C100698,03/10/1986,M,mumbai ,"Rs. 186,379.37",13-Oct-2024,101359,7121.77
T503489,C100492,20-09-66,male,KOLKATA,"3,109.69",2024-12-12,000330,840.07
T500632,C100589,24-11-75,female,CHENNAI,"101,026.53",13-Dec-2024,041614,6500.35
T501241,C100496,13-02-86,f,  Surat,"11,471.41",08-Jan-2024,174536,439.01
T502525,C100730,1987-07-18,F,,25757.03,01/06/2024,202820,289.59
T501671,C100549,20/03/1985,F,DELHI,"92,675.90",04-Jun-2024,051703,874.32
T501460,C100174,1972-07-21,m,Bengaluru,97279.18,08-Jul-2024,172724,3232.83
T501397,C100264,1984-01-06,male,HYDERABAD,,17-Aug-2024,120009,"INR 8,784.75"
T501277,C100191,02-01-79,M,PUNE,"Rs. 70,003.54",24/02/2024,141857,INR 587.47
T503258,C100318,19/04/1976,,JAIPUR,"171,947.48",01/08/2024,204454,11160.81
T500745,C100400,17/12/1961,female,Pune,,19-Nov-2024,125328,3104.61
T501748,C100153,04-08-82,f,LUCKNOW,"379,373.89",18-Feb-2024,060016,4307.32
T500167,C100321,06-06-63,Male,Bangalore,66868.65,25-Mar-2024,174445,2072.79
T505072,C100200,07/09/1984,f,Pune,"99,008.06",23-Jun-2024,233706,6772.59
T500141,C100550,19/08/1986,f,Mumbai,"121,126.01",16/11/2024,032341,10662.16
T500804,C100354,1965-09-03,Male,Delhi,,2024-02-09,200411,726.13
T502008,C100185,1990-08-13,f,Kolkata,"Rs. 119,141.06",2024-05-31,200249,
T504384,C100535,12-02-81,f,CHENNAI,10577.18,2024-04-24,151132,2352.52
T503872,C100702,0000-00-00,Female,Mumbai,2914.57,11/10/2024,072000,282.36
T504753,C100508,21-11-89,male,JAIPUR,"Rs. 6,654.10",30/05/2024,124707,775.26
T502248,C100015,1994-04-22,M,MUMBAI,,2024-01-18,070406,866.05
T500454,C100645,02-11-81,m,,,2024-06-08,130624,10113.34
T505788,C100567,23-01-92,Female,NAGPUR,"Rs. 11,762.16",19/07/2024,150327,"INR 2,256.54"
T502031,C100519,1980-12-10,M,KOLKATA,103786.19,05-Jul-2024,202635,"INR 1,222.00"
T504082,C100019,0000-00-00,,Bengaluru,102437.46,28/02/2024,160518,4431.5
T503377,C100630,10-04-59,M,AHMEDABAD,,20-Oct-2024,214442,342.87
T500440,C100274,1973-07-26,Male,Kolkata,,19-Sep-2024,020658,17515.96
T504906,C100759,08-06-83,f,,,2024-08-20,114901,"INR 7,303.83"
T504200,C100254,08/06/1964,Female,Ahmedabad,184790.05,24-Jul-2024,164303,12110.76
T501827,C100693,11/10/1988,f,Jaipur,"247,886.54",06/02/2024,211424,5207.83
T505077,C100428,17-03-81,Male,Pune,"163,084.05",15/07/2024,015407,"INR -5,263.08"
T503272,C100349,,Female,PUNE,"397,135.49",19-Aug-2024,022804,"INR 4,450.42"
T503496,C100471,1963-03-11,Male,Bangalore,,10/12/2024,184249,-1312.05
T505163,C100741,24/04/1966,m,Kolkata,32097.85,2024-10-01,174204,1523.34
T500984,C100792,13-12-83,M,Bengaluru,147204.05,2024-09-22,122311,2037.64
T503784,C100625,1969-04-02,M,LUCKNOW,21865.24,20/03/2024,173441,2103.49
T501745,C100693,11/10/1988,f,Jaipur,"247,886.54",20-Jul-2024,144302,7432.64
T504408,C100283,1977-10-18,M,  Surat,"Rs. 54,219.80",25/03/2024,214745,852.54
T505433,C100733,2001-05-03,f,BANGALORE,"Rs. 244,077.09",30-Mar-2024,031721,1174.63
T504618,C100166,06-04-86,M,NAGPUR,"8,813.64",14/01/2024,065907,844.14
T502801,C100237,10-10-56,Male,PUNE,,04-Aug-2024,195614,9611.42
T501842,C100156,25-03-92,m,NAGPUR,"23,214.84",29/02/2024,080830,115.61
T503084,C100027,17-08-89,,AHMEDABAD,"Rs. 11,262.83",22-Apr-2024,220549,1689.93
T503899,C100176,03/08/2003,M,JAIPUR,"26,967.93",01/10/2024,201705,INR 443.33
T505336,C100522,20-07-55,Male,CHENNAI,"35,215.42",31-Oct-2024,144339,2549.78
T500376,C100346,22/08/1993,M,PUNE,"134,207.78",22/07/2024,045904,4053.32
T505776,C100344,1963-04-13,,,4994.06,16-Dec-2024,024052,INR 77.74
T500205,C100352,1998-03-02,F,DELHI,,05/10/2024,075204,"INR 7,221.00"
T502211,C100394,04-11-57,m,DELHI,27830.78,07/06/2024,100347,2490.43
T502194,C100491,1974-05-21,Female,Pune,"Rs. 8,845.00",11-Jan-2024,024337,INR 806.99
T501376,C100737,03/06/1961,f,Delhi,"Rs. 71,291.17",2024-09-06,165741,1867.58
T503514,C100748,05/07/1989,male,mumbai ,"Rs. 63,573.89",19-Sep-2024,024852,16087.7
T503354,C100471,1963-03-11,Male,Bangalore,,15-May-2024,061243,
T503862,C100760,14/03/1974,F,mumbai ,286147.6,2024-08-24,121738,19206.91
T503986,C100358,16-02-75,,Kolkata,"Rs. 25,096.75",19-Mar-2024,174904,2427.13
T503018,C100217,16-02-60,Male,Pune,"Rs. 18,308.71",2024-07-28,113533,3384.76
T502417,C100001,03/03/1976,,AHMEDABAD,"43,869.35",11/02/2024,160711,11005.4
T500418,C100039,13/06/1975,Female,BANGALORE,"Rs. 269,975.33",2024-12-23,054405,"INR 6,913.75"
T500283,C100406,09-01-59,Female,Chennai,"Rs. 70,730.83",16-Aug-2024,045403,1965.38
T500871,C100491,1974-05-21,Female,Pune,"Rs. 8,845.00",2024-02-07,182325,
T502145,C100488,25-03-77,m,BANGALORE,"29,268.42",21/08/2024,104212,229.42
T503653,C100651,02/01/1989,female,Chennai,"79,050.49",01-Apr-2024,233759,20417.77
T500354,C100126,14/08/1992,,JAIPUR,"Rs. 17,927.78",2024-06-07,063049,597.11
T503953,C100467,1981-10-18,male,PUNE,"Rs. 13,616.23",07/03/2024,131323,1414.94
T504858,C100570,1960-04-04,Female,Kolkata,8280.19,2024-04-05,065718,501.68
T505371,C100532,2004-12-08,M,Ahmedabad,,2024-10-07,062526,6590.13
T505847,C100659,2000-01-11,female,JAIPUR,86238.94,2024-05-19,061420,630.75
T505621,C100038,16/08/2001,M,Kolkata,38387.92,29-Nov-2024,162938,1267.77
T504121,C100515,13/10/1997,Male,CHENNAI,48437.97,29-Jan-2024,163556,8613.54
T505624,C100434,20-02-74,,HYDERABAD,17342.63,25-May-2024,050354,1010.1
T502873,C100792,13-12-83,M,Bengaluru,147204.05,2024-02-14,141921,980.83
T501596,C100377,07/07/1965,m,Bangalore,31307.17,13/11/2024,080614,1297.26
T504057,C100075,25/02/2001,F,HYDERABAD,13759.87,20-Mar-2024,025951,"INR 1,316.03"
T501469,C100114,22-09-77,Female,LUCKNOW,,26/03/2024,140439,
T505913,C100552,16-10-61,,Ahmedabad,34675.53,01/02/2024,074150,1598.62
T501601,C100283,1977-10-18,M,  Surat,"Rs. 54,219.80",2024-02-22,062608,2975.07
T505724,C100182,1997-04-19,F,CHENNAI,,08-Oct-2024,040200,"INR 1,853.93"
T502447,C100292,1/1/1800,female,MUMBAI,"9,547.79",05/08/2024,082942,735.4
T500458,C100180,1993-05-22,Female,Mumbai,19984.97,2024-04-28,225602,
T502023,C100300,1990-09-07,Male,Chennai,,27/02/2024,050415,
T505070,C100500,06-04-01,f,Pune,"34,173.25",2024-04-02,124512,62.27
T501638,C100347,13/10/1963,m,mumbai ,"37,311.99",15/10/2024,015421,INR 877.43
T502985,C100293,13-05-89,Male,BANGALORE,"10,023.20",2024-08-27,210008,848.62
T503031,C100529,1991-11-11,F,Bengaluru,"104,328.62",10/12/2024,063002,962.01
T504477,C100185,1990-08-13,f,Kolkata,"Rs. 119,141.06",2024-04-07,183230,7437.75
T500375,C100640,22/11/2003,male,AHMEDABAD,,28/12/2024,182752,2264.1
T503557,C100749,1/1/1800,m,Mumbai,"372,624.79",2024-05-06,203301,4415.65
T500883,C100596,1972-07-04,Male,mumbai ,"240,531.19",16-Nov-2024,031812,
T504128,C100093,15/10/1965,f,,"157,865.54",29/02/2024,123940,1461.57
T500691,C100708,27/01/1964,m,Kolkata,"48,367.85",2024-08-18,101618,1460.48
T503333,C100681,15/05/1967,female,LUCKNOW,"239,151.47",2024-02-14,185539,11407.45
T504051,C100458,27/05/1965,male,Jaipur,"Rs. 59,235.70",20-May-2024,151531,1227.69
T502763,C100468,04-04-68,Male,Chennai,84203.67,04/04/2024,024120,"INR 5,168.34"
T504109,C100289,09-03-04,m,JAIPUR,26392.12,21-Feb-2024,014617,157.99
T503617,C100334,05/05/1992,,Kolkata,"Rs. 92,365.78",03-Jan-2024,235124,2291.07
T500317,C100697,1969-10-22,male,Mumbai,,03/05/2024,181916,366.75
T502857,C100699,15/11/2003,female,KOLKATA,20709.46,2024-08-15,075156,"INR 3,039.89"
T504379,C100028,26/05/1973,,HYDERABAD,,06-Aug-2024,122540,6064.24
T501902,C100612,22-09-87,,JAIPUR,378740.24,15/03/2024,093304,1723.81
T504600,C100334,05/05/1992,,Kolkata,"Rs. 92,365.78",18/02/2024,232328,5805.01
T500508,C100067,2035-01-01,,JAIPUR,"Rs. 36,368.89",2024-08-06,035535,4821.74
T503771,C100538,1970-11-08,Male,Ahmedabad,,2024-11-29,080150,3243.97
T505292,C100122,23-09-97,male,  Surat,"15,789.94",2024-04-01,085339,INR 522.12
T502594,C100162,1997-09-24,m,Delhi,"Rs. 42,810.30",30/04/2024,151525,
T505954,C100514,1975-04-12,,KOLKATA,"Rs. 51,367.71",2024-10-17,004000,72.08
T503381,C100788,17/10/1965,male,Bengaluru,"Rs. 40,994.26",09/03/2024,233516,1289.04
T502906,C100658,1996-06-17,female,Chennai,"62,261.48",23-Aug-2024,042332,1132.31
T503877,C100658,1996-06-17,female,Chennai,"62,261.48",05/09/2024,184147,669.88
T505818,C100268,1990-09-10,F,Ahmedabad,24478.2,2024-02-26,075947,445.05
T500754,C100095,1980-11-25,Female,Ahmedabad,,2024-06-21,030409,170.26
T505366,C100589,24-11-75,female,CHENNAI,"101,026.53",06-Feb-2024,182814,5753.63
T501550,C100750,20-09-76,M,MUMBAI,"Rs. 140,121.33",24-Jan-2024,102450,6226.27
T505135,C100136,17/08/2002,,Ahmedabad,,2024-06-06,213427,12225.19
T500125,C100052,13-07-60,Female,MUMBAI,"Rs. 54,071.44",2024-12-06,090550,1790.42
T503529,C100254,08/06/1964,Female,Ahmedabad,184790.05,2024-12-18,223212,5562.99
T502174,C100151,1955-06-05,Male,Kolkata,"Rs. 83,391.84",01/03/2024,150728,7832.07
T503845,C100287,02-08-63,F,,"Rs. 2,589.86",2024-04-11,074524,1710.27
T501599,C100194,10/04/2004,Female,mumbai ,"Rs. 8,031.94",2024-11-28,134610,837.11
T501502,C100512,19/08/1986,m,,"Rs. 88,055.27",31-Aug-2024,171600,2412.48
T503693,C100438,20-05-72,F,Bengaluru,,03-Jan-2024,094208,1309.72
T505747,C100764,1966-06-14,M,Jaipur,62112.48,19/02/2024,064424,12827.94
T502014,C100117,24/02/1977,M,,"Rs. 29,662.35",05-Apr-2024,102456,50148.0
T502896,C100371,1960-12-25,m,Pune,10182.0,2024-10-22,015050,139.97
T504101,C100724,07-07-82,,Delhi,41634.26,2024-02-15,045252,610.16
T503742,C100740,22-08-78,F,JAIPUR,,2024-10-11,085345,"INR 1,771.11"
T503865,C100089,10-03-85,m,CHENNAI,,12-Aug-2024,013705,1979.0
T505489,C100187,1/1/1800,m,Bengaluru,2316.41,2024-11-15,202748,974.11
T501416,C100657,1974-02-08,male,Ahmedabad,"71,006.14",2024-06-10,221231,1164.54
T504747,C100743,1968-05-24,Male,,121700.99,11-Feb-2024,141657,499.91
T503647,C100150,10-08-01,f,KOLKATA,"Rs. 80,031.58",26/08/2024,000349,1535.9
T502555,C100103,14-02-91,,Delhi,,25/12/2024,155232,946.07
T504893,C100052,13-07-60,Female,MUMBAI,"Rs. 54,071.44",22-Jan-2024,160936,2392.05
T502292,C100780,21-03-63,Female,  Surat,1632.01,20/08/2024,021750,"INR 1,874.44"
T501168,C100701,1973-08-26,m,Delhi,26855.95,15/02/2024,020326,1457.51
T501415,C100625,1969-04-02,M,LUCKNOW,21865.24,07/05/2024,154356,1096.98
T503030,C100790,03/02/1994,female,Pune,"108,574.79",2024-09-12,092950,"INR 3,486.85"
T505603,C100626,1988-04-25,male,  Surat,,06/08/2024,183447,321.03
T500300,C100123,14-09-96,M,Hyderabad,24576.12,09/07/2024,063914,597.47
T505773,C100276,02/08/2000,,Jaipur,56892.89,2024-07-05,194955,859.47
T503677,C100608,1978-11-05,M,NAGPUR,"49,274.28",21-May-2024,211213,INR 658.88
T502866,C100242,14-05-91,male,HYDERABAD,"Rs. 103,866.17",27/08/2024,182704,1903.73
T505844,C100733,2001-05-03,f,BANGALORE,"Rs. 244,077.09",29/07/2024,235038,15002.68
T505821,C100584,27/02/1997,F,Chennai,"16,020.27",29/12/2024,201230,794.56
T504633,C100433,04/10/1963,m,mumbai ,11449.4,07/07/2024,114713,887.95
T503893,C100251,01/05/1957,Female,PUNE,19062.18,02/11/2024,102033,2327.45
T504829,C100258,26-05-00,Male,,"Rs. 16,944.13",21/02/2024,151928,1752.16
T504006,C100662,09-10-70,Male,Mumbai,64116.87,17/07/2024,195706,447.54
T500862,C100002,14/10/1990,female,BANGALORE,4740.87,2024-01-25,122142,931.39
T504520,C100682,1/1/1800,Female,NAGPUR,16190.39,27/01/2024,091733,2230.04
T501140,C100726,1966-04-07,m,KOLKATA,"Rs. 213,622.83",14-May-2024,083528,8849.01
T505075,C100698,03/10/1986,M,mumbai ,"Rs. 186,379.37",30-Mar-2024,181244,7198.96
T500935,C100648,03-09-71,F,HYDERABAD,"Rs. 9,700.19",2024-03-07,234307,371.07
T502358,C100371,1960-12-25,m,Pune,10182.0,23/11/2024,151353,32.06
T503224,C100517,2001-06-26,male,JAIPUR,"53,788.28",18/03/2024,160542,12704.47
T503903,C100385,04-09-86,female,PUNE,31830.7,23/05/2024,014245,6019.5
T502745,C100640,22/11/2003,male,AHMEDABAD,,25-Aug-2024,235557,2045.26
T500041,C100037,09-03-94,F,Delhi,"Rs. 33,340.33",2024-09-19,141103,600.76
T501933,C100042,1968-11-12,Male,mumbai ,41014.43,13-Sep-2024,111759,805.77
T503384,C100136,17/08/2002,,Ahmedabad,,2024-04-26,140746,7621.53
T503378,C100177,13-12-68,,AHMEDABAD,208320.55,31-May-2024,122322,2948.2
T502378,C100449,09-08-01,Male,CHENNAI,,16/12/2024,121951,1595.51
T505612,C100185,1990-08-13,f,Kolkata,"Rs. 119,141.06",2024-04-21,223850,3358.7
T504087,C100540,17-07-56,Female,HYDERABAD,73271.8,2024-07-18,032754,3618.78
T500928,C100321,06-06-63,Male,Bangalore,66868.65,2024-05-05,114415,1805.18
T501913,C100763,10/09/1994,m,MUMBAI,,2024-06-30,085756,745.36
T500281,C100659,2000-01-11,female,JAIPUR,86238.94,30-Aug-2024,031125,2475.17
T503829,C100663,24/03/1961,m,,"600,713.48",2024-09-04,030359,881.18
T501849,C100393,11/11/1981,F,Mumbai,"15,018.25",2024-01-16,095850,INR 400.69
T502784,C100028,26/05/1973,,HYDERABAD,,2024-03-24,200915,23637.43
T504559,C100503,12/08/1956,F,Pune,"146,446.03",21-Mar-2024,184146,5432.29
T501578,C100106,05-04-68,M,DELHI,"60,836.59",14-Oct-2024,181523,978.52
T500339,C100534,21/09/1980,Female,MUMBAI,,2024-11-05,020536,572936.0
T502509,C100318,19/04/1976,,JAIPUR,"171,947.48",2024-04-19,025243,19031.23
T500897,C100650,1969-08-17,f,Ahmedabad,88102.77,22-Oct-2024,120542,1056.08
T504134,C100314,12-01-04,m,Mumbai,,2024-03-17,140917,3097.24
T500178,C100432,23-09-63,f,Jaipur,,19/02/2024,073928,891.04
T504691,C100653,1965-06-07,f,AHMEDABAD,"Rs. 305,029.15",23-Sep-2024,224911,2220.28
T503131,C100177,13-12-68,,AHMEDABAD,208320.55,2024-07-30,023317,5582.46
T501067,C100726,1966-04-07,m,KOLKATA,"Rs. 213,622.83",21/04/2024,141233,8472.47
T500802,C100398,14-03-94,male,LUCKNOW,"Rs. 16,335.93",2024-01-28,012500,2938.1
T501918,C100523,03/02/2003,Male,BANGALORE,11576.66,24/04/2024,054303,3364.98
T503747,C100750,20-09-76,M,MUMBAI,"Rs. 140,121.33",2024-08-21,203143,1403.09
T504364,C100540,17-07-56,Female,HYDERABAD,73271.8,2024-02-16,060716,368.94
T500125,C100052,13-07-60,Female,MUMBAI,"Rs. 54,071.44",2024-12-06,090550,1790.42
T500206,C100185,1990-08-13,f,Kolkata,"Rs. 119,141.06",2024-09-03,213203,6207.24
T500451,C100671,18/02/1957,M,mumbai ,60107.96,14/06/2024,034007,1389.32
T503303,C100347,13/10/1963,m,mumbai ,"37,311.99",08/07/2024,084317,2302.28
T500069,C100148,1980-12-03,f,Chennai,,21/03/2024,040357,6691.61
T502385,C100573,1976-01-19,male,Hyderabad,41943.84,15-Jul-2024,221417,11349.98
T505157,C100091,1994-12-19,f,Kolkata,138944.05,2024-09-05,124553,3362.79
T505769,C100448,1996-08-17,female,MUMBAI,1576.53,2024-03-13,180326,121.63
T504876,C100215,25-01-62,Male,Jaipur,51679.23,04/07/2024,135216,8236.78
T504803,C100457,23/11/1991,M,Hyderabad,"46,885.90",04-Jan-2024,192348,27.58
T504870,C100147,17-03-97,male,Mumbai,"34,392.46",15-Oct-2024,165125,29911.42
T504768,C100400,17/12/1961,female,Pune,,2024-06-16,181639,2525.98
T502166,C100021,1996-01-24,m,Hyderabad,51078.01,13-Apr-2024,232243,4432.75
T505373,C100106,05-04-68,M,DELHI,"60,836.59",24/04/2024,161235,2731.12
T505989,C100593,09-05-75,Male,Ahmedabad,77632.67,30/04/2024,013016,16744.47
T500858,C100277,06-08-78,F,Bengaluru,63815.79,2024-10-25,045629,1396.21
T503060,C100347,13/10/1963,m,mumbai ,"37,311.99",09/08/2024,010958,2872.54
T504628,C100449,09-08-01,Male,CHENNAI,,08-Jun-2024,171114,12053.65
T504412,C100535,12-02-81,f,CHENNAI,10577.18,26/04/2024,014610,1069.35
T500296,C100421,1985-01-17,Male,Chennai,"123,501.29",24-Aug-2024,212330,"INR 5,772.13"
T505328,C100513,1992-06-02,F,Bengaluru,14786.27,04/06/2024,130423,554.46
T502867,C100153,04-08-82,f,LUCKNOW,"379,373.89",2024-05-03,220058,6781.55
T501358,C100170,25-08-86,Male,Delhi,36174.63,14/05/2024,020524,
T504151,C100245,12/03/1955,M,PUNE,"Rs. 7,617.01",2024-06-13,152922,1006.48
T502168,C100538,1970-11-08,Male,Ahmedabad,,25/05/2024,082020,2878.81
T501000,C100243,26-10-81,male,Ahmedabad,16321.79,21/09/2024,165806,4772.62
T502943,C100509,1977-09-18,m,BANGALORE,26256.74,27-Jul-2024,092254,6689.63
T503675,C100127,24/03/1957,Male,Jaipur,,01-Apr-2024,055226,362.2
T503610,C100545,14/11/1965,F,Mumbai,76933.29,24-Oct-2024,092806,
T505947,C100031,04-11-77,,DELHI,,03/06/2024,192840,1138.81
T504842,C100583,03-06-58,male,NAGPUR,"71,828.00",20-Dec-2024,220521,7675.83
T504795,C100173,2003-09-18,Female,PUNE,"Rs. 28,296.42",28/01/2024,203825,"INR 1,046.34"
T502543,C100458,27/05/1965,male,Jaipur,"Rs. 59,235.70",03/04/2024,055857,502.09
T504485,C100153,04-08-82,f,LUCKNOW,"379,373.89",03/09/2024,141320,"INR 10,755.45"
T502090,C100306,23/04/1967,male,PUNE,63186.77,02/12/2024,145557,1268.1
T501604,C100112,1984-02-13,,CHENNAI,,2024-01-09,142239,112.15
T504637,C100264,1984-01-06,male,HYDERABAD,,2024-01-30,195753,15683.51
T501255,C100240,24/12/2003,M,mumbai ,"58,083.30",16-Jul-2024,014855,INR 549.90
T502154,C100705,03/12/1964,f,Bengaluru,"92,850.20",2024-03-27,051954,"INR 3,362.03"
T501287,C100244,24-09-83,female,DELHI,,2024-06-29,165423,1889.92
T502872,C100001,03/03/1976,,AHMEDABAD,"43,869.35",2024-04-08,024334,7100.98
T504335,C100255,1959-12-07,female,PUNE,,01-Nov-2024,213244,3437.03
T502320,C100184,10-07-88,f,BANGALORE,45597.09,13/09/2024,041902,764.39
T503658,C100045,0000-00-00,m,,"Rs. 50,615.70",20-Jul-2024,173132,2415.93
T503868,C100450,1992-01-17,F,DELHI,"111,417.27",2024-08-10,082455,4707.75
T505589,C100380,16-03-60,Female,DELHI,,10-Oct-2024,105329,1631.87
T501022,C100543,25/02/1989,M,Chennai,"Rs. 28,641.23",24-Mar-2024,125110,7543.15
T503655,C100368,1991-10-16,F,Jaipur,"144,315.15",19-Jun-2024,230907,1023.15
T502665,C100743,1968-05-24,Male,,121700.99,28-Feb-2024,041833,502.98
T501812,C100333,18-03-86,F,LUCKNOW,,23-May-2024,022540,4837.03
T505551,C100176,03/08/2003,M,JAIPUR,"26,967.93",03/06/2024,013736,1486.45
T505696,C100696,18/05/1975,m,,295142.68,2024-12-14,052201,"INR 14,097.60"
T503305,C100349,,Female,PUNE,"397,135.49",29-Mar-2024,055724,12547.24
T503184,C100155,2035-01-01,m,Chennai,,03/05/2024,045739,6028.82
T505021,C100475,01-01-1900,Female,Bengaluru,"89,827.75",01/08/2024,014821,1098.92
T505276,C100622,1963-04-08,male,Pune,"114,620.95",18-Mar-2024,161709,3282.16
T504242,C100065,18/02/2001,M,Delhi,55990.05,2024-05-10,035951,12320.03
T503135,C100368,1991-10-16,F,Jaipur,"144,315.15",23/10/2024,165901,2069.67
T500836,C100186,06-11-74,F,HYDERABAD,"Rs. 25,324.25",26/03/2024,002944,886.66
T501770,C100550,19/08/1986,f,Mumbai,"121,126.01",2024-03-03,221009,"INR 5,347.90"
T501379,C100476,1964-07-27,female,PUNE,66112.87,06-Jan-2024,203139,699.93
T500545,C100471,1963-03-11,Male,Bangalore,,2024-10-12,121836,4792.98
T500515,C100473,03-04-82,female,Bengaluru,,31/03/2024,162713,1705.28
T502409,C100658,1996-06-17,female,Chennai,"62,261.48",2024-08-24,174757,330.74
T505094,C100349,,Female,PUNE,"397,135.49",17-Aug-2024,062220,13595.67
T504396,C100357,06/01/1977,female,MUMBAI,76877.42,25/11/2024,032159,1426.33
T503580,C100021,1996-01-24,m,Hyderabad,51078.01,07-Mar-2024,002034,2580.94
T504511,C100175,1997-06-09,,Jaipur,"66,674.74",27-May-2024,193045,1489.48
T501285,C100179,18-09-93,female,BANGALORE,"4,962.98",09-Jan-2024,093550,963.99
T505607,C100505,1963-06-02,Male,MUMBAI,"8,165.64",18/02/2024,160742,132.81
T501979,C100378,06-11-03,m,CHENNAI,,19-Jan-2024,054629,11485.34
T503866,C100275,04/05/1965,female,BANGALORE,"175,954.66",01-May-2024,075625,131.04
T505911,C100636,07/07/1969,female,  Surat,"Rs. 52,253.95",17/08/2024,223726,1193.58
T500268,C100327,1959-06-23,,Bangalore,,05/03/2024,072431,1176.98
T505706,C100346,22/08/1993,M,PUNE,"134,207.78",2024-10-14,051849,18627.46
T500017,C100637,09-04-89,F,PUNE,,30/04/2024,052401,9268.72
T502621,C100385,04-09-86,female,PUNE,31830.7,2024-04-19,063125,3877.52
T501151,C100093,15/10/1965,f,,"157,865.54",2024-01-06,214044,"INR 17,817.50"
T500778,C100581,10/01/1991,M,Bengaluru,"Rs. 13,752.63",09/08/2024,191723,245.73
T504617,C100776,1964-07-01,female,Bangalore,"Rs. 31,244.52",17/11/2024,115810,3472.62
T504567,C100010,1989-06-09,f,Kolkata,"Rs. 239,001.20",13-Jan-2024,184344,24121.02
T500252,C100792,13-12-83,M,Bengaluru,147204.05,2024-08-20,163014,1199.53
T500643,C100504,1999-12-20,M,Jaipur,97634.59,18-Apr-2024,193855,"INR 13,432.33"
T501504,C100651,02/01/1989,female,Chennai,"79,050.49",2024-09-14,085236,7366.31
T504448,C100136,17/08/2002,,Ahmedabad,,05/05/2024,024727,14964.61
T505951,C100353,2001-08-12,m,Pune,,2024-12-01,041658,1526.54
T504292,C100790,03/02/1994,female,Pune,"108,574.79",2024-08-12,203546,3494.91
T502270,C100134,1959-04-17,Male,HYDERABAD,12808.18,15/03/2024,103310,59.5
T501202,C100185,1990-08-13,f,Kolkata,"Rs. 119,141.06",03/12/2024,150125,4456.62
T502160,C100121,,,DELHI,,2024-06-19,035420,1524.59
T505835,C100428,17-03-81,Male,Pune,"163,084.05",19/06/2024,161159,5483.61
T505307,C100136,17/08/2002,,Ahmedabad,,2024-03-28,195755,7276.69
T501511,C100569,06/08/1967,,KOLKATA,,2024-10-08,153300,178.69
T504926,C100488,25-03-77,m,BANGALORE,"29,268.42",2024-08-15,074122,"INR 1,420.88"
T502341,C100368,1991-10-16,F,Jaipur,"144,315.15",01/12/2024,221859,2899.43
T503672,C100332,1992-09-13,Female,NAGPUR,"Rs. 1,075.32",31/03/2024,172210,1327.23
T503572,C100182,1997-04-19,F,CHENNAI,,2024-10-31,001334,2310.7
T503390,C100200,07/09/1984,f,Pune,"99,008.06",26/03/2024,110640,3722.21
T504903,C100294,1977-04-19,Female,HYDERABAD,,08/03/2024,045628,3521.99
T500902,C100622,1963-04-08,male,Pune,"114,620.95",25/06/2024,052520,4954.53
T502740,C100559,04/12/2001,,Mumbai,"83,977.32",09-Oct-2024,092803,1288.99
T504093,C100294,1977-04-19,Female,HYDERABAD,,11-Dec-2024,102051,381.83
T505609,C100642,16/06/2004,m,  Surat,"Rs. 10,108.04",2024-01-31,063329,421.6
T502157,C100515,13/10/1997,Male,CHENNAI,48437.97,2024-12-23,233811,4798.93
T501389,C100406,09-01-59,Female,Chennai,"Rs. 70,730.83",22/06/2024,153339,INR 263.08
T501079,C100759,08-06-83,f,,,2024-10-12,160522,811.81
T500847,C100425,10/04/1986,,MUMBAI,"59,725.38",17/04/2024,213455,1449.14
T503369,C100350,06/05/1984,Male,Bengaluru,,13-Oct-2024,063700,4978.83
T503415,C100314,12-01-04,m,Mumbai,,10-Dec-2024,021456,2351.27
T503249,C100235,21-09-81,female,Pune,"Rs. 15,017.22",06-Feb-2024,101019,352.54
T505387,C100464,1975-12-20,,Ahmedabad,,09/06/2024,220608,339.12
T501605,C100645,02-11-81,m,,,20/10/2024,130034,7501.03
T503511,C100577,21/07/1986,m,Delhi,22754.07,2024-01-27,045235,678.67
T504227,C100483,2004-08-13,male,Mumbai,,2024-08-08,213358,2624.39
T504455,C100585,20-01-65,F,CHENNAI,"Rs. 51,724.58",13-Jun-2024,081438,"INR 6,652.39"
T500442,C100764,1966-06-14,M,Jaipur,62112.48,31-Jul-2024,032832,2387.0
T505213,C100028,26/05/1973,,HYDERABAD,,2024-07-31,005444,20925.61
T502983,C100040,1994-09-14,male,,"Rs. 22,609.54",23/02/2024,224538,1809.01
T505522,C100079,20-07-04,M,Delhi,"Rs. 80,811.92",2024-10-23,183954,14273.45
T502671,C100267,24/03/1964,F,Bengaluru,"Rs. 100,432.83",30-Aug-2024,083114,3606.87
T504603,C100350,06/05/1984,Male,Bengaluru,,27-Feb-2024,082139,4130.36
T504536,C100458,27/05/1965,male,Jaipur,"Rs. 59,235.70",2024-11-16,114638,959.37
T505895,C100005,1966-11-23,,mumbai ,"Rs. 44,083.60",2024-11-07,040858,1363.01
T500907,C100475,01-01-1900,Female,Bengaluru,"89,827.75",08-Mar-2024,081435,2601.98
T505326,C100254,08/06/1964,Female,Ahmedabad,184790.05,31-Jan-2024,202455,4699.2
T500234,C100230,2035-01-01,Female,Chennai,"Rs. 17,144.19",20/06/2024,192129,5307.31
T505193,C100218,1979-01-08,male,AHMEDABAD,"Rs. 470,799.86",11-Oct-2024,191313,2183.72
T502228,C100490,23-01-92,m,LUCKNOW,,16/02/2024,032035,2663.89
T503992,C100354,1965-09-03,Male,Delhi,,05/01/2024,092937,-340.83
T504039,C100001,03/03/1976,,AHMEDABAD,"43,869.35",02/06/2024,141402,4063.58
T502326,C100756,1960-09-11,Male,  Surat,"Rs. 19,451.56",15/01/2024,173313,838.38
T505600,C100727,1978-08-19,female,JAIPUR,"Rs. 123,863.27",19-May-2024,005132,1028.68
T502473,C100372,19/12/1983,Female,Mumbai,59995.96,2024-11-08,142616,781.76
T504029,C100770,02/12/1995,female,JAIPUR,,2024-02-16,133923,1259.29
T505725,C100026,1980-06-13,f,Bangalore,"42,425.02",10/07/2024,003524,8146.47
T505545,C100790,03/02/1994,female,Pune,"108,574.79",12/04/2024,205043,1663.68
T504351,C100246,11/12/1992,Male,Delhi,459949.04,07-Jan-2024,231249,7818.67
T503065,C100676,12-03-59,,NAGPUR,"44,650.65",28/04/2024,025543,526.24
T503682,C100493,0000-00-00,F,AHMEDABAD,"Rs. 102,129.94",09/09/2024,080955,12569.51
T502973,C100078,19/07/1963,female,Chennai,51575.85,03/02/2024,154710,
T501635,C100796,13-01-85,F,CHENNAI,22196.84,05-May-2024,000616,1604.84
T502061,C100516,14/07/1982,F,,"98,173.58",2024-09-22,072104,963.47
T505806,C100701,1973-08-26,m,Delhi,26855.95,06/12/2024,213128,1152.01
T500057,C100170,25-08-86,Male,Delhi,36174.63,2024-10-15,051253,6013.02
T502192,C100106,05-04-68,M,DELHI,"60,836.59",2024-05-26,065024,2892.32
T501472,C100306,23/04/1967,male,PUNE,63186.77,2024-04-30,031724,1632.7
T504780,C100136,17/08/2002,,Ahmedabad,,14-Jun-2024,054849,12054.69
T503498,C100339,20/04/1966,male,PUNE,"Rs. 62,182.35",2024-07-13,095529,6874.69
T500714,C100591,1975-05-16,Male,Jaipur,"31,294.72",17-Dec-2024,163806,261961.0
T505242,C100374,01/06/1997,f,Jaipur,55312.12,20/05/2024,014106,336.5
T502786,C100010,1989-06-09,f,Kolkata,"Rs. 239,001.20",2024-11-21,112704,1705.89
T501474,C100169,1990-12-22,,Ahmedabad,"Rs. 346,738.24",13-Oct-2024,000147,2984.63
T501568,C100019,0000-00-00,,Bengaluru,102437.46,20-May-2024,182839,286.43
T500465,C100534,21/09/1980,Female,MUMBAI,,09-Jun-2024,040420,2568.1
T501589,C100045,0000-00-00,m,,"Rs. 50,615.70",2024-02-07,144236,2709.43
T501008,C100080,1998-06-05,m,BANGALORE,772078.46,08/06/2024,171436,2303.26
T504314,C100524,09-03-02,female,Mumbai,"13,037.36",02-Jun-2024,001306,324.47
T501579,C100522,20-07-55,Male,CHENNAI,"35,215.42",18-Oct-2024,144654,8505.21
T501304,C100764,1966-06-14,M,Jaipur,62112.48,02/05/2024,172222,2296.87
T504160,C100164,1997-11-15,Female,DELHI,"20,966.32",2024-05-31,013020,2455.82
T505444,C100654,15-10-79,M,Bengaluru,55160.82,2024-02-04,223159,900.51
T500346,C100501,02-01-74,f,DELHI,"98,637.64",28-Sep-2024,234101,5421.54
T500502,C100508,21-11-89,male,JAIPUR,"Rs. 6,654.10",2024-07-08,114137,449.02
T501232,C100193,26/11/1986,Male,Delhi,"16,440.96",2024-03-12,063459,1426.65
T501643,C100375,27-11-99,m,NAGPUR,"267,588.10",10/08/2024,024658,482.88
T502990,C100552,16-10-61,,Ahmedabad,34675.53,10/05/2024,031018,-342.16
T500833,C100657,1974-02-08,male,Ahmedabad,"71,006.14",23-Dec-2024,115759,1705.01
T503861,C100551,1967-07-13,M,mumbai ,13935.52,17/04/2024,142324,1176.63
T502140,C100637,09-04-89,F,PUNE,,2024-04-06,053129,3469.16
T504820,C100680,1964-12-27,male,Chennai,83125.23,20/12/2024,212723,5837.48
T501362,C100601,26/01/1967,m,Bengaluru,5370.73,27-Sep-2024,043131,INR 601.69
T501164,C100521,1962-02-16,Male,Kolkata,56258.99,2024-06-21,121603,4919.37
T501764,C100757,16-06-64,,NAGPUR,"Rs. 128,307.71",2024-07-25,042802,8213.14
T504667,C100321,06-06-63,Male,Bangalore,66868.65,2024-05-12,033425,4541.98
T501425,C100001,03/03/1976,,AHMEDABAD,"43,869.35",01/04/2024,031143,"INR 5,802.74"
T500542,C100344,1963-04-13,,,4994.06,16-Dec-2024,103555,INR 597.36
T501491,C100366,10/12/1987,f,  Surat,"9,704.44",22-Dec-2024,210241,628.14
T505814,C100435,1982-06-13,,DELHI,"Rs. 58,275.09",13-Jan-2024,112121,1346.51
T501666,C100222,1969-03-14,F,LUCKNOW,"77,445.15",2024-06-15,020654,1581.5
T501945,C100588,2003-09-24,,KOLKATA,"Rs. 10,922.29",2024-08-17,225547,307721.0
T503637,C100218,1979-01-08,male,AHMEDABAD,"Rs. 470,799.86",2024-09-04,171812,10779.58
T503050,C100698,03/10/1986,M,mumbai ,"Rs. 186,379.37",28/06/2024,171111,2805.77
T504971,C100177,13-12-68,,AHMEDABAD,208320.55,18-Feb-2024,053244,3760.89
T503942,C100413,1975-06-17,Male,Chennai,,2024-08-09,215359,888.29
T500565,C100439,08/03/1967,female,BANGALORE,"Rs. 48,286.94",2024-05-04,220407,2709.99
T500263,C100472,07/01/2000,m,Chennai,13195.64,12/12/2024,144418,INR 673.54
T503892,C100780,21-03-63,Female,  Surat,1632.01,03-Aug-2024,194216,434.99
T501324,C100091,1994-12-19,f,Kolkata,138944.05,2024-12-09,041901,143.02
T500381,C100601,26/01/1967,m,Bengaluru,5370.73,2024-11-17,022430,INR 418.89
T504828,C100758,16/09/1995,f,Pune,8457.46,01/01/2024,094347,2838.32
T500613,C100533,05/07/1959,,LUCKNOW,11799.16,01/08/2024,075711,715.93
T505176,C100472,07/01/2000,m,Chennai,13195.64,2024-12-02,063129,1496.84
T500215,C100555,27-03-93,female,Ahmedabad,"66,420.28",25-Jun-2024,000225,2105.7
T501977,C100027,17-08-89,,AHMEDABAD,"Rs. 11,262.83",16-Mar-2024,164658,6019.76
T501102,C100345,01-05-83,f,KOLKATA,12276.92,17-Oct-2024,033238,505.03
T501978,C100504,1999-12-20,M,Jaipur,97634.59,2024-08-18,193015,12497.35
T505739,C100279,1957-08-17,Male,Jaipur,"45,765.21",06-Jul-2024,155606,2980.93
T502865,C100697,1969-10-22,male,Mumbai,,28-Mar-2024,023155,7706.54
T501112,C100554,24-01-80,m,  Surat,"31,094.72",14-Apr-2024,153323,2335.89
T503723,C100140,1964-06-15,,KOLKATA,699519.01,28/03/2024,200227,3720.47
T504836,C100375,27-11-99,m,NAGPUR,"267,588.10",06/08/2024,075943,
T504943,C100083,11-01-60,f,Hyderabad,"7,606.81",07/07/2024,055223,687.92
T503774,C100308,07-09-93,male,Ahmedabad,"Rs. 11,206.16",2024-07-04,055840,294.19
T501693,C100311,02/01/1973,F,HYDERABAD,63960.0,03-Jun-2024,183555,2940.73
T501617,C100743,1968-05-24,Male,,121700.99,02-May-2024,191414,2300.3
T505746,C100447,1994-02-09,male,Ahmedabad,"11,950.03",2024-12-19,042701,404.08
T505572,C100645,02-11-81,m,,,05-May-2024,013404,3726.69
T503055,C100016,07/02/1956,Female,mumbai ,"Rs. 21,454.12",10-Apr-2024,040947,865.99
T500032,C100210,1956-04-12,female,Delhi,"112,806.44",2024-07-15,190157,5240.68
T504958,C100575,09-06-71,m,JAIPUR,28676.46,2024-01-20,153603,708.78
T500114,C100316,1994-03-18,male,mumbai ,11959.24,13/01/2024,060605,1070.34
T504434,C100774,23-09-67,f,Pune,"Rs. 10,948.71",2024-02-02,123030,1905.1
T504297,C100695,14-01-57,Male,,26555.71,23/11/2024,195153,7625.26
T502288,C100054,01-04-73,f,AHMEDABAD,"Rs. 2,705.17",08/09/2024,182523,701.29
T500820,C100593,09-05-75,Male,Ahmedabad,77632.67,24/05/2024,184319,8785.71
T502249,C100402,06-11-03,m,Delhi,"104,593.33",24/12/2024,114715,2273.97
T505423,C100161,1999-05-26,Male,LUCKNOW,68566.76,25-Nov-2024,154705,486.78
T500586,C100092,2000-06-15,m,Ahmedabad,,17/03/2024,135915,10543.35
T501347,C100731,1992-02-17,M,HYDERABAD,,2024-09-28,002741,INR 967.50
T501098,C100576,15-11-74,female,NAGPUR,,2024-05-10,153236,382.83
T501363,C100254,08/06/1964,Female,Ahmedabad,184790.05,2024-10-31,022453,8120.69
T500393,C100600,1981-05-01,f,Jaipur,"67,373.79",04-Sep-2024,121718,-1077.83
T501515,C100141,20/10/1986,,mumbai ,160886.94,04-Nov-2024,010717,"INR 6,695.45"
T504278,C100302,1974-07-11,f,Pune,"45,783.91",2024-02-23,225004,"INR 1,356.04"
T505510,C100116,1960-09-25,female,Pune,220401.55,19-Dec-2024,173536,23636.58
T503165,C100065,18/02/2001,M,Delhi,55990.05,01/01/2024,043141,2352.04
T502445,C100035,1992-05-22,male,Mumbai,,05-May-2024,001628,470.52
T501851,C100307,07-10-04,male,LUCKNOW,"43,413.56",04/04/2024,135144,"INR 1,151.16"
T501522,C100229,2004-07-25,Female,CHENNAI,47420.96,2024-02-22,050229,2540.47
T502328,C100688,21/10/2001,Male,Hyderabad,"Rs. 28,109.11",2024-06-13,033209,162.92
T500217,C100572,1969-09-12,F,Mumbai,"8,282.21",29/08/2024,071440,305.81
T504488,C100503,12/08/1956,F,Pune,"146,446.03",10-Jan-2024,202145,4661.31
T501709,C100377,07/07/1965,m,Bangalore,31307.17,09-Mar-2024,022407,3296.26
T500983,C100355,11-08-77,m,Pune,,04-Oct-2024,043717,18168.0
T500189,C100497,01-03-70,M,Hyderabad,28147.07,2024-09-29,182317,2977.9
T505634,C100389,1975-12-07,F,Kolkata,,05-May-2024,133340,"INR 3,280.86"
T505162,C100624,23-03-91,F,KOLKATA,"Rs. 34,075.98",04/02/2024,203737,3101.47
T501621,C100637,09-04-89,F,PUNE,,2024-08-25,114642,INR 319.78
T500553,C100578,1972-02-22,Male,Hyderabad,"Rs. 68,047.49",2024-04-13,125837,5429.24
T505286,C100140,1964-06-15,,KOLKATA,699519.01,2024-05-25,181500,1214.54
T504153,C100578,1972-02-22,Male,Hyderabad,"Rs. 68,047.49",09-Apr-2024,021515,4464.32
T504712,C100437,10/05/1977,female,PUNE,"Rs. 58,587.83",28-Sep-2024,141653,3024.47
T501380,C100344,1963-04-13,,,4994.06,22-Apr-2024,133147,953.13
T503547,C100588,2003-09-24,,KOLKATA,"Rs. 10,922.29",26/12/2024,154111,2624.22
T501253,C100569,06/08/1967,,KOLKATA,,2024-12-13,190130,6123.79
T503727,C100087,22/06/1996,Male,mumbai ,,05/01/2024,044333,3035.99
T503341,C100337,24/03/1987,F,AHMEDABAD,120535.8,2024-05-18,193811,"INR 1,442.10"
T504209,C100690,21-04-58,Male,BANGALORE,"Rs. 120,392.94",03/09/2024,163031,5980.62
T504223,C100261,11/11/1960,,AHMEDABAD,4697.32,02-Jan-2024,212006,
T504424,C100157,06/04/1964,m,PUNE,,03/12/2024,072447,1979.83
T502787,C100790,03/02/1994,female,Pune,"108,574.79",27/02/2024,223209,"INR 1,070.14"
T505446,C100387,16-02-77,M,Kolkata,20501.21,13/01/2024,162938,22535.29
T504310,C100211,1976-07-08,,AHMEDABAD,"98,676.94",2024-07-25,140656,2907.69
T500404,C100389,1975-12-07,F,Kolkata,,17/03/2024,233910,7076.09
T501783,C100213,26/03/1989,female,Kolkata,16101.96,04-Jan-2024,173642,1560.38
T500666,C100079,20-07-04,M,Delhi,"Rs. 80,811.92",13/08/2024,133826,INR 657.86
T503600,C100391,1973-01-06,female,Jaipur,18082.92,17/08/2024,080636,1684.48
T502679,C100348,13-03-72,male,Bengaluru,3185.17,24/04/2024,102326,555.65
T501413,C100049,07-11-02,f,Pune,"Rs. 26,295.53",2024-12-14,201014,2031.55
T503766,C100581,10/01/1991,M,Bengaluru,"Rs. 13,752.63",16-Jun-2024,033021,"INR 1,055.38"
T500528,C100726,1966-04-07,m,KOLKATA,"Rs. 213,622.83",27-Jul-2024,051214,5042.76
T501386,C100729,18-06-74,M,LUCKNOW,"264,299.97",2024-04-29,195956,
T504863,C100413,1975-06-17,Male,Chennai,,07/04/2024,164032,602.41
T503604,C100659,2000-01-11,female,JAIPUR,86238.94,01-Apr-2024,084440,"INR 171,292.00"
T502060,C100195,1999-11-25,F,LUCKNOW,,03-Oct-2024,195807,1169.75
T500485,C100319,1956-12-01,f,mumbai ,418468.01,2024-05-07,030841,8457.5
T505972,C100415,05/08/1964,m,BANGALORE,"Rs. 81,774.91",2024-07-25,010240,1648.04
T504700,C100750,20-09-76,M,MUMBAI,"Rs. 140,121.33",2024-02-24,120404,15472.04
T505980,C100288,08/09/1992,,AHMEDABAD,"35,907.23",24-Aug-2024,063854,203.24
T504972,C100517,2001-06-26,male,JAIPUR,"53,788.28",2024-07-04,092907,7471.01
T503619,C100731,1992-02-17,M,HYDERABAD,,06-Feb-2024,033342,3623.74
T503758,C100423,23/10/2004,M,CHENNAI,"138,103.22",26-Aug-2024,085829,2306.19
T502781,C100593,09-05-75,Male,Ahmedabad,77632.67,18-Oct-2024,183544,-14862.76
T505723,C100689,03/09/2001,Female,Mumbai,5503.87,24/01/2024,074312,959.27
T502917,C100068,22-08-03,,Bengaluru,,23-Sep-2024,013731,335.06
T505184,C100715,1966-01-07,Male,AHMEDABAD,5484.47,20/10/2024,002006,
T504564,C100317,05-03-83,,  Surat,"27,760.80",2024-02-19,200506,185.93
T502687,C100340,1974-10-11,Male,MUMBAI,11896.1,2024-01-18,095220,982.71
T505451,C100080,1998-06-05,m,BANGALORE,772078.46,06-Aug-2024,195801,8048.87
T505044,C100045,0000-00-00,m,,"Rs. 50,615.70",24-Jan-2024,193518,2014.65
T501597,C100056,20/08/1973,M,CHENNAI,"Rs. 116,022.67",12/10/2024,113250,1069.46
T504132,C100412,1985-02-10,,MUMBAI,"Rs. 21,748.09",2024-03-23,035718,2341.98
T500598,C100285,17-08-91,F,Pune,"63,464.25",2024-06-01,043206,2824.78
T500158,C100622,1963-04-08,male,Pune,"114,620.95",03-Apr-2024,102847,
T503401,C100575,09-06-71,m,JAIPUR,28676.46,16-Jun-2024,124743,-1292.17
T501467,C100092,2000-06-15,m,Ahmedabad,,2024-04-20,200014,403.26
T505823,C100702,0000-00-00,Female,Mumbai,2914.57,2024-01-12,195527,1929.39
T503830,C100726,1966-04-07,m,KOLKATA,"Rs. 213,622.83",18-Oct-2024,133249,11869.58
T503481,C100739,1975-09-21,F,JAIPUR,"6,681.50",08-Oct-2024,185529,805.27
T503671,C100101,1978-06-19,m,HYDERABAD,"Rs. 10,568.41",2024-02-15,182234,INR 752.60
T504268,C100318,19/04/1976,,JAIPUR,"171,947.48",2024-09-01,192446,3163.43
T503505,C100638,15-09-86,Female,CHENNAI,39836.78,13/07/2024,185316,2860.81
T500522,C100697,1969-10-22,male,Mumbai,,11/07/2024,042351,-1165.27
T501123,C100141,20/10/1986,,mumbai ,160886.94,2024-12-16,222525,9723.01
T505534,C100673,09/06/1973,female,CHENNAI,36146.52,31/05/2024,091458,INR 485.96
T500226,C100199,12-08-83,male,Mumbai,71799.72,2024-01-10,204830,7519.21
T504442,C100501,02-01-74,f,DELHI,"98,637.64",2024-05-29,193856,863.25
T501028,C100614,13/08/1968,male,Chennai,"Rs. 11,618.40",2024-12-06,030415,309.76
T503707,C100150,10-08-01,f,KOLKATA,"Rs. 80,031.58",19-Jan-2024,120714,1920.86
T500555,C100400,17/12/1961,female,Pune,,09/12/2024,123559,4558.05
T505971,C100325,25-11-83,M,Jaipur,,2024-03-08,203225,818.68
T503670,C100544,01-01-1900,,KOLKATA,"Rs. 3,308.23",23-Aug-2024,121356,INR 121.25
T504463,C100695,14-01-57,Male,,26555.71,10-Nov-2024,071217,2034.34
T505949,C100030,2003-10-13,male,Delhi,14152.67,21/01/2024,185049,607.24
T503768,C100046,27-11-85,female,DELHI,4232.4,2024-02-05,092517,425.08
T502920,C100681,15/05/1967,female,LUCKNOW,"239,151.47",05/06/2024,024656,415.41
T503624,C100352,1998-03-02,F,DELHI,,14/08/2024,092402,2181.84
T505221,C100657,1974-02-08,male,Ahmedabad,"71,006.14",28-Jun-2024,072819,1145.92
T502345,C100509,1977-09-18,m,BANGALORE,26256.74,24-Aug-2024,041411,421.31
T503506,C100151,1955-06-05,Male,Kolkata,"Rs. 83,391.84",08/03/2024,014157,9164.99
T501958,C100104,1987-03-19,f,,20769.58,16/12/2024,125558,474.71
T503983,C100513,1992-06-02,F,Bengaluru,14786.27,25-Jul-2024,161532,-2136.08
T500707,C100740,22-08-78,F,JAIPUR,,07-Nov-2024,104900,3012.6
T505197,C100342,07/06/1969,M,  Surat,9262.22,08-Jun-2024,075418,1617.55
T505767,C100638,15-09-86,Female,CHENNAI,39836.78,11-Jul-2024,181713,5245.05
T504796,C100028,26/05/1973,,HYDERABAD,,08-May-2024,064728,"INR 1,002.55"
T505293,C100513,1992-06-02,F,Bengaluru,14786.27,21-Mar-2024,063906,1392.69
T501056,C100111,13/02/1961,f,Bengaluru,31428.6,10-May-2024,015738,341.17
T501171,C100721,01-04-84,f,Delhi,9140.35,05-Jan-2024,005558,526.87
T501455,C100580,1993-07-18,f,Mumbai,29452.82,10-Feb-2024,050131,"INR 1,776.25"
T502776,C100435,1982-06-13,,DELHI,"Rs. 58,275.09",24/08/2024,112735,
T505887,C100150,10-08-01,f,KOLKATA,"Rs. 80,031.58",03-Mar-2024,211411,2733.43
T505358,C100650,1969-08-17,f,Ahmedabad,88102.77,01/07/2024,201638,1790.11
T505867,C100331,09-04-84,Male,Delhi,139917.52,2024-02-03,063943,"INR 13,145.53"
T502676,C100790,03/02/1994,female,Pune,"108,574.79",02-Dec-2024,061336,56.12
T504360,C100225,09/10/1991,m,Chennai,"181,650.06",29-Jun-2024,223528,8029.24
T500326,C100101,1978-06-19,m,HYDERABAD,"Rs. 10,568.41",25/12/2024,052932,1187.0
T503339,C100185,1990-08-13,f,Kolkata,"Rs. 119,141.06",22-Feb-2024,170127,2701.65
T500476,C100780,21-03-63,Female,  Surat,1632.01,11/01/2024,081128,181.68
T504631,C100244,24-09-83,female,DELHI,,2024-09-14,200110,1148.9
T505379,C100650,1969-08-17,f,Ahmedabad,88102.77,17/03/2024,124417,2938.82
T503914,C100503,12/08/1956,F,Pune,"146,446.03",13-Sep-2024,015017,8467.42
T502512,C100072,1987-07-07,F,Bengaluru,"13,636.68",2024-08-08,062914,1032.0
T503930,C100173,2003-09-18,Female,PUNE,"Rs. 28,296.42",05-Jan-2024,211457,"INR 18,937.93"
T500103,C100225,09/10/1991,m,Chennai,"181,650.06",29-Mar-2024,084319,7084.67
T505710,C100099,1959-04-20,f,Ahmedabad,5650.19,2024-03-12,222117,633.41
T501419,C100163,04/08/1970,m,Kolkata,"Rs. 3,126.03",25/06/2024,031426,253.79
T503555,C100714,1967-02-19,Male,Bengaluru,"13,233.37",22-Oct-2024,131150,1817.66
T503423,C100739,1975-09-21,F,JAIPUR,"6,681.50",2024-08-10,124502,1653.6
T504848,C100364,09/10/2001,,DELHI,"Rs. 32,532.99",2024-01-24,001638,695.39
T500523,C100597,1972-02-09,female,Pune,30467.88,2024-08-17,235631,3507.18
T500992,C100023,12/05/1975,Male,Hyderabad,"5,699.11",07-Aug-2024,050425,INR 932.22
T505481,C100450,1992-01-17,F,DELHI,"111,417.27",2024-08-11,111617,3927.7
T501830,C100763,10/09/1994,m,MUMBAI,,07-Jul-2024,183513,849.56
T505579,C100764,1966-06-14,M,Jaipur,62112.48,19/12/2024,141503,5472.33
T502606,C100661,14/06/1965,,JAIPUR,"105,161.33",2024-08-30,075218,2675.96
T500730,C100438,20-05-72,F,Bengaluru,,2024-08-31,132143,3335.81
T500066,C100053,11/05/1970,f,DELHI,"Rs. 22,837.27",02-Jun-2024,042727,1905.14
T504072,C100707,17-12-93,f,DELHI,19040.78,2024-11-14,194438,1721.57
T504171,C100347,13/10/1963,m,mumbai ,"37,311.99",2024-03-27,084452,-214182.00000000003
T504711,C100644,17/12/1991,m,PUNE,"Rs. 10,681.00",2024-02-17,200825,491.6
T504333,C100419,14-06-59,M,DELHI,26055.1,2024-08-12,233312,785.53
T505477,C100144,03/01/1996,F,Chennai,"63,913.10",2024-03-20,183544,878.85
T501939,C100284,12/04/1987,m,LUCKNOW,21229.49,04/05/2024,144117,
T502666,C100757,16-06-64,,NAGPUR,"Rs. 128,307.71",2024-08-11,071432,4172.53
T501396,C100063,2001-02-14,f,CHENNAI,"67,715.00",2024-07-16,225324,
T502868,C100664,09/01/1987,,Mumbai,99475.96,2024-12-27,130736,1343.48
T500751,C100081,26-07-87,m,LUCKNOW,8629.03,2024-04-04,001738,85.95
T500885,C100736,1994-08-24,m,Mumbai,21365.93,15/06/2024,150712,"INR 2,315.19"
T500488,C100143,1981-07-23,M,PUNE,"241,385.44",25/07/2024,100912,2684.74
T503317,C100044,1962-08-19,male,Hyderabad,"43,950.32",09-May-2024,193559,3162.12
T501016,C100522,20-07-55,Male,CHENNAI,"35,215.42",2024-07-04,131735,1918.56
T502106,C100333,18-03-86,F,LUCKNOW,,2024-11-27,201642,3992.7
T504452,C100716,11-02-72,F,,"Rs. 240,805.50",01/11/2024,114522,27992.24
T502724,C100208,05-05-66,f,Bangalore,16479.19,2024-06-08,122625,2447.87
T505817,C100363,1995-08-11,Male,  Surat,"Rs. 6,950.01",08-May-2024,065113,2605.0
T505060,C100418,1960-01-14,,HYDERABAD,,2024-10-08,082718,8563.6
T502319,C100319,1956-12-01,f,mumbai ,418468.01,23-May-2024,042343,1189.02
T502003,C100517,2001-06-26,male,JAIPUR,"53,788.28",09/10/2024,215924,"INR 1,907.68"
T505388,C100200,07/09/1984,f,Pune,"99,008.06",12/04/2024,195909,3191.05
T503739,C100700,06-03-88,Male,Pune,,2024-02-25,192926,450.36
T500702,C100635,13/07/1998,m,DELHI,20087.81,17-Jan-2024,055941,1792.58
T500617,C100655,,,  Surat,"24,838.77",27/02/2024,002008,1022.71
T501724,C100251,01/05/1957,Female,PUNE,19062.18,31/05/2024,003410,3264.69
T500010,C100731,1992-02-17,M,HYDERABAD,,15-Dec-2024,101144,1041.37
T504068,C100264,1984-01-06,male,HYDERABAD,,20-Aug-2024,192007,14833.21
T502200,C100038,16/08/2001,M,Kolkata,38387.92,26-Jul-2024,005300,"INR 7,203.54"
T502097,C100109,18-05-61,male,MUMBAI,"83,476.96",14/11/2024,195827,1621.24
T500978,C100026,1980-06-13,f,Bangalore,"42,425.02",07/05/2024,084719,2630.46
T502272,C100548,07/08/1982,Female,NAGPUR,"53,292.45",31/10/2024,010133,385.45
T505391,C100535,12-02-81,f,CHENNAI,10577.18,20-Jan-2024,081345,2192.11
T500774,C100355,11-08-77,m,Pune,,30/10/2024,013125,449.77
T500759,C100187,1/1/1800,m,Bengaluru,2316.41,14/07/2024,203101,INR 774.95
T503079,C100616,12-12-98,M,LUCKNOW,68502.33,13/04/2024,075957,2735.25
T501611,C100413,1975-06-17,Male,Chennai,,2024-02-26,100137,2328.47
T500936,C100242,14-05-91,male,HYDERABAD,"Rs. 103,866.17",09-Dec-2024,050016,1363.83
T502220,C100670,26/10/1983,female,MUMBAI,371867.09,20/06/2024,074713,9009.49
T505608,C100394,04-11-57,m,DELHI,27830.78,07/02/2024,020158,INR 238.89
T502075,C100170,25-08-86,Male,Delhi,36174.63,2024-03-22,012311,2462.65
T505934,C100697,1969-10-22,male,Mumbai,,2024-09-24,064229,3692.34
T500110,C100769,1990-04-07,Female,CHENNAI,"Rs. 29,909.50",01/07/2024,045845,479.45
T505152,C100152,26/12/2001,,Jaipur,"Rs. 4,579.54",2024-08-19,080502,
T505260,C100051,21/02/1976,m,PUNE,"169,367.84",05/03/2024,202412,6625.71
T504302,C100792,13-12-83,M,Bengaluru,147204.05,10-Oct-2024,073354,1311.36
T502992,C100292,1/1/1800,female,MUMBAI,"9,547.79",10-Jun-2024,004320,1707.7
T500490,C100565,19/09/2004,f,BANGALORE,"67,225.87",16/06/2024,102434,
T501190,C100526,21-02-66,f,Jaipur,"1,965.12",2024-05-18,052531,549.89
T501089,C100779,21-03-59,female,KOLKATA,"297,969.29",16-May-2024,205734,4113.01
T504506,C100600,1981-05-01,f,Jaipur,"67,373.79",19/12/2024,192136,1989.94
T501479,C100753,05/12/1958,Male,Ahmedabad,,02/07/2024,044357,1509.69
T503846,C100306,23/04/1967,male,PUNE,63186.77,2024-06-27,120459,221.14
T503201,C100329,08/11/1958,Male,Ahmedabad,"37,113.65",10/12/2024,235738,2929.56
T504865,C100691,13/08/1998,m,Pune,,03-Sep-2024,172432,1557.57
T501906,C100605,17-10-69,M,LUCKNOW,"Rs. 79,326.66",2024-08-15,102324,3702.93
T505906,C100512,19/08/1986,m,,"Rs. 88,055.27",2024-08-31,062941,8014.37
T503047,C100392,02-08-81,female,BANGALORE,,06/01/2024,022157,2501.7
T501298,C100729,18-06-74,M,LUCKNOW,"264,299.97",2024-11-14,232602,10528.91
T502072,C100763,10/09/1994,m,MUMBAI,,09-Oct-2024,055221,"INR 8,059.22"
T502743,C100065,18/02/2001,M,Delhi,55990.05,08-May-2024,111634,15247.09
T504680,C100579,2003-08-07,female,Jaipur,"Rs. 200,313.27",23/03/2024,155301,6293.76
T500071,C100103,14-02-91,,Delhi,,2024-01-09,221618,1705.82
T502608,C100695,14-01-57,Male,,26555.71,2024-02-12,091217,569.52
T504575,C100727,1978-08-19,female,JAIPUR,"Rs. 123,863.27",29-Aug-2024,025541,1540.9
T504727,C100529,1991-11-11,F,Bengaluru,"104,328.62",15-Jun-2024,230555,-885.61
T501852,C100479,22/10/1980,f,Kolkata,"Rs. 98,501.77",03-Oct-2024,111839,1711.99
T502727,C100246,11/12/1992,Male,Delhi,459949.04,18-Nov-2024,113345,4392.34
T501942,C100681,15/05/1967,female,LUCKNOW,"239,151.47",28-Apr-2024,180753,4699.58
T501254,C100589,24-11-75,female,CHENNAI,"101,026.53",06/06/2024,205554,17698.1
T504990,C100531,13-12-67,Male,CHENNAI,"Rs. 38,254.58",2024-09-14,060321,"INR 1,565.47"
T503087,C100512,19/08/1986,m,,"Rs. 88,055.27",17-Sep-2024,040821,2785.59
T500184,C100248,12/05/1970,m,Kolkata,"89,559.95",25/07/2024,201318,2025.67
T504963,C100674,02/05/1998,male,Pune,3566.68,2024-04-23,103007,4811.73
T500824,C100688,21/10/2001,Male,Hyderabad,"Rs. 28,109.11",02-Dec-2024,081134,498.59
T500386,C100418,1960-01-14,,HYDERABAD,,14-Feb-2024,181531,"INR 3,381.88"
T501719,C100244,24-09-83,female,DELHI,,2024-05-04,041101,1816.51
T500347,C100241,1972-06-24,m,PUNE,"Rs. 46,874.59",15/09/2024,013310,1625.37
T504794,C100307,07-10-04,male,LUCKNOW,"43,413.56",30-Jul-2024,065016,INR 531.72
T505138,C100759,08-06-83,f,,,14-Oct-2024,053749,3874.88
T502769,C100335,1/1/1800,M,Bengaluru,,29-Jan-2024,071646,1817.57
T504907,C100397,02-12-81,F,MUMBAI,1686.42,05/01/2024,015229,309.38
T500468,C100403,13/06/2003,f,JAIPUR,"14,630.12",10/03/2024,101132,968.61
T501418,C100428,17-03-81,Male,Pune,"163,084.05",22-Apr-2024,121800,
T504300,C100540,17-07-56,Female,HYDERABAD,73271.8,01/12/2024,010303,1047.1
T500536,C100419,14-06-59,M,DELHI,26055.1,26/04/2024,055510,3999.28
T505341,C100633,16/05/1960,Male,Jaipur,7650.67,06-Mar-2024,064003,"INR 1,688.04"
T500341,C100443,13/05/2004,Female,NAGPUR,102909.31,2024-10-05,161421,4570.1
T504942,C100646,24-02-56,M,Delhi,56399.4,01-Nov-2024,152507,"INR 2,885.49"
T501299,C100510,2000-03-08,F,Ahmedabad,"235,563.00",31-Oct-2024,122027,9740.76
T501117,C100042,1968-11-12,Male,mumbai ,41014.43,11/09/2024,130729,1686.98
T501995,C100344,1963-04-13,,,4994.06,2024-02-07,151555,97.47
T503725,C100565,19/09/2004,f,BANGALORE,"67,225.87",05/11/2024,131653,
T501619,C100416,20/10/1988,Male,JAIPUR,77721.72,2024-03-14,162033,6107.62
T504542,C100291,1975-08-14,Female,Pune,,29-Apr-2024,122550,-3735.23
T503789,C100576,15-11-74,female,NAGPUR,,30/06/2024,065206,785.79
T502490,C100400,17/12/1961,female,Pune,,2024-11-18,113943,5301.08
T504869,C100212,24-06-00,female,NAGPUR,"119,741.09",2024-10-15,084025,4772.4
T503940,C100439,08/03/1967,female,BANGALORE,"Rs. 48,286.94",2024-08-15,031541,2478.58
T503669,C100074,04-05-60,Female,Hyderabad,"Rs. 138,675.48",06-Jun-2024,013217,1627.01
T505632,C100242,14-05-91,male,HYDERABAD,"Rs. 103,866.17",2024-10-28,190318,209.03
T501927,C100055,23/01/2001,m,LUCKNOW,"Rs. 39,750.83",20/07/2024,231346,310000.0
T503806,C100659,2000-01-11,female,JAIPUR,86238.94,24-Apr-2024,173807,2908.72
T500719,C100200,07/09/1984,f,Pune,"99,008.06",06-Oct-2024,214509,18491.29
T505580,C100493,0000-00-00,F,AHMEDABAD,"Rs. 102,129.94",2024-03-24,171842,6588.77
T501083,C100375,27-11-99,m,NAGPUR,"267,588.10",13-Nov-2024,015441,"INR 1,139.63"
T503598,C100022,16-02-69,F,DELHI,,28-Oct-2024,151538,307.56
T502765,C100760,14/03/1974,F,mumbai ,286147.6,16/04/2024,041829,"INR 8,337.77"
T503306,C100296,24/12/1971,Male,PUNE,,2024-11-22,100424,582.99
T503180,C100345,01-05-83,f,KOLKATA,12276.92,2024-02-16,045423,3618.62
T503962,C100579,2003-08-07,female,Jaipur,"Rs. 200,313.27",2024-02-23,162025,1117.51
T501653,C100363,1995-08-11,Male,  Surat,"Rs. 6,950.01",18/03/2024,020959,6525.18
T500749,C100779,21-03-59,female,KOLKATA,"297,969.29",16-Dec-2024,062502,12070.22
T500688,C100173,2003-09-18,Female,PUNE,"Rs. 28,296.42",20-Jul-2024,101742,10846.71
T503449,C100291,1975-08-14,Female,Pune,,2024-10-01,141817,1410.35
T505191,C100589,24-11-75,female,CHENNAI,"101,026.53",2024-04-08,032251,5949.05
T504099,C100040,1994-09-14,male,,"Rs. 22,609.54",2024-02-27,180817,428.68
T503016,C100558,1958-07-13,Female,Hyderabad,43904.78,2024-01-17,014355,426.31
T503372,C100541,13-01-74,male,Ahmedabad,"186,265.55",16-Aug-2024,153543,6975.8
T503096,C100387,16-02-77,M,Kolkata,20501.21,16-Jun-2024,062454,19081.44
T501558,C100294,1977-04-19,Female,HYDERABAD,,2024-01-21,081306,484.06
T501081,C100105,18/10/1995,F,LUCKNOW,21507.37,2024-01-18,005310,6536.68
T500920,C100140,1964-06-15,,KOLKATA,699519.01,2024-01-31,205504,7576.47
T505675,C100051,21/02/1976,m,PUNE,"169,367.84",2024-06-29,074107,7898.69
T501853,C100488,25-03-77,m,BANGALORE,"29,268.42",07/06/2024,193132,INR 795.54
T504320,C100385,04-09-86,female,PUNE,31830.7,05/09/2024,090530,-784.76
T505868,C100656,11/01/1996,male,AHMEDABAD,14274.08,04/05/2024,164449,4503.76
T502782,C100790,03/02/1994,female,Pune,"108,574.79",23-Dec-2024,220829,742.06
T500848,C100414,2002-02-15,F,PUNE,"61,143.12",12-Dec-2024,114214,"INR 1,432.61"
T501603,C100253,27/03/1978,male,Bangalore,"Rs. 107,511.50",2024-11-15,140237,7528.25
T504922,C100663,24/03/1961,m,,"600,713.48",18/05/2024,123637,12666.07
T503040,C100640,22/11/2003,male,AHMEDABAD,,21-Apr-2024,062527,1442.2
T505220,C100047,11/07/1966,female,Hyderabad,22419.5,22/09/2024,214823,1918.39
T503399,C100143,1981-07-23,M,PUNE,"241,385.44",08/03/2024,060836,878.42
T504091,C100284,12/04/1987,m,LUCKNOW,21229.49,2024-02-09,220331,253.7
T505428,C100252,21-06-02,,Jaipur,,11-Dec-2024,164546,INR 22.65
T505542,C100486,07/04/1993,F,PUNE,3302.51,10-Mar-2024,081743,
T505533,C100106,05-04-68,M,DELHI,"60,836.59",07-Oct-2024,113438,889.15
T505963,C100385,04-09-86,female,PUNE,31830.7,2024-03-01,101444,"INR 20,016.59"
T505562,C100724,07-07-82,,Delhi,41634.26,01-Jan-2024,034402,"INR 1,361.23"
T502659,C100468,04-04-68,Male,Chennai,84203.67,29-Dec-2024,103247,3781.91
T501294,C100412,1985-02-10,,MUMBAI,"Rs. 21,748.09",2024-10-21,053158,301.25
T502189,C100480,08-09-93,F,MUMBAI,"Rs. 37,940.98",2024-10-26,091757,169.78
T501531,C100617,13-06-57,female,Jaipur,9784.54,2024-04-30,135221,1036.94
T503803,C100079,20-07-04,M,Delhi,"Rs. 80,811.92",19-Aug-2024,111118,9156.55
T505968,C100717,1983-04-25,F,mumbai ,,2024-05-31,232133,8536.74
T501387,C100309,1970-04-13,F,Mumbai,"Rs. 40,590.80",07/04/2024,233011,1095.95
T504686,C100385,04-09-86,female,PUNE,31830.7,05/12/2024,182414,8012.64
T502721,C100748,05/07/1989,male,mumbai ,"Rs. 63,573.89",04-Oct-2024,082240,"INR 6,525.92"
T502347,C100781,07-12-64,f,LUCKNOW,,13-Jan-2024,185919,816.97
T501251,C100037,09-03-94,F,Delhi,"Rs. 33,340.33",10-Nov-2024,072121,
T501892,C100384,1998-07-13,Female,KOLKATA,"Rs. 102,416.63",2024-09-12,012039,5384.94
T500568,C100116,1960-09-25,female,Pune,220401.55,2024-07-31,013826,2200.67
T505698,C100010,1989-06-09,f,Kolkata,"Rs. 239,001.20",2024-12-14,074819,11132.3
T502910,C100111,13/02/1961,f,Bengaluru,31428.6,2024-11-11,140645,
T505169,C100714,1967-02-19,Male,Bengaluru,"13,233.37",2024-01-02,120811,
T500436,C100065,18/02/2001,M,Delhi,55990.05,20/12/2024,170212,3842.22
T501559,C100457,23/11/1991,M,Hyderabad,"46,885.90",08/09/2024,121158,6188.2
T504340,C100193,26/11/1986,Male,Delhi,"16,440.96",2024-02-02,033457,2006.48
T500655,C100357,06/01/1977,female,MUMBAI,76877.42,21-Jan-2024,035512,2426.71
T503361,C100630,10-04-59,M,AHMEDABAD,,15-Dec-2024,014028,
T503752,C100005,1966-11-23,,mumbai ,"Rs. 44,083.60",30-Jan-2024,122833,1708.81
T500780,C100702,0000-00-00,Female,Mumbai,2914.57,2024-05-12,085009,-1423.97
T504797,C100205,14/04/1967,female,Pune,"35,559.48",09/02/2024,012531,
T504179,C100483,2004-08-13,male,Mumbai,,2024-04-21,011630,1859.06
T502042,C100349,,Female,PUNE,"397,135.49",08-May-2024,181355,"INR 17,294.18"
T502532,C100338,1977-03-17,M,Chennai,"34,108.53",07/03/2024,023555,141.05
T501197,C100572,1969-09-12,F,Mumbai,"8,282.21",2024-07-10,204701,347.64
T503844,C100781,07-12-64,f,LUCKNOW,,2024-02-21,024639,"INR 2,293.32"
T504464,C100219,21/11/1997,female,Bengaluru,20875.12,02/07/2024,120224,-2441.74
T503678,C100591,1975-05-16,Male,Jaipur,"31,294.72",22-Mar-2024,093641,1129.47
T501987,C100341,1990-12-17,M,NAGPUR,1305.73,15-Oct-2024,195655,922.22
T500845,C100040,1994-09-14,male,,"Rs. 22,609.54",12/02/2024,223757,1828.11
T500602,C100127,24/03/1957,Male,Jaipur,,15/11/2024,215022,1148.06
T502877,C100285,17-08-91,F,Pune,"63,464.25",2024-09-27,010125,
T500611,C100155,2035-01-01,m,Chennai,,2024-10-31,024433,185.01
T504607,C100525,1969-10-05,F,CHENNAI,"212,533.64",28/04/2024,041832,
T504375,C100770,02/12/1995,female,JAIPUR,,22-Dec-2024,182019,2210.7
T500108,C100257,21-11-70,,JAIPUR,88380.56,09/04/2024,131102,360.16
T502776,C100435,1982-06-13,,DELHI,"Rs. 58,275.09",24/08/2024,112735,
T505257,C100395,2001-02-20,f,Kolkata,"Rs. 30,084.28",2024-03-21,151131,3223.52
T503017,C100749,1/1/1800,m,Mumbai,"372,624.79",2024-04-27,060734,6820.39
T502471,C100387,16-02-77,M,Kolkata,20501.21,2024-06-04,055953,10517.25
T501733,C100593,09-05-75,Male,Ahmedabad,77632.67,03-Dec-2024,192139,1449.22
T505231,C100093,15/10/1965,f,,"157,865.54",26-Dec-2024,183458,9172.5
T501302,C100415,05/08/1964,m,BANGALORE,"Rs. 81,774.91",25-Aug-2024,065456,9177.69
T500828,C100292,1/1/1800,female,MUMBAI,"9,547.79",20-Dec-2024,085925,435.1
T500151,C100687,23/01/1961,F,JAIPUR,,2024-09-22,131033,1562.55
T504758,C100213,26/03/1989,female,Kolkata,16101.96,03-May-2024,000917,1509.21
T501417,C100759,08-06-83,f,,,12/04/2024,140009,11109.9
T503888,C100352,1998-03-02,F,DELHI,,10-Nov-2024,155956,2576.1
T505374,C100443,13/05/2004,Female,NAGPUR,102909.31,2024-11-17,132116,5914.36
T502084,C100411,1980-10-24,F,LUCKNOW,"2,108.17",2024-06-26,065952,708.75
T502073,C100372,19/12/1983,Female,Mumbai,59995.96,18-Sep-2024,134252,973.49
T500782,C100494,07-10-99,M,AHMEDABAD,11661.72,04-Sep-2024,083402,563.73
T500397,C100703,1984-05-15,female,Jaipur,"Rs. 125,815.19",2024-01-03,134849,4247.14
T503053,C100742,03-10-70,,mumbai ,"Rs. 4,402.93",2024-12-30,000806,INR 603.56
T500166,C100375,27-11-99,m,NAGPUR,"267,588.10",15/12/2024,203136,5904.46
T505684,C100471,1963-03-11,Male,Bangalore,,05/02/2024,233754,2668.38
T504327,C100058,26-02-76,m,  Surat,,15/07/2024,173524,2714.23
T501225,C100431,15-04-62,male,  Surat,"10,914.09",2024-02-27,170314,INR 574.05
T501796,C100061,20-01-84,Male,MUMBAI,"13,029.33",26/11/2024,214606,1069.36
T504674,C100600,1981-05-01,f,Jaipur,"67,373.79",21/12/2024,085512,2249.25
T501642,C100160,02-08-87,m,,"4,045.62",03-Jun-2024,144004,495.23
T505637,C100750,20-09-76,M,MUMBAI,"Rs. 140,121.33",08-Sep-2024,214602,4814.37
T500142,C100794,15/07/1959,Female,PUNE,"Rs. 32,969.19",2024-03-31,175155,3548.95
T501240,C100275,04/05/1965,female,BANGALORE,"175,954.66",17/10/2024,191811,24070.07
T501986,C100159,1997-08-16,male,,"Rs. 37,413.50",2024-12-20,051303,1291.05
T504144,C100210,1956-04-12,female,Delhi,"112,806.44",12/03/2024,231918,13372.71
T502452,C100558,1958-07-13,Female,Hyderabad,43904.78,27-Jan-2024,051755,735.46
T504851,C100674,02/05/1998,male,Pune,3566.68,2024-07-28,065733,4507.94
T503911,C100331,09-04-84,Male,Delhi,139917.52,16/11/2024,101414,1804.16
T503443,C100483,2004-08-13,male,Mumbai,,2024-07-04,004648,1047.78
T502461,C100140,1964-06-15,,KOLKATA,699519.01,24/09/2024,053010,2962.26
T505427,C100162,1997-09-24,m,Delhi,"Rs. 42,810.30",2024-05-20,003951,3537.84
T502223,C100172,18-12-91,,LUCKNOW,180835.83,22-Mar-2024,143241,4975.85
T500237,C100045,0000-00-00,m,,"Rs. 50,615.70",12-Mar-2024,233107,710.96
T500989,C100436,06-10-60,F,Jaipur,"Rs. 93,354.27",2024-04-08,095409,10266.57
T503422,C100288,08/09/1992,,AHMEDABAD,"35,907.23",12/05/2024,110453,1324.21
T505555,C100275,04/05/1965,female,BANGALORE,"175,954.66",12/07/2024,004440,"INR 10,522.36"
T501758,C100148,1980-12-03,f,Chennai,,07-Jul-2024,172050,2233.74
T504059,C100362,10/07/1960,Female,Mumbai,10708.63,15/03/2024,104529,INR 640.79
T501021,C100688,21/10/2001,Male,Hyderabad,"Rs. 28,109.11",2024-10-11,132623,797.29
T505485,C100456,21-10-03,male,Ahmedabad,"Rs. 21,475.71",30-May-2024,083215,88.9
T503094,C100579,2003-08-07,female,Jaipur,"Rs. 200,313.27",07-Feb-2024,092820,5733.43
T500866,C100223,01-11-75,female,NAGPUR,7196.01,07/04/2024,122728,549.38
T503020,C100573,1976-01-19,male,Hyderabad,41943.84,01-Jul-2024,194330,"INR 3,096.45"
T505478,C100212,24-06-00,female,NAGPUR,"119,741.09",16/08/2024,092021,590.98
T503900,C100731,1992-02-17,M,HYDERABAD,,28/12/2024,052629,1124.85
T505401,C100005,1966-11-23,,mumbai ,"Rs. 44,083.60",21/05/2024,030255,839.12
T503698,C100299,2003-07-15,Male,Jaipur,,30-Jul-2024,222245,6795.35
T501697,C100014,1995-01-22,M,LUCKNOW,72097.18,22/04/2024,145448,7133.56
T504004,C100140,1964-06-15,,KOLKATA,699519.01,04-Feb-2024,034421,11578.0
T502217,C100169,1990-12-22,,Ahmedabad,"Rs. 346,738.24",17/08/2024,122427,30016.53
T500179,C100569,06/08/1967,,KOLKATA,,28/02/2024,021451,"INR 15,629.22"
T500327,C100236,12-02-83,M,  Surat,"Rs. 11,778.81",18/09/2024,130300,725.87
T504437,C100346,22/08/1993,M,PUNE,"134,207.78",2024-02-02,115447,4450.05
T505164,C100655,,,  Surat,"24,838.77",26/03/2024,124045,3964.23
T501582,C100499,19-11-63,male,Hyderabad,"29,516.20",2024-03-09,142828,3523.54
T500803,C100012,12/10/1993,F,,"Rs. 50,102.02",14-Feb-2024,124237,249.22
T504362,C100442,17/11/1956,Female,AHMEDABAD,"8,610.61",2024-11-27,111636,1005.32
T504276,C100014,1995-01-22,M,LUCKNOW,72097.18,19-Jun-2024,102611,3714.24
T501226,C100714,1967-02-19,Male,Bengaluru,"13,233.37",04-Feb-2024,065811,1098.57
T501203,C100019,0000-00-00,,Bengaluru,102437.46,30/08/2024,113422,7307.2
T505909,C100148,1980-12-03,f,Chennai,,15-Feb-2024,011643,3431.43
T502887,C100260,05-07-82,M,Mumbai,"47,216.74",29/03/2024,211508,2767.35
T502903,C100143,1981-07-23,M,PUNE,"241,385.44",2024-10-25,063238,1221.25
T501034,C100771,07-12-67,F,KOLKATA,"9,840.47",04-Jul-2024,093101,995.79
T504064,C100438,20-05-72,F,Bengaluru,,03/09/2024,090042,2394.77
T504197,C100564,18/09/1959,Female,Ahmedabad,"33,632.16",29/05/2024,175958,651.81
T502392,C100142,20-07-97,female,Jaipur,,04/03/2024,223921,2256.62
T505791,C100119,23/01/1962,female,Pune,,04/10/2024,094954,2347.01
T504142,C100083,11-01-60,f,Hyderabad,"7,606.81",27/02/2024,082700,68.38
T500401,C100568,2035-01-01,,Jaipur,,26-Jul-2024,233639,2915.17
T504124,C100345,01-05-83,f,KOLKATA,12276.92,15-Mar-2024,084641,1748.24
T503839,C100749,1/1/1800,m,Mumbai,"372,624.79",25/06/2024,165947,20867.65
T501346,C100405,1959-09-13,m,NAGPUR,"Rs. 5,646.11",2024-09-25,055844,1033.39
T504555,C100124,13/11/1959,Male,,"Rs. 2,357.17",08-Jul-2024,045004,332.3
T502391,C100767,0000-00-00,F,,70068.58,21-Jun-2024,063016,5272.31
T501267,C100637,09-04-89,F,PUNE,,2024-07-29,204805,1558.86
T500805,C100300,1990-09-07,Male,Chennai,,2024-08-29,015605,3263.43
T501443,C100779,21-03-59,female,KOLKATA,"297,969.29",13-Aug-2024,181851,1149.39
T500959,C100699,15/11/2003,female,KOLKATA,20709.46,25-Feb-2024,033751,1213.31
T505332,C100107,1982-06-20,M,Hyderabad,,2024-03-06,183554,1063.47
T500185,C100455,,female,  Surat,9423.4,26-Mar-2024,075326,1420.48
T504207,C100210,1956-04-12,female,Delhi,"112,806.44",2024-06-29,034321,1633.56
T504809,C100585,20-01-65,F,CHENNAI,"Rs. 51,724.58",21-Apr-2024,063819,2029.38
T502085,C100023,12/05/1975,Male,Hyderabad,"5,699.11",20-Dec-2024,090235,329.3
T503226,C100593,09-05-75,Male,Ahmedabad,77632.67,12/10/2024,233102,12245.47
T500096,C100614,13/08/1968,male,Chennai,"Rs. 11,618.40",24/12/2024,023721,1368.9
T505524,C100058,26-02-76,m,  Surat,,2024-12-10,030442,2609.79
T505833,C100056,20/08/1973,M,CHENNAI,"Rs. 116,022.67",18/02/2024,043753,1249.51
T502119,C100565,19/09/2004,f,BANGALORE,"67,225.87",2024-06-05,162732,2320.19
T502789,C100583,03-06-58,male,NAGPUR,"71,828.00",2024-05-04,172753,2641.73
T502927,C100527,19-04-72,male,AHMEDABAD,"Rs. 6,830.51",05/12/2024,213401,1041.78
T501250,C100796,13-01-85,F,CHENNAI,22196.84,13/10/2024,152735,492.22
T503848,C100632,02/08/1999,Female,Chennai,70747.64,2024-08-23,074123,4758.44
T500669,C100005,1966-11-23,,mumbai ,"Rs. 44,083.60",2024-10-24,125020,386.47
T501752,C100438,20-05-72,F,Bengaluru,,02-May-2024,194929,3646.46
T500469,C100729,18-06-74,M,LUCKNOW,"264,299.97",09-Oct-2024,014620,3417.33
T503790,C100222,1969-03-14,F,LUCKNOW,"77,445.15",16-Jul-2024,094846,6233.05
T500576,C100255,1959-12-07,female,PUNE,,2024-01-29,075859,51996.0
T501659,C100652,1991-12-20,Male,,"Rs. 58,919.28",14/06/2024,154939,2804.08
T503238,C100406,09-01-59,Female,Chennai,"Rs. 70,730.83",30-Mar-2024,234537,990.31
T503425,C100693,11/10/1988,f,Jaipur,"247,886.54",2024-06-29,080001,9103.4
T505856,C100728,09/08/1988,F,Delhi,6027.16,2024-09-03,233018,1095.03
T501476,C100298,19-04-68,male,mumbai ,12653.3,2024-07-09,203247,352.5
T505908,C100795,1986-10-21,female,Pune,"Rs. 43,684.44",29/05/2024,091729,290.49
T505824,C100464,1975-12-20,,Ahmedabad,,2024-08-02,104410,336.28
T503971,C100151,1955-06-05,Male,Kolkata,"Rs. 83,391.84",2024-09-28,070010,18528.81
T505908,C100795,1986-10-21,female,Pune,"Rs. 43,684.44",29/05/2024,091729,290.49
T501377,C100163,04/08/1970,m,Kolkata,"Rs. 3,126.03",20/08/2024,071705,127.36
T505034,C100432,23-09-63,f,Jaipur,,2024-07-15,011044,134.36
T503041,C100596,1972-07-04,Male,mumbai ,"240,531.19",17/07/2024,003730,3631.74
T504980,C100230,2035-01-01,Female,Chennai,"Rs. 17,144.19",2024-07-16,053619,2763.73
T501869,C100779,21-03-59,female,KOLKATA,"297,969.29",2024-12-21,142629,1342.78
T503210,C100665,08/12/1963,m,AHMEDABAD,100878.91,22-Jul-2024,151757,2625.51
T501221,C100250,04/10/1964,Female,Ahmedabad,"12,840.30",2024-07-11,160445,384.59
T504363,C100190,06/11/1979,male,Jaipur,"Rs. 39,923.71",07-Nov-2024,015056,308.87
T502126,C100185,1990-08-13,f,Kolkata,"Rs. 119,141.06",20/12/2024,204147,"INR 1,631.13"
T505664,C100437,10/05/1977,female,PUNE,"Rs. 58,587.83",2024-07-15,023728,1145.99
T505666,C100037,09-03-94,F,Delhi,"Rs. 33,340.33",2024-10-20,035212,128325.0
T502422,C100177,13-12-68,,AHMEDABAD,208320.55,17-Dec-2024,030607,1980.02
T504055,C100391,1973-01-06,female,Jaipur,18082.92,2024-05-06,054002,806.2
T505705,C100749,1/1/1800,m,Mumbai,"372,624.79",2024-04-10,081311,8878.78
T505249,C100240,24/12/2003,M,mumbai ,"58,083.30",27-Feb-2024,072733,2525.64
T500943,C100312,04/03/1971,f,NAGPUR,,2024-01-03,011701,664.37
T505136,C100721,01-04-84,f,Delhi,9140.35,30-Dec-2024,132203,421.61
T505880,C100648,03-09-71,F,HYDERABAD,"Rs. 9,700.19",24/06/2024,113741,294.19
T500241,C100149,2004-10-19,f,mumbai ,31910.38,29-Jan-2024,073010,7723.22
T501789,C100028,26/05/1973,,HYDERABAD,,2024-06-03,225548,6455.98
T501926,C100588,2003-09-24,,KOLKATA,"Rs. 10,922.29",20/09/2024,100928,1647.22
T503077,C100512,19/08/1986,m,,"Rs. 88,055.27",2024-09-12,135117,7562.97
T502603,C100464,1975-12-20,,Ahmedabad,,03-Jun-2024,100720,1038.59
T500526,C100434,20-02-74,,HYDERABAD,17342.63,08-Dec-2024,052551,101.02
T505996,C100455,,female,  Surat,9423.4,04-Sep-2024,175357,1956.54
T503812,C100553,01/07/2001,f,  Surat,"Rs. 71,513.73",04/04/2024,052357,3865.61
T505353,C100258,26-05-00,Male,,"Rs. 16,944.13",26-Nov-2024,092804,1822.48
T505917,C100755,15/07/1975,f,Hyderabad,,03/02/2024,134743,3069.92
T502960,C100414,2002-02-15,F,PUNE,"61,143.12",11/12/2024,232721,932.29
T502252,C100057,21/12/1998,Male,Hyderabad,"108,663.77",2024-11-28,164855,4844.88
T505359,C100637,09-04-89,F,PUNE,,08-Apr-2024,075811,INR 755.91
T505553,C100560,01-01-1900,female,Jaipur,25797.87,02/10/2024,205723,4839.68
T502136,C100609,2035-01-01,Male,MUMBAI,"Rs. 18,375.70",22-Jul-2024,130524,824.5
T504502,C100244,24-09-83,female,DELHI,,2024-03-24,002446,836.39
T500429,C100364,09/10/2001,,DELHI,"Rs. 32,532.99",17/01/2024,033339,
T501240,C100275,04/05/1965,female,BANGALORE,"175,954.66",17/10/2024,191811,24070.07
T502066,C100731,1992-02-17,M,HYDERABAD,,21/07/2024,015849,6452.99
T502325,C100771,07-12-67,F,KOLKATA,"9,840.47",2024-02-24,180656,97.98
T501928,C100134,1959-04-17,Male,HYDERABAD,12808.18,12-Feb-2024,043906,164.92
T503029,C100431,15-04-62,male,  Surat,"10,914.09",20-Jun-2024,021940,885.42
T503335,C100202,1976-08-09,female,  Surat,"Rs. 57,912.50",16-Sep-2024,032459,3622.71
T502807,C100275,04/05/1965,female,BANGALORE,"175,954.66",2024-12-23,191450,4963.03
T505118,C100299,2003-07-15,Male,Jaipur,,05-Jun-2024,154213,228.6
T501478,C100014,1995-01-22,M,LUCKNOW,72097.18,28/12/2024,213552,4298.24
T500338,C100019,0000-00-00,,Bengaluru,102437.46,02/09/2024,045306,3719.45
T502074,C100750,20-09-76,M,MUMBAI,"Rs. 140,121.33",21-Sep-2024,012108,2026.11
T502011,C100775,25/07/1994,F,  Surat,45130.4,2024-06-05,193538,433.37
T502674,C100680,1964-12-27,male,Chennai,83125.23,15-Jul-2024,034412,11268.05
T500253,C100285,17-08-91,F,Pune,"63,464.25",03/07/2024,065622,1756.5
T503221,C100470,05-02-97,F,NAGPUR,155474.78,2024-02-27,151216,20634.53
T500320,C100616,12-12-98,M,LUCKNOW,68502.33,15-Jan-2024,124828,873.59
T502048,C100612,22-09-87,,JAIPUR,378740.24,12/07/2024,041815,10857.44
T504012,C100280,1996-03-06,male,KOLKATA,"61,078.77",2024-05-18,112052,4656.01
T500946,C100136,17/08/2002,,Ahmedabad,,16-Jul-2024,181525,1524.29
T505470,C100542,05-07-95,M,PUNE,"27,050.64",13-Jun-2024,104527,"INR 1,048.30"
T502455,C100788,17/10/1965,male,Bengaluru,"Rs. 40,994.26",01-Dec-2024,122011,
T501084,C100519,1980-12-10,M,KOLKATA,103786.19,2024-03-09,041512,7978.15
T503939,C100038,16/08/2001,M,Kolkata,38387.92,2024-11-25,144520,824.44
T505812,C100542,05-07-95,M,PUNE,"27,050.64",19/03/2024,005438,660.91
T501191,C100657,1974-02-08,male,Ahmedabad,"71,006.14",2024-03-16,181247,2222.61
T500620,C100181,07-08-60,male,Pune,"Rs. 46,982.71",2024-04-12,181941,1069.05
T502098,C100522,20-07-55,Male,CHENNAI,"35,215.42",2024-06-21,154055,3677.91
T500750,C100664,09/01/1987,,Mumbai,99475.96,2024-08-29,122633,1895.77
T502993,C100532,2004-12-08,M,Ahmedabad,,12/12/2024,181640,-1861.4
T504244,C100663,24/03/1961,m,,"600,713.48",22/02/2024,132402,74886.0
T502803,C100517,2001-06-26,male,JAIPUR,"53,788.28",2024-02-06,170314,21023.6
T501797,C100150,10-08-01,f,KOLKATA,"Rs. 80,031.58",27-Apr-2024,131512,2562.73
T501864,C100728,09/08/1988,F,Delhi,6027.16,06/01/2024,050712,INR 354.27
T503714,C100145,09-09-69,,Mumbai,,17-Aug-2024,212336,4762.89
T501958,C100104,1987-03-19,f,,20769.58,16/12/2024,125558,474.71
T502295,C100214,1998-09-06,F,LUCKNOW,"Rs. 68,205.42",24-Oct-2024,233716,755.94
T503863,C100621,2001-07-16,F,HYDERABAD,"58,120.95",26-May-2024,081413,1409.85
T501777,C100214,1998-09-06,F,LUCKNOW,"Rs. 68,205.42",22/10/2024,202610,2024.61
T501122,C100697,1969-10-22,male,Mumbai,,26/01/2024,191732,1560.03
T500577,C100127,24/03/1957,Male,Jaipur,,12/11/2024,093638,161.15
T505390,C100578,1972-02-22,Male,Hyderabad,"Rs. 68,047.49",23-Aug-2024,114720,4304.78
T501667,C100649,1959-03-08,,DELHI,"Rs. 342,978.92",17/03/2024,111310,10710.37
T501395,C100480,08-09-93,F,MUMBAI,"Rs. 37,940.98",07-Oct-2024,011747,611.8
T505924,C100568,2035-01-01,,Jaipur,,24/04/2024,092210,1872.72
T502183,C100523,03/02/2003,Male,BANGALORE,11576.66,2024-04-08,012127,1227.96
T502754,C100628,03/09/1990,M,Pune,109284.74,07-May-2024,060059,835.68
T501805,C100318,19/04/1976,,JAIPUR,"171,947.48",18/11/2024,210808,"INR 5,030.93"
T502854,C100514,1975-04-12,,KOLKATA,"Rs. 51,367.71",2024-08-14,060716,344.64
T505355,C100692,1971-01-16,male,  Surat,,08/06/2024,065038,14003.05
T500270,C100423,23/10/2004,M,CHENNAI,"138,103.22",09/04/2024,220312,15730.26
T500170,C100006,1990-05-02,female,Bangalore,"Rs. 40,563.16",08/07/2024,233642,1337.34
T502041,C100697,1969-10-22,male,Mumbai,,09-Dec-2024,051716,3723.89
T500344,C100325,25-11-83,M,Jaipur,,29/09/2024,082909,475.29
T501233,C100735,1971-02-11,,Hyderabad,"55,080.47",09-Jun-2024,032448,3780.6
T501815,C100343,11-02-92,female,mumbai ,"60,102.72",27-Dec-2024,060321,1651.33
T503886,C100794,15/07/1959,Female,PUNE,"Rs. 32,969.19",13/03/2024,150316,1522.08
T505816,C100501,02-01-74,f,DELHI,"98,637.64",04-May-2024,175946,1162.44
T504599,C100106,05-04-68,M,DELHI,"60,836.59",04/06/2024,151005,5972.78
T505593,C100717,1983-04-25,F,mumbai ,,2024-07-19,231228,2481.32
T502722,C100622,1963-04-08,male,Pune,"114,620.95",2024-05-13,025659,5492.05
T505322,C100510,2000-03-08,F,Ahmedabad,"235,563.00",08/12/2024,182908,2387.97
T505865,C100352,1998-03-02,F,DELHI,,16/04/2024,041922,6817.72
T504678,C100470,05-02-97,F,NAGPUR,155474.78,12/05/2024,034911,5302.83
T501496,C100308,07-09-93,male,Ahmedabad,"Rs. 11,206.16",2024-07-24,075719,206.73
T504595,C100512,19/08/1986,m,,"Rs. 88,055.27",11-Jul-2024,024519,19072.65
T501275,C100001,03/03/1976,,AHMEDABAD,"43,869.35",15/01/2024,215716,7304.69
T501309,C100639,08/08/1969,female,mumbai ,7888.88,2024-04-24,070916,606.41
T501786,C100631,15/03/1970,M,DELHI,"47,693.35",2024-08-28,164706,2262.13
T503118,C100260,05-07-82,M,Mumbai,"47,216.74",2024-02-11,025456,2343.68
T504284,C100319,1956-12-01,f,mumbai ,418468.01,2024-08-01,092149,5497.8
T502949,C100278,16/05/1989,male,BANGALORE,"113,740.31",2024-10-10,055926,6454.24
T505985,C100504,1999-12-20,M,Jaipur,97634.59,2024-07-04,205219,559.92
T501890,C100011,23/02/1966,M,,15559.6,09-May-2024,003246,2738.88
T500677,C100369,1981-10-27,M,BANGALORE,"Rs. 26,549.63",01/06/2024,224514,292.74
T504626,C100026,1980-06-13,f,Bangalore,"42,425.02",2024-01-29,173956,-4419.45
T502170,C100038,16/08/2001,M,Kolkata,38387.92,14-Mar-2024,145320,1217.42
T503858,C100758,16/09/1995,f,Pune,8457.46,16-Apr-2024,183124,5408.71
T502301,C100454,10/04/2003,F,NAGPUR,18847.61,17/02/2024,033405,762.68
T503708,C100333,18-03-86,F,LUCKNOW,,2024-10-03,185905,9850.46
T504594,C100715,1966-01-07,Male,AHMEDABAD,5484.47,2024-02-07,035740,772.94
T502733,C100523,03/02/2003,Male,BANGALORE,11576.66,07/02/2024,092145,"INR 1,052.56"
T503792,C100176,03/08/2003,M,JAIPUR,"26,967.93",07-Feb-2024,081454,5327.71
T503712,C100439,08/03/1967,female,BANGALORE,"Rs. 48,286.94",2024-05-01,131718,3006.25
T503532,C100297,24-02-63,female,HYDERABAD,7611.24,2024-10-14,062424,1081.26
T500295,C100350,06/05/1984,Male,Bengaluru,,02/04/2024,222639,6330.86
T501070,C100288,08/09/1992,,AHMEDABAD,"35,907.23",2024-06-04,190155,
T500053,C100693,11/10/1988,f,Jaipur,"247,886.54",2024-05-19,050859,2585.01
T505736,C100331,09-04-84,Male,Delhi,139917.52,27-May-2024,104153,"INR 11,796.87"
T503400,C100753,05/12/1958,Male,Ahmedabad,,05-Jan-2024,095147,10631.8
T503715,C100322,22/04/1957,F,DELHI,12582.93,2024-07-04,023958,491.84
T505537,C100625,1969-04-02,M,LUCKNOW,21865.24,2024-03-26,231030,1083.83
T504299,C100767,0000-00-00,F,,70068.58,23/02/2024,012250,7892.6
T505493,C100311,02/01/1973,F,HYDERABAD,63960.0,27/06/2024,023351,2315.52
T503342,C100302,1974-07-11,f,Pune,"45,783.91",28/01/2024,020107,1478.14
T502006,C100258,26-05-00,Male,,"Rs. 16,944.13",14/05/2024,175313,1590.34
T500301,C100573,1976-01-19,male,Hyderabad,41943.84,2024-06-09,221040,2747.94
T500365,C100136,17/08/2002,,Ahmedabad,,22/05/2024,131020,3750.99
T505498,C100392,02-08-81,female,BANGALORE,,22/02/2024,125526,"INR 1,014.89"
T500102,C100594,1990-02-24,male,Hyderabad,"Rs. 73,506.23",2024-07-06,030007,2979.76
T505512,C100593,09-05-75,Male,Ahmedabad,77632.67,03-Dec-2024,195251,3813.63
T502792,C100338,1977-03-17,M,Chennai,"34,108.53",29-Oct-2024,180857,
T504213,C100413,1975-06-17,Male,Chennai,,2024-03-28,160208,2783.2
T502795,C100443,13/05/2004,Female,NAGPUR,102909.31,09/11/2024,175800,3182.8
T504370,C100102,14-07-81,M,KOLKATA,"Rs. 15,311.00",2024-02-21,041306,310.06
T502731,C100571,1961-01-15,male,JAIPUR,"Rs. 15,548.64",20/05/2024,101254,1208.71
T505923,C100775,25/07/1994,F,  Surat,45130.4,2024-03-25,083636,"INR 2,612.31"
T500857,C100663,24/03/1961,m,,"600,713.48",25/04/2024,195638,2597.47
T503890,C100429,17-05-92,F,Delhi,"40,293.13",04/02/2024,175730,
T503005,C100572,1969-09-12,F,Mumbai,"8,282.21",18-Aug-2024,005353,330.66
T504258,C100036,04/08/1957,,LUCKNOW,119884.19,04/05/2024,195506,
T501487,C100013,1995-03-19,,MUMBAI,"Rs. 11,833.88",23/07/2024,054723,161.27
T504285,C100356,23-02-61,Male,MUMBAI,"Rs. 62,027.26",2024-06-13,014204,1813.1
T505057,C100558,1958-07-13,Female,Hyderabad,43904.78,27/03/2024,123341,1958.41
T500374,C100730,1987-07-18,F,,25757.03,2024-09-06,130514,180.52
T501213,C100267,24/03/1964,F,Bengaluru,"Rs. 100,432.83",09-Nov-2024,150017,998.97
T500544,C100749,1/1/1800,m,Mumbai,"372,624.79",07-Jul-2024,000600,2311.04
T501351,C100638,15-09-86,Female,CHENNAI,39836.78,06-Feb-2024,234953,3445.52
T500291,C100657,1974-02-08,male,Ahmedabad,"71,006.14",29-Mar-2024,141715,2636.28
T504525,C100182,1997-04-19,F,CHENNAI,,2024-05-07,075323,
T503688,C100015,1994-04-22,M,MUMBAI,,2024-07-02,180854,1398.12
T500389,C100645,02-11-81,m,,,05-Aug-2024,064628,2463.47
T502869,C100737,03/06/1961,f,Delhi,"Rs. 71,291.17",29-Apr-2024,145218,2807.05
T505393,C100135,1976-12-12,Female,mumbai ,,09/05/2024,051936,1138.92
T503835,C100475,01-01-1900,Female,Bengaluru,"89,827.75",2024-02-10,115116,6647.72
T501870,C100564,18/09/1959,Female,Ahmedabad,"33,632.16",02-Jun-2024,105436,1734.03
T504546,C100190,06/11/1979,male,Jaipur,"Rs. 39,923.71",12/03/2024,010909,3246.0
T500247,C100473,03-04-82,female,Bengaluru,,2024-04-14,060719,839.63
T504126,C100339,20/04/1966,male,PUNE,"Rs. 62,182.35",2024-03-21,213518,1742.25
T503231,C100592,1965-07-19,Male,  Surat,"57,107.77",10-Jul-2024,104139,8422.03
T502164,C100611,08-02-56,male,Bangalore,,2024-01-12,121213,4193.25
T505482,C100563,17-08-73,,DELHI,,2024-01-26,054403,
T501296,C100792,13-12-83,M,Bengaluru,147204.05,15-Jul-2024,195356,1013.07
T501988,C100697,1969-10-22,male,Mumbai,,01-May-2024,155739,2313.69
T503064,C100790,03/02/1994,female,Pune,"108,574.79",13/10/2024,132844,2838.37
T505577,C100765,07/11/1958,m,Chennai,"22,571.43",11-Jun-2024,013641,437.46
T500410,C100102,14-07-81,M,KOLKATA,"Rs. 15,311.00",06/03/2024,024517,401.05
T502005,C100296,24/12/1971,Male,PUNE,,2024-01-26,085316,691.75
T505514,C100628,03/09/1990,M,Pune,109284.74,16/02/2024,103734,"INR 2,451.63"
T501894,C100493,0000-00-00,F,AHMEDABAD,"Rs. 102,129.94",22-Apr-2024,211926,2876.9
T501184,C100025,1990-02-25,m,Mumbai,14205.21,15-Jul-2024,215702,164.93
T505571,C100622,1963-04-08,male,Pune,"114,620.95",2024-06-20,010745,3445.61
T503004,C100311,02/01/1973,F,HYDERABAD,63960.0,2024-11-02,195048,2251.16
T501898,C100765,07/11/1958,m,Chennai,"22,571.43",09-Jul-2024,221428,INR 247.26
T500832,C100366,10/12/1987,f,  Surat,"9,704.44",07/10/2024,010624,INR 270.42
T502227,C100336,27-02-97,M,NAGPUR,75339.25,22/10/2024,021247,2055.03
T501803,C100537,1963-01-27,Female,Chennai,26621.54,01/06/2024,075444,1318.74
T500690,C100151,1955-06-05,Male,Kolkata,"Rs. 83,391.84",2024-02-24,100550,21066.13
T505062,C100092,2000-06-15,m,Ahmedabad,,10-Mar-2024,182113,3068.03
T502518,C100573,1976-01-19,male,Hyderabad,41943.84,2024-12-05,175559,3157.16
T502752,C100055,23/01/2001,m,LUCKNOW,"Rs. 39,750.83",13/10/2024,071050,863.55
T504476,C100474,22-02-85,m,Chennai,20972.53,2024-01-08,015908,INR 51.37
T501512,C100670,26/10/1983,female,MUMBAI,371867.09,23-Dec-2024,091642,2533.74
T502216,C100618,10/10/1967,Female,  Surat,29639.57,09-Oct-2024,003654,3509.06
T503674,C100377,07/07/1965,m,Bangalore,31307.17,20/08/2024,103650,10547.38
T505190,C100234,15-03-98,female,Chennai,59188.47,2024-01-13,203606,1989.9
T504158,C100041,22/06/1982,M,Bangalore,"22,606.16",08/11/2024,072517,877.44
T501075,C100112,1984-02-13,,CHENNAI,,16-May-2024,081304,1347.06
T505974,C100093,15/10/1965,f,,"157,865.54",14/03/2024,170304,5642.07
T503490,C100020,12/04/1982,M,AHMEDABAD,"3,015.98",23/02/2024,063728,1574.82
T505945,C100755,15/07/1975,f,Hyderabad,,30-Jan-2024,143547,971.07
T502357,C100229,2004-07-25,Female,CHENNAI,47420.96,19-Dec-2024,110600,806.69
T502439,C100070,1994-10-17,F,LUCKNOW,"29,489.38",2024-07-23,032955,2426.14
T502111,C100338,1977-03-17,M,Chennai,"34,108.53",2024-08-22,183730,463.86
T500769,C100631,15/03/1970,M,DELHI,"47,693.35",2024-08-06,050516,2244.53
T504166,C100651,02/01/1989,female,Chennai,"79,050.49",15-Aug-2024,020228,6494.98
T504657,C100124,13/11/1959,Male,,"Rs. 2,357.17",2024-10-31,013246,762.59
T502867,C100153,04-08-82,f,LUCKNOW,"379,373.89",2024-05-03,220058,6781.55
T505794,C100629,25/12/1993,female,DELHI,"Rs. 24,299.30",16-Nov-2024,095732,1828.57
T502966,C100560,01-01-1900,female,Jaipur,25797.87,2024-08-05,005613,3891.98
T502602,C100760,14/03/1974,F,mumbai ,286147.6,07/08/2024,094747,17791.2
T501946,C100215,25-01-62,Male,Jaipur,51679.23,04-Nov-2024,185930,8410.21
T500554,C100711,1956-06-23,male,Hyderabad,"10,669.16",09/02/2024,122217,2003.58
T505962,C100229,2004-07-25,Female,CHENNAI,47420.96,16-Feb-2024,175242,888.72
T500752,C100603,12/05/2000,M,PUNE,"3,993.34",30-Jul-2024,072249,69.65
T503115,C100479,22/10/1980,f,Kolkata,"Rs. 98,501.77",2024-08-10,023337,3225.91
T501361,C100345,01-05-83,f,KOLKATA,12276.92,05-Jan-2024,014254,1577.27
T504658,C100126,14/08/1992,,JAIPUR,"Rs. 17,927.78",04-Aug-2024,200512,1101.23
T502682,C100668,21-07-78,Female,Bangalore,"99,681.03",09/10/2024,211251,13909.32
T501041,C100199,12-08-83,male,Mumbai,71799.72,2024-12-24,230922,4670.84
T503284,C100232,1984-12-23,,CHENNAI,41614.26,01/07/2024,164739,
T504948,C100776,1964-07-01,female,Bangalore,"Rs. 31,244.52",2024-09-16,203126,8049.07
T505811,C100151,1955-06-05,Male,Kolkata,"Rs. 83,391.84",24-Feb-2024,134448,9702.78
T500363,C100443,13/05/2004,Female,NAGPUR,102909.31,2024-12-30,121741,107.46
T504749,C100427,1973-05-14,f,Hyderabad,"Rs. 13,652.98",29-Feb-2024,105413,INR 925.95
T502764,C100553,01/07/2001,f,  Surat,"Rs. 71,513.73",27-May-2024,074400,5409.48
T501135,C100748,05/07/1989,male,mumbai ,"Rs. 63,573.89",16/07/2024,031835,3170.85
T503212,C100184,10-07-88,f,BANGALORE,45597.09,07/06/2024,174505,1136.14
T504777,C100439,08/03/1967,female,BANGALORE,"Rs. 48,286.94",2024-04-30,113747,
T503411,C100710,1988-06-06,m,LUCKNOW,"31,418.04",2024-12-29,023631,2557.4
T502427,C100196,17/08/1965,Female,Hyderabad,"Rs. 24,873.57",10/06/2024,162522,INR 515.24
T501679,C100153,04-08-82,f,LUCKNOW,"379,373.89",11-Jan-2024,121412,1130.49
T500550,C100750,20-09-76,M,MUMBAI,"Rs. 140,121.33",08/10/2024,023249,"INR 3,589.05"
T503589,C100612,22-09-87,,JAIPUR,378740.24,2024-06-02,054737,3023.37
T502356,C100480,08-09-93,F,MUMBAI,"Rs. 37,940.98",2024-11-19,153410,1210.84
T502797,C100675,1962-07-04,,Bangalore,91272.97,2024-10-06,004419,-2548.39
T504183,C100591,1975-05-16,Male,Jaipur,"31,294.72",2024-11-08,221738,1710.58
T501622,C100515,13/10/1997,Male,CHENNAI,48437.97,17-Sep-2024,032342,1398.77
T502520,C100335,1/1/1800,M,Bengaluru,,2024-03-14,080307,4501.04
T504608,C100022,16-02-69,F,DELHI,,16-Jan-2024,064301,3610.58
T504956,C100637,09-04-89,F,PUNE,,08-May-2024,061058,
T504872,C100195,1999-11-25,F,LUCKNOW,,02/04/2024,030644,1460.39
T505815,C100620,1967-06-27,,CHENNAI,22920.89,2024-06-15,044151,779.68
T503014,C100016,07/02/1956,Female,mumbai ,"Rs. 21,454.12",19/11/2024,115550,598.11
T504909,C100167,1989-06-12,Female,Bangalore,"Rs. 11,248.70",27/06/2024,054052,800.8
T503120,C100376,1973-09-05,,Delhi,,26/07/2024,082830,-1121.45
T500842,C100429,17-05-92,F,Delhi,"40,293.13",09-Jun-2024,080504,3558.14
T502495,C100644,17/12/1991,m,PUNE,"Rs. 10,681.00",2024-05-01,160854,838.18
T502068,C100573,1976-01-19,male,Hyderabad,41943.84,11-Feb-2024,195104,5185.96
T504949,C100324,14-03-71,male,AHMEDABAD,8250.81,19/07/2024,001715,INR 59.54
T500879,C100648,03-09-71,F,HYDERABAD,"Rs. 9,700.19",11-Aug-2024,041152,436.78
T504238,C100210,1956-04-12,female,Delhi,"112,806.44",08-Apr-2024,074355,9438.11
T504961,C100722,15/06/1955,male,Delhi,"9,982.58",14-Jul-2024,084822,"INR 3,255.91"
T505558,C100346,22/08/1993,M,PUNE,"134,207.78",18-May-2024,235740,10531.4
T504787,C100617,13-06-57,female,Jaipur,9784.54,2024-11-25,200814,1354.81
T500863,C100503,12/08/1956,F,Pune,"146,446.03",2024-12-25,051422,23280.22
T500758,C100331,09-04-84,Male,Delhi,139917.52,2024-12-16,020757,"INR 2,048.86"
T503121,C100198,1955-04-02,male,Jaipur,"22,189.66",20/05/2024,194512,"INR 1,443.37"
T504479,C100162,1997-09-24,m,Delhi,"Rs. 42,810.30",2024-12-07,124915,4929.76
T502402,C100135,1976-12-12,Female,mumbai ,,15/10/2024,030012,1894.64
T504693,C100541,13-01-74,male,Ahmedabad,"186,265.55",2024-11-27,053456,
T502059,C100518,1981-02-02,Female,Pune,17929.39,29/02/2024,022509,848.43
T505539,C100652,1991-12-20,Male,,"Rs. 58,919.28",21-Jun-2024,173240,5694.71
T504228,C100521,1962-02-16,Male,Kolkata,56258.99,09-Jul-2024,190802,1933.08
T503616,C100119,23/01/1962,female,Pune,,31/10/2024,002637,1113.85
T502577,C100630,10-04-59,M,AHMEDABAD,,07/10/2024,075719,658.83
T501911,C100625,1969-04-02,M,LUCKNOW,21865.24,19-May-2024,190327,192.29
T502645,C100141,20/10/1986,,mumbai ,160886.94,14/07/2024,155307,4076.82
T504116,C100050,09/01/1981,male,,"Rs. 3,008.14",27-Aug-2024,222955,2202.46
T505053,C100612,22-09-87,,JAIPUR,378740.24,12-Dec-2024,124812,18933.57
T501073,C100748,05/07/1989,male,mumbai ,"Rs. 63,573.89",20/02/2024,002106,869.71
T501753,C100736,1994-08-24,m,Mumbai,21365.93,2024-03-11,171208,4903.16
T501159,C100302,1974-07-11,f,Pune,"45,783.91",27-Jul-2024,184146,1958.64
T500058,C100320,27/02/1980,male,LUCKNOW,23034.86,10-Jan-2024,183636,INR 373.67
T501326,C100310,23-08-84,male,HYDERABAD,"323,760.11",02-Sep-2024,085038,-1260.28
T505247,C100004,1982-06-13,m,LUCKNOW,"Rs. 13,136.92",06-Jan-2024,223128,745.02
T502294,C100689,03/09/2001,Female,Mumbai,5503.87,17/10/2024,171304,2691.55
T504262,C100116,1960-09-25,female,Pune,220401.55,2024-03-02,030454,14205.4
T505530,C100090,11/06/1973,male,Pune,"17,694.21",09-Jul-2024,183420,758.3
T501238,C100544,01-01-1900,,KOLKATA,"Rs. 3,308.23",01/12/2024,062712,1218.16
T504904,C100294,1977-04-19,Female,HYDERABAD,,06-Mar-2024,071139,962.99
T504240,C100761,1989-09-02,f,  Surat,"25,607.80",18-Nov-2024,215422,442.45
T502398,C100417,23-03-93,male,Mumbai,1928.25,02-Jun-2024,112430,805.06
T503503,C100605,17-10-69,M,LUCKNOW,"Rs. 79,326.66",2024-09-29,124452,1796.33
T502693,C100396,0000-00-00,m,Bangalore,"8,158.99",12/04/2024,151714,INR 654.91
T505211,C100653,1965-06-07,f,AHMEDABAD,"Rs. 305,029.15",21/04/2024,000543,4494.19
T503133,C100591,1975-05-16,Male,Jaipur,"31,294.72",2024-09-05,154602,1078.36
T503838,C100606,15-10-04,,Kolkata,,11-Jan-2024,134343,173.33
T502529,C100628,03/09/1990,M,Pune,109284.74,2024-03-05,094955,1067.2
T505408,C100653,1965-06-07,f,AHMEDABAD,"Rs. 305,029.15",24-Feb-2024,172122,13227.74
T501477,C100791,19/10/1986,Female,Kolkata,91747.28,22-Jan-2024,090524,"INR 4,630.22"
T501513,C100150,10-08-01,f,KOLKATA,"Rs. 80,031.58",25/02/2024,045630,4851.12
T502196,C100488,25-03-77,m,BANGALORE,"29,268.42",2024-03-18,134325,3766.01
T505461,C100085,17-10-83,m,Pune,36223.4,2024-05-24,033332,5384.08
T503285,C100512,19/08/1986,m,,"Rs. 88,055.27",07/08/2024,153434,7844.71
T500355,C100240,24/12/2003,M,mumbai ,"58,083.30",26/04/2024,102948,3124.59
T503068,C100012,12/10/1993,F,,"Rs. 50,102.02",21/06/2024,162500,1037.81
T504097,C100795,1986-10-21,female,Pune,"Rs. 43,684.44",2024-10-21,140740,527.17
T501068,C100328,1993-09-23,f,mumbai ,"138,849.89",2024-02-22,172251,17603.58
T503413,C100396,0000-00-00,m,Bangalore,"8,158.99",30/12/2024,205249,1408.12
T502195,C100214,1998-09-06,F,LUCKNOW,"Rs. 68,205.42",05-Oct-2024,162257,532.11
T505011,C100272,2035-01-01,female,PUNE,10046.68,18-Sep-2024,202418,1602.51
T500076,C100231,13-01-91,female,DELHI,66484.0,24/09/2024,220725,1160.84
T500516,C100513,1992-06-02,F,Bengaluru,14786.27,14/11/2024,070348,3744.13
T505227,C100389,1975-12-07,F,Kolkata,,02/03/2024,190217,11661.27
T503289,C100224,1990-02-18,M,  Surat,"29,503.15",15/02/2024,233605,-127.8
T501799,C100487,18-04-93,Male,DELHI,"5,364.64",06/09/2024,075308,398.09
T504933,C100334,05/05/1992,,Kolkata,"Rs. 92,365.78",07/10/2024,082804,4497.19
T503782,C100679,10-11-58,m,Kolkata,39458.8,17/09/2024,040932,INR 542.07
T501126,C100328,1993-09-23,f,mumbai ,"138,849.89",01/07/2024,055415,3478.36
T505384,C100126,14/08/1992,,JAIPUR,"Rs. 17,927.78",2024-12-12,072241,"INR 2,531.74"
T502500,C100395,2001-02-20,f,Kolkata,"Rs. 30,084.28",02/11/2024,132935,1720.44
T504159,C100318,19/04/1976,,JAIPUR,"171,947.48",24/05/2024,202542,10821.12
T505280,C100431,15-04-62,male,  Surat,"10,914.09",12/09/2024,205530,1192.72
T505964,C100110,04-06-04,,Chennai,"188,084.65",17/04/2024,065150,1776.48
T505988,C100322,22/04/1957,F,DELHI,12582.93,19/02/2024,044312,659.25
T500192,C100792,13-12-83,M,Bengaluru,147204.05,05-Sep-2024,061507,1888.49
T503795,C100643,03-07-56,Female,mumbai ,"Rs. 10,735.73",22-Aug-2024,122144,1256.52
T504446,C100166,06-04-86,M,NAGPUR,"8,813.64",17-May-2024,022203,99.49
T504147,C100201,05/06/1995,f,  Surat,,18-Jul-2024,140113,792.74
T503464,C100145,09-09-69,,Mumbai,,2024-08-14,211922,654.47
T501038,C100026,1980-06-13,f,Bangalore,"42,425.02",2024-04-07,052707,2821.23
T502178,C100574,03-10-85,m,Mumbai,"11,779.17",15-May-2024,061835,936.49
T501959,C100237,10-10-56,Male,PUNE,,2024-10-13,041118,1641.19
T502995,C100331,09-04-84,Male,Delhi,139917.52,2024-05-11,215128,1755.96
T505620,C100709,15-12-01,Female,NAGPUR,"Rs. 253,403.83",13-Nov-2024,003745,7640.17
T505602,C100342,07/06/1969,M,  Surat,9262.22,02/03/2024,155621,"INR 1,942.43"
T502681,C100387,16-02-77,M,Kolkata,20501.21,2024-08-21,143037,28137.1
T505079,C100297,24-02-63,female,HYDERABAD,7611.24,2024-03-22,133213,450.7
T502505,C100441,26/01/1973,M,LUCKNOW,"109,974.75",06-Jul-2024,080728,6701.19
T501303,C100668,21-07-78,Female,Bangalore,"99,681.03",26-Sep-2024,221334,591.93
T500626,C100389,1975-12-07,F,Kolkata,,14-Apr-2024,192438,2022.51
T503805,C100491,1974-05-21,Female,Pune,"Rs. 8,845.00",03/09/2024,142544,702.23
T501173,C100054,01-04-73,f,AHMEDABAD,"Rs. 2,705.17",24/11/2024,182433,592.97
T501432,C100222,1969-03-14,F,LUCKNOW,"77,445.15",05/01/2024,121000,2454.05
T501099,C100250,04/10/1964,Female,Ahmedabad,"12,840.30",19/01/2024,024309,INR 512.21
T505574,C100632,02/08/1999,Female,Chennai,70747.64,11-Apr-2024,011443,2335.82
T501908,C100461,1963-03-16,f,LUCKNOW,"2,646.37",22/03/2024,185224,539.89
T505259,C100041,22/06/1982,M,Bangalore,"22,606.16",19/02/2024,101531,4274.17
T505434,C100717,1983-04-25,F,mumbai ,,2024-10-13,043323,3415.88
T505323,C100112,1984-02-13,,CHENNAI,,2024-05-28,172042,1428.94
T505299,C100015,1994-04-22,M,MUMBAI,,2024-08-29,193530,5352.7
T504024,C100423,23/10/2004,M,CHENNAI,"138,103.22",17/11/2024,134953,1135.4
T501405,C100535,12-02-81,f,CHENNAI,10577.18,23-Sep-2024,063538,2309.01
T501910,C100044,1962-08-19,male,Hyderabad,"43,950.32",2024-08-09,011148,6903.03
T502198,C100439,08/03/1967,female,BANGALORE,"Rs. 48,286.94",04-Jan-2024,184000,6188.75
T505472,C100205,14/04/1967,female,Pune,"35,559.48",2024-05-23,085034,1121.37
T500835,C100423,23/10/2004,M,CHENNAI,"138,103.22",21-May-2024,090417,3103.91
T500079,C100436,06-10-60,F,Jaipur,"Rs. 93,354.27",05/08/2024,042759,2119.92
T502813,C100747,1969-08-14,female,MUMBAI,52638.76,01/06/2024,212924,322.48
T500309,C100138,1972-07-16,Female,Bengaluru,13258.49,2024-02-18,170618,1050.27
T501412,C100172,18-12-91,,LUCKNOW,180835.83,2024-11-14,172817,95.68
T500775,C100592,1965-07-19,Male,  Surat,"57,107.77",2024-02-01,012540,382.92
T500484,C100569,06/08/1967,,KOLKATA,,2024-05-25,235752,2278.58
T505683,C100572,1969-09-12,F,Mumbai,"8,282.21",03/10/2024,022034,151.51
T500367,C100142,20-07-97,female,Jaipur,,12-Apr-2024,002637,4834.27
T500570,C100452,27/10/1966,female,MUMBAI,33276.34,21/12/2024,123103,1231.83
T505928,C100791,19/10/1986,Female,Kolkata,91747.28,29-Jul-2024,035924,4593.04
T500649,C100434,20-02-74,,HYDERABAD,17342.63,2024-01-15,133044,783.43
T500040,C100450,1992-01-17,F,DELHI,"111,417.27",2024-08-11,211036,7185.6
T503515,C100485,1998-08-11,F,Bengaluru,2026.6,16-May-2024,082859,618.0
T500441,C100699,15/11/2003,female,KOLKATA,20709.46,27-Jan-2024,164328,3120.87
T501593,C100736,1994-08-24,m,Mumbai,21365.93,07-Mar-2024,015624,1138.25
T502263,C100303,1973-06-05,male,BANGALORE,"16,218.38",17/04/2024,124243,492.23
T500896,C100750,20-09-76,M,MUMBAI,"Rs. 140,121.33",06/04/2024,165944,395.61
T501071,C100081,26-07-87,m,LUCKNOW,8629.03,18-Apr-2024,042932,INR 624.40
T501541,C100108,1974-12-26,M,Jaipur,"53,397.38",06/06/2024,164401,1113.12
T501404,C100690,21-04-58,Male,BANGALORE,"Rs. 120,392.94",2024-01-20,200249,2954.17
T500351,C100246,11/12/1992,Male,Delhi,459949.04,10-Apr-2024,081608,2972.39
T503562,C100564,18/09/1959,Female,Ahmedabad,"33,632.16",23-Mar-2024,035436,8635.91
T505447,C100196,17/08/1965,Female,Hyderabad,"Rs. 24,873.57",28/05/2024,204610,INR 838.33
T505476,C100105,18/10/1995,F,LUCKNOW,21507.37,20-Dec-2024,073034,8088.62
T505930,C100249,1980-06-02,f,BANGALORE,"10,242.73",2024-09-23,095625,449.05
T501269,C100210,1956-04-12,female,Delhi,"112,806.44",05/09/2024,214850,8718.73
T500161,C100231,13-01-91,female,DELHI,66484.0,16/10/2024,132824,699.8
T504236,C100052,13-07-60,Female,MUMBAI,"Rs. 54,071.44",01/01/2024,042003,605.05
T502031,C100519,1980-12-10,M,KOLKATA,103786.19,05-Jul-2024,202635,"INR 1,222.00"
T500945,C100438,20-05-72,F,Bengaluru,,2024-04-16,125522,829.18
T501689,C100381,2000-06-26,Female,AHMEDABAD,"34,569.41",22/01/2024,100311,220.35
T505207,C100565,19/09/2004,f,BANGALORE,"67,225.87",18-May-2024,235903,"INR 22,387.07"
T500072,C100782,1960-01-16,Female,Hyderabad,"Rs. 34,036.97",05-Aug-2024,150027,1668.43
T504934,C100763,10/09/1994,m,MUMBAI,,06-Nov-2024,002801,3489.4
T505147,C100705,03/12/1964,f,Bengaluru,"92,850.20",2024-05-09,145031,4116.62
T504401,C100525,1969-10-05,F,CHENNAI,"212,533.64",2024-12-14,021459,12040.08
T500994,C100215,25-01-62,Male,Jaipur,51679.23,2024-04-30,030120,3670.86
T500762,C100057,21/12/1998,Male,Hyderabad,"108,663.77",07-Apr-2024,213338,
T504186,C100143,1981-07-23,M,PUNE,"241,385.44",01-Oct-2024,061008,8551.82
T502137,C100668,21-07-78,Female,Bangalore,"99,681.03",2024-08-20,003153,13726.45
T502835,C100293,13-05-89,Male,BANGALORE,"10,023.20",2024-12-12,134825,56.23
T500173,C100240,24/12/2003,M,mumbai ,"58,083.30",18-Oct-2024,125925,450468.99999999994
T502065,C100143,1981-07-23,M,PUNE,"241,385.44",2024-03-17,162744,"INR 2,553.07"
T502856,C100686,03-05-75,F,Delhi,,17/01/2024,185539,533.25
T501734,C100253,27/03/1978,male,Bangalore,"Rs. 107,511.50",24-Feb-2024,194051,8386.02
T505543,C100457,23/11/1991,M,Hyderabad,"46,885.90",19/03/2024,192755,"INR 2,207.86"
T503736,C100487,18-04-93,Male,DELHI,"5,364.64",2024-11-03,091143,1395.34
T505518,C100680,1964-12-27,male,Chennai,83125.23,02-Jan-2024,175202,6054.88
T502852,C100146,20/10/1976,male,MUMBAI,"113,306.25",24/03/2024,140043,2626.07
T502511,C100137,13-06-70,f,Hyderabad,"Rs. 35,410.51",11-Jan-2024,031749,728.89
T502958,C100720,25-12-56,Male,LUCKNOW,"53,994.49",2024-07-30,020606,2767.36
T503187,C100529,1991-11-11,F,Bengaluru,"104,328.62",09-Jul-2024,072731,
T503175,C100325,25-11-83,M,Jaipur,,24/11/2024,164807,1324.89
T501780,C100287,02-08-63,F,,"Rs. 2,589.86",03/02/2024,091657,106.69
T502351,C100715,1966-01-07,Male,AHMEDABAD,5484.47,23-Nov-2024,024335,150.6
T501775,C100605,17-10-69,M,LUCKNOW,"Rs. 79,326.66",2024-09-17,151925,2736.35
T501534,C100619,27/10/1979,F,Jaipur,"618,590.11",2024-08-29,092805,"INR 1,652.29"
T500838,C100784,1976-08-21,M,PUNE,"Rs. 83,499.01",17/05/2024,043226,550.19
T503105,C100610,03-06-76,m,,"125,370.42",24-Aug-2024,071905,779.26
T503765,C100026,1980-06-13,f,Bangalore,"42,425.02",17/12/2024,075630,2840.97
T503334,C100106,05-04-68,M,DELHI,"60,836.59",19/08/2024,152928,4501.44
T504681,C100157,06/04/1964,m,PUNE,,2024-06-27,103653,528.55
T500864,C100368,1991-10-16,F,Jaipur,"144,315.15",2024-08-10,142211,1307.77
T505674,C100651,02/01/1989,female,Chennai,"79,050.49",2024-03-06,191520,5393.34
T504023,C100011,23/02/1966,M,,15559.6,31-Jul-2024,173606,5999.61
T500116,C100246,11/12/1992,Male,Delhi,459949.04,18-Jun-2024,083743,13584.86
T504764,C100513,1992-06-02,F,Bengaluru,14786.27,19/12/2024,074856,4243.1
T503676,C100249,1980-06-02,f,BANGALORE,"10,242.73",2024-11-22,043324,1347.48
T501903,C100605,17-10-69,M,LUCKNOW,"Rs. 79,326.66",2024-06-12,085631,3279.85
T500298,C100115,1993-11-02,Male,KOLKATA,11109.49,26/10/2024,203122,1613.16
T500371,C100416,20/10/1988,Male,JAIPUR,77721.72,09-Dec-2024,023856,649.73
T501899,C100427,1973-05-14,f,Hyderabad,"Rs. 13,652.98",04-Sep-2024,054950,INR 367.07
T501293,C100181,07-08-60,male,Pune,"Rs. 46,982.71",15/05/2024,104759,3759.29
T500266,C100208,05-05-66,f,Bangalore,16479.19,16-Jun-2024,213132,"INR 1,896.93"
T500160,C100425,10/04/1986,,MUMBAI,"59,725.38",2024-06-25,074758,801.6
T501784,C100310,23-08-84,male,HYDERABAD,"323,760.11",26/08/2024,030357,"INR 3,860.88"
T505010,C100349,,Female,PUNE,"397,135.49",11-Oct-2024,220146,435.92
T505583,C100753,05/12/1958,Male,Ahmedabad,,2024-11-16,062314,3444.79
T501029,C100116,1960-09-25,female,Pune,220401.55,09/10/2024,190950,12263.82
T500519,C100626,1988-04-25,male,  Surat,,27-Aug-2024,111942,INR 327.04
T504009,C100093,15/10/1965,f,,"157,865.54",17-Mar-2024,175815,2824.23
T502446,C100761,1989-09-02,f,  Surat,"25,607.80",2024-05-22,173835,1749.12
T503114,C100139,09-08-90,Male,Jaipur,"34,813.10",01/04/2024,130734,536.62
T504086,C100432,23-09-63,f,Jaipur,,30/07/2024,074652,INR 887.92
T501914,C100079,20-07-04,M,Delhi,"Rs. 80,811.92",2024-08-04,044811,"INR 5,464.40"
T504206,C100794,15/07/1959,Female,PUNE,"Rs. 32,969.19",2024-02-08,214850,2303.33
T505967,C100159,1997-08-16,male,,"Rs. 37,413.50",26-Sep-2024,185525,5912.32
T503078,C100280,1996-03-06,male,KOLKATA,"61,078.77",2024-06-30,014956,2674.51
T501609,C100653,1965-06-07,f,AHMEDABAD,"Rs. 305,029.15",2024-09-05,171441,11468.83
T505854,C100390,18-11-59,f,DELHI,5005.43,31/05/2024,200556,531.58
T502923,C100291,1975-08-14,Female,Pune,,22/02/2024,125146,1015.38
T504887,C100149,2004-10-19,f,mumbai ,31910.38,21/06/2024,201740,2801.47
T500395,C100185,1990-08-13,f,Kolkata,"Rs. 119,141.06",26-Jul-2024,030814,3379.64
T500094,C100292,1/1/1800,female,MUMBAI,"9,547.79",23/04/2024,224855,806.64
T505984,C100435,1982-06-13,,DELHI,"Rs. 58,275.09",23-Jan-2024,064025,980.11
T504788,C100773,10-04-82,,KOLKATA,,11-May-2024,164009,"INR 8,054.32"
T501785,C100330,03/01/1996,m,Mumbai,"Rs. 8,776.03",18/07/2024,165349,415.59
T501983,C100237,10-10-56,Male,PUNE,,2024-09-27,200427,6551.07
T501936,C100681,15/05/1967,female,LUCKNOW,"239,151.47",2024-04-12,032040,
T503364,C100247,17/05/1986,female,,"60,362.87",18/01/2024,035024,506.81
T500901,C100229,2004-07-25,Female,CHENNAI,47420.96,2024-07-29,020002,-2427.1
T502471,C100387,16-02-77,M,Kolkata,20501.21,2024-06-04,055953,10517.25
T504105,C100075,25/02/2001,F,HYDERABAD,13759.87,2024-04-13,014246,530.3
T501033,C100602,1960-10-01,F,HYDERABAD,"Rs. 6,182.20",03-Aug-2024,002343,252.13
T504598,C100310,23-08-84,male,HYDERABAD,"323,760.11",08/11/2024,185616,12435.58
T505830,C100545,14/11/1965,F,Mumbai,76933.29,17-Oct-2024,183655,6522.99
T505796,C100125,1962-01-08,Male,mumbai ,"17,605.36",2024-02-16,003336,INR 780.51
T504414,C100139,09-08-90,Male,Jaipur,"34,813.10",2024-06-26,165752,2091.72
T500604,C100547,20-06-66,F,DELHI,"Rs. 49,530.12",2024-08-27,213549,6327.44
T504630,C100760,14/03/1974,F,mumbai ,286147.6,11-Jun-2024,125011,24645.0
T500881,C100706,23/05/1997,M,Mumbai,"Rs. 7,105.83",2024-06-11,071108,3088.81
T505236,C100396,0000-00-00,m,Bangalore,"8,158.99",17/11/2024,060617,794.53
T502804,C100032,16/10/1977,female,Kolkata,"27,810.10",2024-01-16,214757,1963.27
T501431,C100083,11-01-60,f,Hyderabad,"7,606.81",17-Jun-2024,020428,2007.28
T505943,C100195,1999-11-25,F,LUCKNOW,,2024-06-13,085027,2115.77
T505196,C100681,15/05/1967,female,LUCKNOW,"239,151.47",08/03/2024,181932,2454.83
T503650,C100632,02/08/1999,Female,Chennai,70747.64,15-May-2024,164929,664.98
T505492,C100343,11-02-92,female,mumbai ,"60,102.72",15/07/2024,084048,2614.71
T504331,C100048,06/04/2003,male,Chennai,"13,288.01",01-May-2024,111040,1142.07
T504298,C100026,1980-06-13,f,Bangalore,"42,425.02",07/08/2024,214736,773.2
T500112,C100096,20/08/1961,M,LUCKNOW,"76,980.73",26-Jul-2024,163349,4685.82
T502365,C100131,2002-07-19,F,HYDERABAD,114687.04,17/09/2024,125652,6478.82
T501321,C100028,26/05/1973,,HYDERABAD,,31-Aug-2024,092937,2889.88
T504522,C100796,13-01-85,F,CHENNAI,22196.84,27/06/2024,082505,552.77
T502576,C100065,18/02/2001,M,Delhi,55990.05,22-Jun-2024,003546,2960.32
T500947,C100534,21/09/1980,Female,MUMBAI,,29-Apr-2024,034950,1797.13
T505285,C100058,26-02-76,m,  Surat,,13-Dec-2024,213507,2378.25
T501587,C100210,1956-04-12,female,Delhi,"112,806.44",2024-03-03,171228,"INR 7,767.81"
T505426,C100352,1998-03-02,F,DELHI,,10-Feb-2024,001206,329.1
T501177,C100094,20/03/1981,f,Bangalore,50521.45,27-May-2024,140259,1090.09
T502641,C100211,1976-07-08,,AHMEDABAD,"98,676.94",2024-10-29,090259,5148.19
T504708,C100428,17-03-81,Male,Pune,"163,084.05",12/12/2024,002203,3562.12
T502592,C100486,07/04/1993,F,PUNE,3302.51,15/05/2024,045944,647.41
T505788,C100567,23-01-92,Female,NAGPUR,"Rs. 11,762.16",19/07/2024,150327,"INR 2,256.54"
T500630,C100441,26/01/1973,M,LUCKNOW,"109,974.75",09-Jul-2024,161715,5575.86
T504684,C100766,11/12/2004,F,Hyderabad,73693.65,05/03/2024,124701,1020.27
T504808,C100795,1986-10-21,female,Pune,"Rs. 43,684.44",18-May-2024,201753,933.18
T503260,C100564,18/09/1959,Female,Ahmedabad,"33,632.16",13-Jan-2024,040459,1226.1
T504673,C100144,03/01/1996,F,Chennai,"63,913.10",2024-05-12,175820,8037.54
T500333,C100730,1987-07-18,F,,25757.03,2024-12-06,154053,1331.58
T503432,C100618,10/10/1967,Female,  Surat,29639.57,14-May-2024,224438,1863.82
T503591,C100032,16/10/1977,female,Kolkata,"27,810.10",2024-06-29,070937,10399.04
T503477,C100390,18-11-59,f,DELHI,5005.43,02/02/2024,140507,742.69
T502683,C100493,0000-00-00,F,AHMEDABAD,"Rs. 102,129.94",11/09/2024,135337,3434.77
T503380,C100734,1985-06-24,F,Pune,"29,158.72",30-Sep-2024,034106,1872.38
T501614,C100742,03-10-70,,mumbai ,"Rs. 4,402.93",22/02/2024,233234,1404.64
T505892,C100666,20-11-04,female,Mumbai,,08/02/2024,074604,2085.36
T504544,C100255,1959-12-07,female,PUNE,,22/09/2024,145536,3634.47
T505292,C100122,23-09-97,male,  Surat,"15,789.94",2024-04-01,085339,INR 522.12
T502156,C100051,21/02/1976,m,PUNE,"169,367.84",2024-10-06,020950,5443.41
T504744,C100477,08/08/1992,M,Ahmedabad,"Rs. 72,921.71",25-Jan-2024,221459,3879.59
T504411,C100750,20-09-76,M,MUMBAI,"Rs. 140,121.33",2024-01-24,044259,5006.97
T503932,C100687,23/01/1961,F,JAIPUR,,2024-02-25,113733,141.12
T501742,C100601,26/01/1967,m,Bengaluru,5370.73,14-May-2024,023438,1714.3
T504985,C100385,04-09-86,female,PUNE,31830.7,2024-03-30,022722,4765.14
T504619,C100033,14-10-55,F,Chennai,54600.09,2024-08-09,192427,5073.83
T503360,C100033,14-10-55,F,Chennai,54600.09,03-Feb-2024,153451,1423.36
T501877,C100514,1975-04-12,,KOLKATA,"Rs. 51,367.71",05/11/2024,122410,36011.0
T500384,C100301,1990-12-15,female,Delhi,30265.49,20-Mar-2024,110650,3612.9
T502089,C100669,14/01/1976,F,Hyderabad,,17/01/2024,162902,INR 284.35
T505494,C100798,01/02/2000,male,DELHI,"17,004.51",06/02/2024,174008,629.59
T502162,C100433,04/10/1963,m,mumbai ,11449.4,09-Dec-2024,160149,348.84
T504752,C100723,05/06/1971,male,  Surat,"78,759.05",2024-04-24,193748,3548.09
T501923,C100395,2001-02-20,f,Kolkata,"Rs. 30,084.28",2024-11-26,113048,"INR 1,437.77"
T505288,C100770,02/12/1995,female,JAIPUR,,06/01/2024,022114,561.73
T502841,C100592,1965-07-19,Male,  Surat,"57,107.77",2024-03-22,221452,345533.0
T500287,C100585,20-01-65,F,CHENNAI,"Rs. 51,724.58",02-Nov-2024,070014,1495.15
T502212,C100055,23/01/2001,m,LUCKNOW,"Rs. 39,750.83",24-May-2024,150441,953.98
T505346,C100116,1960-09-25,female,Pune,220401.55,2024-07-16,185515,7872.12
T504806,C100293,13-05-89,Male,BANGALORE,"10,023.20",21-Jan-2024,120447,38.21
T504540,C100112,1984-02-13,,CHENNAI,,16/02/2024,215830,816.79
T502369,C100344,1963-04-13,,,4994.06,15/07/2024,054212,442.61
T503475,C100343,11-02-92,female,mumbai ,"60,102.72",12-Sep-2024,150141,2657.0
T504044,C100073,26/10/1997,,Pune,"Rs. 3,393.42",21-Feb-2024,183037,951.24
T500027,C100740,22-08-78,F,JAIPUR,,30/05/2024,142821,548.53
T503950,C100056,20/08/1973,M,CHENNAI,"Rs. 116,022.67",2024-02-20,081252,4580.9
T504439,C100280,1996-03-06,male,KOLKATA,"61,078.77",13/07/2024,143800,12148.06
T501109,C100383,20/04/1990,m,Bangalore,38999.36,22-Sep-2024,002923,1205.1
T503816,C100641,15-09-04,M,PUNE,"23,713.23",25-Apr-2024,073048,-85.28
T503179,C100080,1998-06-05,m,BANGALORE,772078.46,2024-05-22,180142,6252.4
T503568,C100280,1996-03-06,male,KOLKATA,"61,078.77",08-Feb-2024,194244,2164.52
T503158,C100691,13/08/1998,m,Pune,,2024-05-06,140606,3635.38
T501224,C100339,20/04/1966,male,PUNE,"Rs. 62,182.35",08-Jan-2024,125110,9779.78
T504866,C100346,22/08/1993,M,PUNE,"134,207.78",20/09/2024,012452,3057.61
T505727,C100798,01/02/2000,male,DELHI,"17,004.51",19-May-2024,074847,542.42
T503781,C100279,1957-08-17,Male,Jaipur,"45,765.21",17-Feb-2024,134255,"INR 2,786.20"
T500755,C100468,04-04-68,Male,Chennai,84203.67,09/06/2024,040142,8627.67
T504539,C100344,1963-04-13,,,4994.06,01/02/2024,095044,994.14
T502176,C100514,1975-04-12,,KOLKATA,"Rs. 51,367.71",2024-10-29,085624,INR 330.43
T500525,C100423,23/10/2004,M,CHENNAI,"138,103.22",13/04/2024,173714,"INR 1,539.67"
T504560,C100177,13-12-68,,AHMEDABAD,208320.55,14/11/2024,130739,8981.11
T505982,C100724,07-07-82,,Delhi,41634.26,2024-02-23,070718,2510.78
T505721,C100429,17-05-92,F,Delhi,"40,293.13",05-Sep-2024,005926,4069.73
T503879,C100105,18/10/1995,F,LUCKNOW,21507.37,2024-09-09,070736,2341.42
T500506,C100057,21/12/1998,Male,Hyderabad,"108,663.77",2024-07-09,161435,
T505893,C100699,15/11/2003,female,KOLKATA,20709.46,28/04/2024,082423,2348.31
T504916,C100214,1998-09-06,F,LUCKNOW,"Rs. 68,205.42",02/09/2024,161946,3821.81
T502062,C100492,20-09-66,male,KOLKATA,"3,109.69",2024-05-12,215722,638.44
T501223,C100285,17-08-91,F,Pune,"63,464.25",2024-11-30,204032,298.19
T502444,C100591,1975-05-16,Male,Jaipur,"31,294.72",2024-03-31,001628,551.08
T503508,C100527,19-04-72,male,AHMEDABAD,"Rs. 6,830.51",2024-03-01,224619,1069.86
T504583,C100514,1975-04-12,,KOLKATA,"Rs. 51,367.71",16/02/2024,120152,
T503312,C100149,2004-10-19,f,mumbai ,31910.38,2024-06-07,151208,
T504161,C100233,23/03/1962,male,,,2024-11-02,173528,698.77
T501695,C100737,03/06/1961,f,Delhi,"Rs. 71,291.17",2024-09-04,003929,2062.37
T501449,C100299,2003-07-15,Male,Jaipur,,31-Jul-2024,033302,843.8
T505660,C100389,1975-12-07,F,Kolkata,,16-Mar-2024,015550,9871.63
T503067,C100321,06-06-63,Male,Bangalore,66868.65,2024-10-27,021834,1612.53
T501626,C100071,04-06-01,male,Pune,"Rs. 7,466.77",13/12/2024,183208,941.42
T501264,C100184,10-07-88,f,BANGALORE,45597.09,2024-10-24,162221,563.02
T503969,C100687,23/01/1961,F,JAIPUR,,2024-10-12,165305,909.9
T505440,C100517,2001-06-26,male,JAIPUR,"53,788.28",20-Oct-2024,230130,4843.31
T500877,C100352,1998-03-02,F,DELHI,,12-May-2024,074052,2646.07
T505959,C100634,04/06/1987,female,mumbai ,"Rs. 31,133.41",2024-11-27,100451,1697.53
T503478,C100094,20/03/1981,f,Bangalore,50521.45,19-Oct-2024,122211,8598.39
T500481,C100150,10-08-01,f,KOLKATA,"Rs. 80,031.58",24/08/2024,000126,1991.17
T505652,C100176,03/08/2003,M,JAIPUR,"26,967.93",27/12/2024,232155,"INR 6,463.25"
T502552,C100730,1987-07-18,F,,25757.03,2024-03-05,191211,278.41
T505656,C100217,16-02-60,Male,Pune,"Rs. 18,308.71",04/06/2024,082954,1226.52
T503129,C100736,1994-08-24,m,Mumbai,21365.93,2024-01-21,131627,224.44
T502918,C100711,1956-06-23,male,Hyderabad,"10,669.16",2024-05-06,083352,235.57
T505862,C100762,05-04-72,f,CHENNAI,,14-Feb-2024,193130,1274.2
T504546,C100190,06/11/1979,male,Jaipur,"Rs. 39,923.71",12/03/2024,010909,3246.0
T502314,C100223,01-11-75,female,NAGPUR,7196.01,01/11/2024,191651,5153.56
T505872,C100700,06-03-88,Male,Pune,,07-Sep-2024,141824,3434.05
T500941,C100729,18-06-74,M,LUCKNOW,"264,299.97",29-Apr-2024,190323,6086.67
T505742,C100139,09-08-90,Male,Jaipur,"34,813.10",27/02/2024,143812,3439.21
T505829,C100572,1969-09-12,F,Mumbai,"8,282.21",21-Jun-2024,190826,112.8
T502185,C100278,16/05/1989,male,BANGALORE,"113,740.31",06-Nov-2024,204818,INR 105.91
T503237,C100078,19/07/1963,female,Chennai,51575.85,31-Mar-2024,154057,351.26
T505716,C100550,19/08/1986,f,Mumbai,"121,126.01",24/05/2024,140312,5433.97
T501809,C100215,25-01-62,Male,Jaipur,51679.23,16/05/2024,014405,3606.54
T505628,C100613,21/02/1972,,,"22,232.68",2024-04-09,012914,202.88
T501165,C100788,17/10/1965,male,Bengaluru,"Rs. 40,994.26",25-Apr-2024,213440,2786.3
T500204,C100291,1975-08-14,Female,Pune,,2024-10-05,075612,2849.38
T503689,C100664,09/01/1987,,Mumbai,99475.96,16-Aug-2024,141006,INR 851.60
T505473,C100100,05-03-84,female,Bengaluru,21883.94,2024-03-24,033648,466.26
T503509,C100150,10-08-01,f,KOLKATA,"Rs. 80,031.58",2024-07-26,021056,1273.25
T501162,C100565,19/09/2004,f,BANGALORE,"67,225.87",09-Feb-2024,031216,"INR 1,656.75"
T502729,C100742,03-10-70,,mumbai ,"Rs. 4,402.93",13/06/2024,083342,1264.86
T501600,C100255,1959-12-07,female,PUNE,,22-Oct-2024,085646,2906.43
T500086,C100203,01/02/2002,female,KOLKATA,3361.7,19-Oct-2024,141759,946.46
T504323,C100441,26/01/1973,M,LUCKNOW,"109,974.75",13-Nov-2024,030612,109.68
T502207,C100750,20-09-76,M,MUMBAI,"Rs. 140,121.33",2024-12-02,173340,1997.8
T503046,C100218,1979-01-08,male,AHMEDABAD,"Rs. 470,799.86",14/05/2024,170517,364.03
T500364,C100147,17-03-97,male,Mumbai,"34,392.46",2024-03-09,231921,"INR 4,095.98"
T503980,C100353,2001-08-12,m,Pune,,15/01/2024,162800,2150.02
T504221,C100094,20/03/1981,f,Bangalore,50521.45,2024-04-30,182516,123.33
T504945,C100343,11-02-92,female,mumbai ,"60,102.72",20-Mar-2024,210053,907.57
T501292,C100551,1967-07-13,M,mumbai ,13935.52,2024-04-05,230125,910.49
T503975,C100015,1994-04-22,M,MUMBAI,,04-May-2024,190259,2318.48
T505998,C100346,22/08/1993,M,PUNE,"134,207.78",2024-03-21,054301,7624.33
T505616,C100748,05/07/1989,male,mumbai ,"Rs. 63,573.89",04/07/2024,182014,4635.43
T500999,C100003,1961-03-26,,Kolkata,"Rs. 48,217.77",2024-02-21,052530,1141.2
T503172,C100368,1991-10-16,F,Jaipur,"144,315.15",04/04/2024,071659,5831.12
T501036,C100414,2002-02-15,F,PUNE,"61,143.12",05-Aug-2024,021231,7396.96
T505554,C100049,07-11-02,f,Pune,"Rs. 26,295.53",2024-08-08,015902,4020.95
T502802,C100252,21-06-02,,Jaipur,,04-Sep-2024,140524,565.04
T502694,C100638,15-09-86,Female,CHENNAI,39836.78,2024-10-07,093710,5042.56
T501336,C100091,1994-12-19,f,Kolkata,138944.05,2024-10-15,012923,3000.41
T500995,C100529,1991-11-11,F,Bengaluru,"104,328.62",2024-08-06,051306,1469.67
T500220,C100053,11/05/1970,f,DELHI,"Rs. 22,837.27",2024-05-13,223528,724.18
T502401,C100352,1998-03-02,F,DELHI,,2024-11-08,091844,7314.86
T504309,C100729,18-06-74,M,LUCKNOW,"264,299.97",13-Apr-2024,123432,-7611.31
T503821,C100572,1969-09-12,F,Mumbai,"8,282.21",03/12/2024,105206,300849.0
T500249,C100476,1964-07-27,female,PUNE,66112.87,2024-04-14,060426,5132.98
T502007,C100680,1964-12-27,male,Chennai,83125.23,2024-07-18,144642,1786.21
T505433,C100733,2001-05-03,f,BANGALORE,"Rs. 244,077.09",30-Mar-2024,031721,1174.63
T501886,C100585,20-01-65,F,CHENNAI,"Rs. 51,724.58",14-Apr-2024,223926,1315.13
T504612,C100389,1975-12-07,F,Kolkata,,16/07/2024,032846,645.82
T504649,C100619,27/10/1979,F,Jaipur,"618,590.11",04/03/2024,103331,"INR 7,962.11"
T503466,C100195,1999-11-25,F,LUCKNOW,,02/06/2024,154808,820.68
T502538,C100796,13-01-85,F,CHENNAI,22196.84,2024-06-23,214202,2654.71
T505745,C100331,09-04-84,Male,Delhi,139917.52,2024-10-12,235911,8353.98
T504699,C100225,09/10/1991,m,Chennai,"181,650.06",2024-05-20,011509,3642.83
T500591,C100520,1979-07-13,male,Bengaluru,"Rs. 57,394.34",26-Jan-2024,022906,INR 661.71
T504898,C100261,11/11/1960,,AHMEDABAD,4697.32,21-Jul-2024,232744,1278.1
T502202,C100093,15/10/1965,f,,"157,865.54",2024-01-04,162538,4782.93
T502225,C100260,05-07-82,M,Mumbai,"47,216.74",15-Sep-2024,142735,552.18
T502259,C100483,2004-08-13,male,Mumbai,,06-Dec-2024,055916,6107.82
T500518,C100705,03/12/1964,f,Bengaluru,"92,850.20",2024-07-27,213928,"INR 1,176.75"
T503104,C100548,07/08/1982,Female,NAGPUR,"53,292.45",23-May-2024,120819,"INR 2,998.30"
T504062,C100338,1977-03-17,M,Chennai,"34,108.53",26/09/2024,154127,3192.49
T503045,C100760,14/03/1974,F,mumbai ,286147.6,26-Nov-2024,001454,10391.09
T501650,C100501,02-01-74,f,DELHI,"98,637.64",2024-12-05,130630,INR 794.69
T505495,C100327,1959-06-23,,Bangalore,,27-Apr-2024,222530,"INR 1,614.63"
T505808,C100569,06/08/1967,,KOLKATA,,2024-03-06,160916,5007.87
T501274,C100776,1964-07-01,female,Bangalore,"Rs. 31,244.52",29/06/2024,111113,3781.61
T501816,C100174,1972-07-21,m,Bengaluru,97279.18,12/11/2024,000133,1161.22
T502634,C100254,08/06/1964,Female,Ahmedabad,184790.05,2024-02-10,071516,6316.95
T501327,C100432,23-09-63,f,Jaipur,,2024-02-19,234540,1450.11
T505275,C100484,1984-05-17,male,JAIPUR,12346.88,20/12/2024,170815,
T500043,C100094,20/03/1981,f,Bangalore,50521.45,2024-12-04,190818,10182.88
T500007,C100146,20/10/1976,male,MUMBAI,"113,306.25",2024-05-15,145313,2613.71
T500480,C100252,21-06-02,,Jaipur,,26/09/2024,053242,373.27
T500471,C100257,21-11-70,,JAIPUR,88380.56,15-Feb-2024,083814,614.68
T502237,C100021,1996-01-24,m,Hyderabad,51078.01,16-Jun-2024,173242,1242.1
T504676,C100563,17-08-73,,DELHI,,06-Feb-2024,113002,1448.92
T504586,C100573,1976-01-19,male,Hyderabad,41943.84,23/10/2024,235347,2746.67
T500654,C100334,05/05/1992,,Kolkata,"Rs. 92,365.78",23/08/2024,013656,5603.47
T504293,C100788,17/10/1965,male,Bengaluru,"Rs. 40,994.26",03/05/2024,191006,3216.61
T505557,C100071,04-06-01,male,Pune,"Rs. 7,466.77",12-Jun-2024,034355,1854.55
T500464,C100532,2004-12-08,M,Ahmedabad,,04-Apr-2024,035017,16918.66
T503902,C100670,26/10/1983,female,MUMBAI,371867.09,21/06/2024,002613,1106.03
T501691,C100703,1984-05-15,female,Jaipur,"Rs. 125,815.19",25/01/2024,031813,1272.73
T500697,C100110,04-06-04,,Chennai,"188,084.65",07/04/2024,144913,269.21
T502230,C100339,20/04/1966,male,PUNE,"Rs. 62,182.35",24-Oct-2024,223006,12326.52
T504286,C100555,27-03-93,female,Ahmedabad,"66,420.28",2024-11-17,222359,2359.36
T502695,C100593,09-05-75,Male,Ahmedabad,77632.67,19-Sep-2024,182106,2160.37
T500065,C100337,24/03/1987,F,AHMEDABAD,120535.8,01-Apr-2024,151846,2079.34
T501348,C100717,1983-04-25,F,mumbai ,,17-Jan-2024,065600,6933.86
T502415,C100221,1977-02-09,f,Kolkata,"Rs. 26,363.02",01-Jan-2024,111011,-600.43
T502480,C100006,1990-05-02,female,Bangalore,"Rs. 40,563.16",2024-09-20,222605,2026.54
T502149,C100237,10-10-56,Male,PUNE,,13/03/2024,234219,7849.19
T505058,C100745,16/11/2002,Female,AHMEDABAD,53359.6,07-Apr-2024,085231,505.21
T505836,C100436,06-10-60,F,Jaipur,"Rs. 93,354.27",2024-06-21,182212,-2414.93
T504385,C100083,11-01-60,f,Hyderabad,"7,606.81",05/10/2024,223640,1099.43
T505690,C100426,20/12/2001,female,Kolkata,64167.81,30/11/2024,024045,2047.59
T502047,C100151,1955-06-05,Male,Kolkata,"Rs. 83,391.84",2024-10-25,040002,4087.41
T503852,C100733,2001-05-03,f,BANGALORE,"Rs. 244,077.09",01/10/2024,011018,7874.3
T504588,C100443,13/05/2004,Female,NAGPUR,102909.31,2024-11-25,075727,963.46
T500849,C100411,1980-10-24,F,LUCKNOW,"2,108.17",28/08/2024,012742,853.86
T504347,C100177,13-12-68,,AHMEDABAD,208320.55,18/07/2024,025129,3376.38
T503965,C100353,2001-08-12,m,Pune,,2024-06-08,121936,2995.09
T500417,C100491,1974-05-21,Female,Pune,"Rs. 8,845.00",24/03/2024,073825,264.16
T503718,C100232,1984-12-23,,CHENNAI,41614.26,02/11/2024,043840,3045.59
T504745,C100172,18-12-91,,LUCKNOW,180835.83,29-Dec-2024,140254,3200.47
T502285,C100142,20-07-97,female,Jaipur,,2024-02-23,155204,318.13
T502549,C100239,1978-02-10,male,CHENNAI,"Rs. 30,783.15",12/07/2024,124415,2675.76
T505497,C100179,18-09-93,female,BANGALORE,"4,962.98",15-Feb-2024,140536,216.59
T501922,C100787,22-04-97,F,Delhi,"16,021.57",2024-05-24,183558,869.8
T502570,C100508,21-11-89,male,JAIPUR,"Rs. 6,654.10",10-Mar-2024,211158,500.6
T505300,C100642,16/06/2004,m,  Surat,"Rs. 10,108.04",19-Feb-2024,144648,722.82
T505939,C100470,05-02-97,F,NAGPUR,155474.78,05-Jun-2024,173512,3587.34
T502102,C100476,1964-07-27,female,PUNE,66112.87,29-Apr-2024,152911,2721.43
T505741,C100623,1972-07-11,female,NAGPUR,,29/11/2024,161407,120294.0
T504783,C100026,1980-06-13,f,Bangalore,"42,425.02",2024-01-24,210240,873.79
T505903,C100267,24/03/1964,F,Bengaluru,"Rs. 100,432.83",31/10/2024,082700,455.64
T503663,C100731,1992-02-17,M,HYDERABAD,,21/08/2024,135716,3334.04
T501481,C100772,12-01-75,Female,Chennai,"Rs. 14,449.91",03-Apr-2024,151643,INR 371.29
T500382,C100640,22/11/2003,male,AHMEDABAD,,17/03/2024,042543,
T504995,C100588,2003-09-24,,KOLKATA,"Rs. 10,922.29",27-Jun-2024,061707,2794.21
T500029,C100328,1993-09-23,f,mumbai ,"138,849.89",14/10/2024,114419,1569.66
T503811,C100774,23-09-67,f,Pune,"Rs. 10,948.71",14/05/2024,121802,1601.25
T504996,C100164,1997-11-15,Female,DELHI,"20,966.32",2024-05-15,235324,"INR 729,326.00"
T500321,C100573,1976-01-19,male,Hyderabad,41943.84,20-Aug-2024,174637,2550.09
T505274,C100684,09-11-67,,AHMEDABAD,"27,777.54",2024-12-27,152455,876.59
T503697,C100631,15/03/1970,M,DELHI,"47,693.35",02-Nov-2024,000637,2321.6
T504325,C100205,14/04/1967,female,Pune,"35,559.48",03/03/2024,030541,
T503684,C100449,09-08-01,Male,CHENNAI,,18/09/2024,054144,"INR 6,397.97"
T503344,C100688,21/10/2001,Male,Hyderabad,"Rs. 28,109.11",06-Nov-2024,171447,735.16
T504272,C100463,18/05/1963,m,NAGPUR,11964.39,17-Sep-2024,033206,
T500136,C100328,1993-09-23,f,mumbai ,"138,849.89",01-Jan-2024,213102,"INR 8,879.49"
T504388,C100490,23-01-92,m,LUCKNOW,,23/07/2024,203025,557.05
T505369,C100125,1962-01-08,Male,mumbai ,"17,605.36",26-Nov-2024,000343,656.38
T503944,C100252,21-06-02,,Jaipur,,21-May-2024,194303,1275.15
T505726,C100541,13-01-74,male,Ahmedabad,"186,265.55",14/03/2024,173759,1532.48
T505803,C100317,05-03-83,,  Surat,"27,760.80",26/10/2024,152451,2201.36
T503280,C100291,1975-08-14,Female,Pune,,2024-12-21,043517,653.61
T502947,C100723,05/06/1971,male,  Surat,"78,759.05",29-Dec-2024,120802,699.57
T503185,C100301,1990-12-15,female,Delhi,30265.49,18/11/2024,235805,2530.3
T503167,C100276,02/08/2000,,Jaipur,56892.89,19/08/2024,135332,1644.4
T500097,C100632,02/08/1999,Female,Chennai,70747.64,2024-12-21,144008,13537.19
T504912,C100501,02-01-74,f,DELHI,"98,637.64",17/02/2024,105619,557.1
T502429,C100707,17-12-93,f,DELHI,19040.78,2024-06-24,055239,"INR 2,032.72"
T502245,C100272,2035-01-01,female,PUNE,10046.68,2024-05-25,040145,130.92
T502076,C100246,11/12/1992,Male,Delhi,459949.04,25/02/2024,230212,2913.64
T500447,C100797,09-08-84,F,LUCKNOW,"21,946.42",2024-11-07,080341,754.47
T500014,C100697,1969-10-22,male,Mumbai,,2024-06-07,055507,971.01
T504436,C100252,21-06-02,,Jaipur,,2024-09-09,054841,549.84
T501215,C100239,1978-02-10,male,CHENNAI,"Rs. 30,783.15",17-Jan-2024,213507,2998.03
T503794,C100641,15-09-04,M,PUNE,"23,713.23",04-Feb-2024,045643,567.81
T504288,C100343,11-02-92,female,mumbai ,"60,102.72",2024-08-15,140612,4559.98
T502342,C100671,18/02/1957,M,mumbai ,60107.96,03/01/2024,044737,"INR 5,506.50"
T500286,C100663,24/03/1961,m,,"600,713.48",2024-02-18,110359,6970.17
T503843,C100402,06-11-03,m,Delhi,"104,593.33",08-Apr-2024,131821,3331.89
T504218,C100776,1964-07-01,female,Bangalore,"Rs. 31,244.52",07/12/2024,212251,4198.4
T502312,C100499,19-11-63,male,Hyderabad,"29,516.20",19-Oct-2024,212140,3025.18
T502859,C100517,2001-06-26,male,JAIPUR,"53,788.28",29-Jul-2024,102850,3150.23
T500779,C100737,03/06/1961,f,Delhi,"Rs. 71,291.17",2024-06-22,231058,826.44
T505778,C100628,03/09/1990,M,Pune,109284.74,2024-10-19,083228,758.31
T504019,C100441,26/01/1973,M,LUCKNOW,"109,974.75",2024-02-01,050658,451.81
T502052,C100738,1983-12-12,female,  Surat,7716.93,2024-10-17,104942,1275.31
T504028,C100001,03/03/1976,,AHMEDABAD,"43,869.35",2024-11-23,170006,2945.61
T505098,C100248,12/05/1970,m,Kolkata,"89,559.95",05-Apr-2024,101150,3966.97
T505486,C100471,1963-03-11,Male,Bangalore,,22-Aug-2024,115858,3733.03
T500165,C100416,20/10/1988,Male,JAIPUR,77721.72,2024-10-15,053729,267.02
T500660,C100010,1989-06-09,f,Kolkata,"Rs. 239,001.20",09/05/2024,065457,-9805.75
T503108,C100452,27/10/1966,female,MUMBAI,33276.34,27/09/2024,011453,2606.06
T501339,C100106,05-04-68,M,DELHI,"60,836.59",17/01/2024,024549,971.8
T501138,C100483,2004-08-13,male,Mumbai,,2024-06-03,212352,4748.69
T502618,C100028,26/05/1973,,HYDERABAD,,2024-11-11,093652,4082.09
T502216,C100618,10/10/1967,Female,  Surat,29639.57,09-Oct-2024,003654,3509.06
T502188,C100613,21/02/1972,,,"22,232.68",2024-06-13,162842,196.9
T503832,C100400,17/12/1961,female,Pune,,09-Jul-2024,222438,3196.3
T505264,C100664,09/01/1987,,Mumbai,99475.96,10-Aug-2024,101130,4493.79
T500299,C100670,26/10/1983,female,MUMBAI,371867.09,07/07/2024,184108,2449.9
T501615,C100385,04-09-86,female,PUNE,31830.7,17/02/2024,045127,3633.3
T504902,C100773,10-04-82,,KOLKATA,,2024-09-24,153839,"INR -2,627.91"
T501133,C100182,1997-04-19,F,CHENNAI,,12/02/2024,214227,1409.49
T503081,C100680,1964-12-27,male,Chennai,83125.23,06/01/2024,193906,2269.55
T503142,C100294,1977-04-19,Female,HYDERABAD,,31-Jul-2024,153431,2018.15
T501937,C100030,2003-10-13,male,Delhi,14152.67,05/04/2024,234533,1215.17
T501048,C100266,05/08/1960,f,  Surat,"201,021.76",25-May-2024,121447,1658.47
T505442,C100726,1966-04-07,m,KOLKATA,"Rs. 213,622.83",24/12/2024,095201,"INR 2,217.76"
T505625,C100538,1970-11-08,Male,Ahmedabad,,16-Apr-2024,174100,163.64
T500846,C100668,21-07-78,Female,Bangalore,"99,681.03",04-Mar-2024,191112,"INR 2,971.60"
T500251,C100349,,Female,PUNE,"397,135.49",2024-07-06,150436,4577.09
T503034,C100381,2000-06-26,Female,AHMEDABAD,"34,569.41",12/09/2024,055510,5705.86
T501027,C100280,1996-03-06,male,KOLKATA,"61,078.77",11/03/2024,144803,5467.72
T500806,C100146,20/10/1976,male,MUMBAI,"113,306.25",09/02/2024,055120,3736.36
T501552,C100757,16-06-64,,NAGPUR,"Rs. 128,307.71",2024-02-22,202857,"INR 4,514.61"
T500031,C100132,13-02-62,,Delhi,,27-Dec-2024,043917,764.42
T500715,C100636,07/07/1969,female,  Surat,"Rs. 52,253.95",22/03/2024,230705,1065.95
T502384,C100560,01-01-1900,female,Jaipur,25797.87,27-Jul-2024,131322,2091.92
T504315,C100174,1972-07-21,m,Bengaluru,97279.18,2024-07-20,055641,8526.16
T505904,C100693,11/10/1988,f,Jaipur,"247,886.54",01/05/2024,184047,5226.59
T503599,C100534,21/09/1980,Female,MUMBAI,,25-Sep-2024,025449,834.58
T505255,C100459,20/07/1999,,LUCKNOW,"5,482.84",16-Feb-2024,221240,561.76
T503459,C100189,16/02/1969,female,MUMBAI,"7,756.98",2024-04-15,192344,-3230.7
T504431,C100749,1/1/1800,m,Mumbai,"372,624.79",24/12/2024,081540,12360.38
T501044,C100062,16/02/1976,Male,Mumbai,6698.94,21-Nov-2024,035635,401.94
T502144,C100357,06/01/1977,female,MUMBAI,76877.42,13-Jan-2024,202634,524.94
T502489,C100586,03-01-02,,HYDERABAD,69749.17,15/02/2024,035436,2163.25
T503244,C100292,1/1/1800,female,MUMBAI,"9,547.79",25-Aug-2024,233342,743.26
T503191,C100355,11-08-77,m,Pune,,2024-02-23,214556,1197.79
T504558,C100693,11/10/1988,f,Jaipur,"247,886.54",18/09/2024,234924,1966.5
T504640,C100415,05/08/1964,m,BANGALORE,"Rs. 81,774.91",18-Jul-2024,190128,1193.36
T503987,C100275,04/05/1965,female,BANGALORE,"175,954.66",2024-06-10,051143,15240.78
T500330,C100161,1999-05-26,Male,LUCKNOW,68566.76,17/09/2024,005924,1603.13
T505535,C100425,10/04/1986,,MUMBAI,"59,725.38",10-Dec-2024,020813,INR 961.70
T503510,C100504,1999-12-20,M,Jaipur,97634.59,25/10/2024,025016,
T500861,C100350,06/05/1984,Male,Bengaluru,,2024-01-16,225309,2723.95
T501198,C100219,21/11/1997,female,Bengaluru,20875.12,2024-05-02,163922,1062.66
T503951,C100292,1/1/1800,female,MUMBAI,"9,547.79",2024-10-07,180246,1217.59
T501088,C100431,15-04-62,male,  Surat,"10,914.09",01/08/2024,185721,597.92
T504219,C100105,18/10/1995,F,LUCKNOW,21507.37,2024-04-06,204519,303.47
T502515,C100487,18-04-93,Male,DELHI,"5,364.64",02-Jan-2024,184449,413.23
T500003,C100663,24/03/1961,m,,"600,713.48",09-Jul-2024,170713,10373.0
T503757,C100525,1969-10-05,F,CHENNAI,"212,533.64",23/04/2024,205943,6364.32
T503724,C100735,1971-02-11,,Hyderabad,"55,080.47",2024-11-21,142855,1244.32
T505994,C100244,24-09-83,female,DELHI,,06-Nov-2024,123748,2328.23
T504040,C100310,23-08-84,male,HYDERABAD,"323,760.11",26/09/2024,060732,6218.54
T502459,C100084,2001-10-25,Male,,,2024-08-19,032656,1186.6
T500549,C100094,20/03/1981,f,Bangalore,50521.45,21/08/2024,234813,9323.14
T505019,C100398,14-03-94,male,LUCKNOW,"Rs. 16,335.93",12-Oct-2024,093238,1764.26
T504524,C100587,27-07-91,m,mumbai ,"18,400.96",02/06/2024,062019,1258.09
T500385,C100753,05/12/1958,Male,Ahmedabad,,06-Jul-2024,034943,2487.7
T501471,C100750,20-09-76,M,MUMBAI,"Rs. 140,121.33",29/07/2024,132235,2374.79
T501234,C100439,08/03/1967,female,BANGALORE,"Rs. 48,286.94",12/06/2024,162105,4887.38
T501154,C100739,1975-09-21,F,JAIPUR,"6,681.50",12-May-2024,234050,1156.54
T501401,C100759,08-06-83,f,,,13/04/2024,124630,
T500918,C100112,1984-02-13,,CHENNAI,,2024-08-31,060450,708.03
T502348,C100449,09-08-01,Male,CHENNAI,,13-May-2024,041535,5174.39
T505268,C100613,21/02/1972,,,"22,232.68",20/02/2024,031032,373.87
T503660,C100200,07/09/1984,f,Pune,"99,008.06",2024-05-04,182921,4558.7
T505544,C100480,08-09-93,F,MUMBAI,"Rs. 37,940.98",2024-08-01,102054,1900.97
T502601,C100781,07-12-64,f,LUCKNOW,,05/02/2024,215623,74.06
T505243,C100679,10-11-58,m,Kolkata,39458.8,17-Nov-2024,225707,1402.46
T501821,C100796,13-01-85,F,CHENNAI,22196.84,03-Jun-2024,084216,2188.18
T500467,C100331,09-04-84,Male,Delhi,139917.52,2024-11-06,082535,5467.48
T501492,C100443,13/05/2004,Female,NAGPUR,102909.31,2024-04-11,224838,1544.9
T505584,C100561,26-08-91,F,Mumbai,"Rs. 39,563.93",2024-01-31,031451,876.94
T504170,C100151,1955-06-05,Male,Kolkata,"Rs. 83,391.84",20/12/2024,061034,16894.85
T505693,C100405,1959-09-13,m,NAGPUR,"Rs. 5,646.11",24-Dec-2024,082221,1900.99
T504900,C100347,13/10/1963,m,mumbai ,"37,311.99",2024-05-14,045720,468.23
T503754,C100385,04-09-86,female,PUNE,31830.7,2024-03-18,233928,2726.43
T501888,C100708,27/01/1964,m,Kolkata,"48,367.85",07/03/2024,084203,847.83
T504830,C100295,24-01-70,m,Bangalore,"Rs. 25,848.99",01/09/2024,035959,430.52
T503128,C100042,1968-11-12,Male,mumbai ,41014.43,2024-07-03,122618,3172.06
T502487,C100291,1975-08-14,Female,Pune,,18-Jul-2024,054932,3057.55
T504653,C100693,11/10/1988,f,Jaipur,"247,886.54",2024-08-06,032950,2314.34
T500021,C100750,20-09-76,M,MUMBAI,"Rs. 140,121.33",2024-06-08,221808,13475.92
T505970,C100140,1964-06-15,,KOLKATA,699519.01,20/08/2024,114152,INR 405.83
T504580,C100758,16/09/1995,f,Pune,8457.46,12-Sep-2024,120415,2625.98
T500234,C100230,2035-01-01,Female,Chennai,"Rs. 17,144.19",20/06/2024,192129,5307.31
T505760,C100593,09-05-75,Male,Ahmedabad,77632.67,23-Feb-2024,203611,7964.42
T503275,C100237,10-10-56,Male,PUNE,,13-Jan-2024,060756,8273.09
T502403,C100574,03-10-85,m,Mumbai,"11,779.17",30-May-2024,210918,
T503592,C100349,,Female,PUNE,"397,135.49",06-Sep-2024,154744,27405.3
T501314,C100097,26/02/1991,f,PUNE,6498.69,05/04/2024,084023,990.32
T505185,C100404,04-05-64,m,Kolkata,"Rs. 17,067.98",05-Oct-2024,134518,2972.21
T501047,C100620,1967-06-27,,CHENNAI,22920.89,06-Jan-2024,160539,-749.15
T503247,C100054,01-04-73,f,AHMEDABAD,"Rs. 2,705.17",2024-09-13,080156,INR 838.09
T505663,C100027,17-08-89,,AHMEDABAD,"Rs. 11,262.83",11/03/2024,172758,
T504066,C100425,10/04/1986,,MUMBAI,"59,725.38",2024-04-06,184932,
T500810,C100235,21-09-81,female,Pune,"Rs. 15,017.22",09/02/2024,230007,3274.75
T503741,C100421,1985-01-17,Male,Chennai,"123,501.29",10/10/2024,031713,2395.57
T502479,C100749,1/1/1800,m,Mumbai,"372,624.79",18/12/2024,130755,2293.7
T504203,C100541,13-01-74,male,Ahmedabad,"186,265.55",26-Jan-2024,004252,2278.3
T505578,C100386,13-07-73,,JAIPUR,"Rs. 12,445.00",2024-11-28,031636,523.58
T501368,C100428,17-03-81,Male,Pune,"163,084.05",11/03/2024,202524,4356.0
T502668,C100694,15/09/2004,male,Ahmedabad,4580.61,21/12/2024,045930,185.01
T501520,C100597,1972-02-09,female,Pune,30467.88,14/10/2024,080225,-2701.92
T504031,C100619,27/10/1979,F,Jaipur,"618,590.11",10-Jul-2024,125133,7056.32
T505774,C100361,27-03-65,male,Delhi,39185.42,2024-03-03,152753,388.09
T501205,C100111,13/02/1961,f,Bengaluru,31428.6,04-Oct-2024,010132,6691.05
T502332,C100179,18-09-93,female,BANGALORE,"4,962.98",15/01/2024,113751,1931.46
T505435,C100293,13-05-89,Male,BANGALORE,"10,023.20",15/09/2024,173443,"INR 1,223.80"
T503849,C100050,09/01/1981,male,,"Rs. 3,008.14",25-Sep-2024,031232,481.2
T504226,C100019,0000-00-00,,Bengaluru,102437.46,2024-03-24,194304,15081.64
T500955,C100598,1995-02-20,F,Bengaluru,"Rs. 138,205.32",2024-05-14,100116,5037.66
T500859,C100691,13/08/1998,m,Pune,,2024-05-03,175005,4318.03
T502033,C100260,05-07-82,M,Mumbai,"47,216.74",18-Apr-2024,014140,1181.05
T501315,C100147,17-03-97,male,Mumbai,"34,392.46",21/04/2024,055522,7823.67
T502399,C100057,21/12/1998,Male,Hyderabad,"108,663.77",25/11/2024,201946,17557.66
T505177,C100169,1990-12-22,,Ahmedabad,"Rs. 346,738.24",11/05/2024,121725,531.75
T503904,C100746,02/05/1972,M,MUMBAI,66601.54,2024-02-13,225126,420.77
T504897,C100191,02-01-79,M,PUNE,"Rs. 70,003.54",24-Dec-2024,020628,3979.63
T501366,C100568,2035-01-01,,Jaipur,,23-Apr-2024,021925,913.32
T503043,C100092,2000-06-15,m,Ahmedabad,,08/09/2024,074444,5508.13
T503924,C100070,1994-10-17,F,LUCKNOW,"29,489.38",2024-01-30,125511,3395.39
T505173,C100591,1975-05-16,Male,Jaipur,"31,294.72",03/10/2024,181450,"INR 1,901.71"
T502506,C100232,1984-12-23,,CHENNAI,41614.26,27/05/2024,001821,7708.44
T500462,C100116,1960-09-25,female,Pune,220401.55,02-Jun-2024,091028,3941.84
T501573,C100005,1966-11-23,,mumbai ,"Rs. 44,083.60",02-Apr-2024,051444,"INR 5,615.08"
T500308,C100705,03/12/1964,f,Bengaluru,"92,850.20",22-Jan-2024,035527,520.09
T502121,C100572,1969-09-12,F,Mumbai,"8,282.21",31-Jul-2024,010353,557.47
T500579,C100452,27/10/1966,female,MUMBAI,33276.34,2024-11-01,154250,2688.89
T504201,C100764,1966-06-14,M,Jaipur,62112.48,23-Dec-2024,191734,3511.31
T501705,C100149,2004-10-19,f,mumbai ,31910.38,25-Sep-2024,053052,-9040.62
T503786,C100619,27/10/1979,F,Jaipur,"618,590.11",24/09/2024,102109,3394.18
T504669,C100727,1978-08-19,female,JAIPUR,"Rs. 123,863.27",27-Nov-2024,151752,41.22
T502994,C100465,1975-06-04,f,KOLKATA,,20/05/2024,064027,778.84
T502037,C100229,2004-07-25,Female,CHENNAI,47420.96,03/09/2024,024525,2079.1
T505448,C100328,1993-09-23,f,mumbai ,"138,849.89",20/04/2024,160907,-1441.83
T504789,C100521,1962-02-16,Male,Kolkata,56258.99,2024-09-01,213652,978.56
T502095,C100749,1/1/1800,m,Mumbai,"372,624.79",19-Oct-2024,002508,714.45
T500870,C100148,1980-12-03,f,Chennai,,2024-07-02,114441,4247.91
T504881,C100153,04-08-82,f,LUCKNOW,"379,373.89",2024-07-02,052456,23466.92
T504541,C100146,20/10/1976,male,MUMBAI,"113,306.25",12/04/2024,065850,-3656.22
T503049,C100089,10-03-85,m,CHENNAI,,27-Mar-2024,184809,367236.0
T503512,C100583,03-06-58,male,NAGPUR,"71,828.00",03/12/2024,010631,715.2
T502656,C100328,1993-09-23,f,mumbai ,"138,849.89",2024-03-06,061851,6116.29
T504484,C100510,2000-03-08,F,Ahmedabad,"235,563.00",26-Sep-2024,232326,4073.75
T503502,C100596,1972-07-04,Male,mumbai ,"240,531.19",28/03/2024,150251,8963.49
T504357,C100233,23/03/1962,male,,,2024-07-09,165409,-925.25
T500976,C100602,1960-10-01,F,HYDERABAD,"Rs. 6,182.20",2024-07-30,141703,628.48
T503352,C100796,13-01-85,F,CHENNAI,22196.84,05/07/2024,233330,1860.23
T500957,C100532,2004-12-08,M,Ahmedabad,,2024-06-24,230307,1366.5
T503699,C100213,26/03/1989,female,Kolkata,16101.96,23-Jan-2024,230428,2629.59
T501340,C100423,23/10/2004,M,CHENNAI,"138,103.22",31-Jul-2024,233656,15208.69
T501822,C100055,23/01/2001,m,LUCKNOW,"Rs. 39,750.83",14/08/2024,190410,303.25
T502329,C100105,18/10/1995,F,LUCKNOW,21507.37,20/02/2024,095919,4383.95
T501929,C100663,24/03/1961,m,,"600,713.48",16/11/2024,070445,8882.42
T503880,C100520,1979-07-13,male,Bengaluru,"Rs. 57,394.34",30-Oct-2024,212008,1321.95
T505097,C100246,11/12/1992,Male,Delhi,459949.04,02/12/2024,121848,12573.69
T505102,C100345,01-05-83,f,KOLKATA,12276.92,20-Nov-2024,202751,212.75
T500353,C100111,13/02/1961,f,Bengaluru,31428.6,02-Jul-2024,225516,373.29
T501445,C100239,1978-02-10,male,CHENNAI,"Rs. 30,783.15",13/10/2024,123419,1670.63
T502726,C100220,1967-12-16,Female,KOLKATA,"36,055.65",21/02/2024,143550,1963.72
T505687,C100748,05/07/1989,male,mumbai ,"Rs. 63,573.89",30/12/2024,182538,-8494.12
T504256,C100215,25-01-62,Male,Jaipur,51679.23,21/10/2024,215840,INR 966.01
T503200,C100660,09/12/1974,M,CHENNAI,"54,801.46",23-Apr-2024,155357,INR 576.63
T504623,C100111,13/02/1961,f,Bengaluru,31428.6,09-Jan-2024,205948,4372.29
T505306,C100608,1978-11-05,M,NAGPUR,"49,274.28",07-Apr-2024,031132,604.06
T501385,C100011,23/02/1966,M,,15559.6,2024-10-09,000726,2281.83
T505298,C100267,24/03/1964,F,Bengaluru,"Rs. 100,432.83",01/02/2024,150623,2012.99
T503721,C100303,1973-06-05,male,BANGALORE,"16,218.38",10-Oct-2024,084651,684.11
T500501,C100399,24-09-69,f,Jaipur,32377.8,13/01/2024,191907,356.99
T503524,C100413,1975-06-17,Male,Chennai,,2024-11-17,073609,3225.3
T505961,C100739,1975-09-21,F,JAIPUR,"6,681.50",29-Feb-2024,194040,2173.12
T501404,C100690,21-04-58,Male,BANGALORE,"Rs. 120,392.94",2024-01-20,200249,2954.17
T502104,C100637,09-04-89,F,PUNE,,04-Sep-2024,042717,2348.69
T502233,C100209,01-02-55,female,,38752.88,2024-03-05,202055,1656.18
T505749,C100408,1983-01-10,m,Mumbai,30500.46,30-Sep-2024,161640,144.98
T501007,C100703,1984-05-15,female,Jaipur,"Rs. 125,815.19",07/04/2024,174948,"INR 1,016.92"
T505828,C100605,17-10-69,M,LUCKNOW,"Rs. 79,326.66",17/04/2024,034302,3819.51
T504622,C100550,19/08/1986,f,Mumbai,"121,126.01",16/01/2024,101213,5898.13
T502171,C100550,19/08/1986,f,Mumbai,"121,126.01",24-May-2024,235346,2041.29
T503216,C100315,16/02/2001,,PUNE,"Rs. 10,487.31",03-Mar-2024,135243,INR 747.21
T502437,C100116,1960-09-25,female,Pune,220401.55,2024-10-23,014151,1895.05
T504472,C100007,06/10/2003,Male,BANGALORE,14715.92,2024-07-10,170305,397.89
T501318,C100181,07-08-60,male,Pune,"Rs. 46,982.71",19/12/2024,214137,746.34
T503982,C100046,27-11-85,female,DELHI,4232.4,07-Jan-2024,190828,1463.64
T504429,C100696,18/05/1975,m,,295142.68,2024-09-26,115218,"INR 336,716.00"
T501475,C100404,04-05-64,m,Kolkata,"Rs. 17,067.98",29-Dec-2024,192359,1331.16
T500679,C100443,13/05/2004,Female,NAGPUR,102909.31,07-Sep-2024,122051,
T504854,C100661,14/06/1965,,JAIPUR,"105,161.33",17/01/2024,113726,1543.33
T503926,C100376,1973-09-05,,Delhi,,23/08/2024,183348,2683.69
T500380,C100250,04/10/1964,Female,Ahmedabad,"12,840.30",11-Oct-2024,142608,249.38
T505080,C100246,11/12/1992,Male,Delhi,459949.04,29/06/2024,102852,4880.01
T504163,C100284,12/04/1987,m,LUCKNOW,21229.49,09-Mar-2024,160711,175.91
T501882,C100068,22-08-03,,Bengaluru,,28/06/2024,112626,783.23
T500477,C100730,1987-07-18,F,,25757.03,22/06/2024,093759,31076.0
T505576,C100428,17-03-81,Male,Pune,"163,084.05",2024-10-25,054247,6346.08
T502382,C100368,1991-10-16,F,Jaipur,"144,315.15",09-Sep-2024,051639,3201.26
T505881,C100019,0000-00-00,,Bengaluru,102437.46,14/07/2024,021127,9561.15
T502359,C100762,05-04-72,f,CHENNAI,,2024-01-22,060351,1108.53
T500425,C100374,01/06/1997,f,Jaipur,55312.12,16-Feb-2024,172717,554.92
T504741,C100057,21/12/1998,Male,Hyderabad,"108,663.77",20-Sep-2024,051500,775.59
T502255,C100591,1975-05-16,Male,Jaipur,"31,294.72",12/08/2024,085304,966.81
T501333,C100157,06/04/1964,m,PUNE,,03/01/2024,025955,INR 654.79
T500199,C100283,1977-10-18,M,  Surat,"Rs. 54,219.80",29/11/2024,150811,836.33
T504494,C100330,03/01/1996,m,Mumbai,"Rs. 8,776.03",2024-01-15,003730,987.33
T501938,C100178,1996-12-02,female,mumbai ,"Rs. 18,046.45",12-Mar-2024,195126,10948.51
T500143,C100177,13-12-68,,AHMEDABAD,208320.55,28-Jan-2024,162838,10018.3
T503820,C100202,1976-08-09,female,  Surat,"Rs. 57,912.50",14/12/2024,015012,8289.62
T504345,C100375,27-11-99,m,NAGPUR,"267,588.10",13-May-2024,124127,"INR 4,998.25"
T505394,C100634,04/06/1987,female,mumbai ,"Rs. 31,133.41",2024-09-20,071921,4930.64
T500304,C100048,06/04/2003,male,Chennai,"13,288.01",2024-10-01,032635,80.81
T501454,C100465,1975-06-04,f,KOLKATA,,15-Nov-2024,234021,579.39
T500911,C100157,06/04/1964,m,PUNE,,15/03/2024,030028,2568.06
T505647,C100287,02-08-63,F,,"Rs. 2,589.86",15-May-2024,212141,763.69
T502596,C100051,21/02/1976,m,PUNE,"169,367.84",11-Jul-2024,184906,4047.47
T502309,C100617,13-06-57,female,Jaipur,9784.54,23-Jan-2024,173603,"INR 2,305.21"
T502112,C100280,1996-03-06,male,KOLKATA,"61,078.77",2024-12-26,175506,4650.25
T505729,C100085,17-10-83,m,Pune,36223.4,2024-07-07,091629,2832.01
T500593,C100779,21-03-59,female,KOLKATA,"297,969.29",2024-01-20,002111,1087304.0
T503570,C100427,1973-05-14,f,Hyderabad,"Rs. 13,652.98",12/01/2024,010844,2990.95
T503533,C100566,1975-06-21,female,Kolkata,"12,023.59",15-May-2024,192311,551.53
T501288,C100248,12/05/1970,m,Kolkata,"89,559.95",2024-10-01,164656,583.59
T501655,C100759,08-06-83,f,,,23/11/2024,162631,3276.93
T504790,C100389,1975-12-07,F,Kolkata,,10/12/2024,080940,"INR 9,161.78"
T502131,C100244,24-09-83,female,DELHI,,2024-06-21,231632,"INR 1,305.40"
T500765,C100049,07-11-02,f,Pune,"Rs. 26,295.53",2024-11-18,184752,477.17
T505979,C100630,10-04-59,M,AHMEDABAD,,18-Apr-2024,045143,1259.97
T505237,C100115,1993-11-02,Male,KOLKATA,11109.49,2024-01-07,144809,835.87
T500146,C100636,07/07/1969,female,  Surat,"Rs. 52,253.95",14-Oct-2024,155908,1421.41
T500394,C100490,23-01-92,m,LUCKNOW,,2024-03-28,052135,2045.14
T504733,C100242,14-05-91,male,HYDERABAD,"Rs. 103,866.17",08/07/2024,025927,600.38
T503808,C100515,13/10/1997,Male,CHENNAI,48437.97,28/05/2024,002401,170.64
T500045,C100350,06/05/1984,Male,Bengaluru,,2024-10-01,023749,"INR 2,368.28"
T503494,C100435,1982-06-13,,DELHI,"Rs. 58,275.09",2024-05-12,043859,6400.05
T504517,C100592,1965-07-19,Male,  Surat,"57,107.77",09/04/2024,140211,1882.79
T503336,C100080,1998-06-05,m,BANGALORE,772078.46,29-Aug-2024,114942,5380.7
T504417,C100331,09-04-84,Male,Delhi,139917.52,2024-04-24,034629,-3250.5
T502159,C100377,07/07/1965,m,Bangalore,31307.17,12-Apr-2024,121213,6967.64
T501957,C100698,03/10/1986,M,mumbai ,"Rs. 186,379.37",26-Jan-2024,005010,6531.02
T502184,C100439,08/03/1967,female,BANGALORE,"Rs. 48,286.94",25/11/2024,015905,INR 428.73
T505626,C100520,1979-07-13,male,Bengaluru,"Rs. 57,394.34",24-Jan-2024,024427,
T505975,C100339,20/04/1966,male,PUNE,"Rs. 62,182.35",28/06/2024,003221,9685.44
T505229,C100005,1966-11-23,,mumbai ,"Rs. 44,083.60",2024-04-01,213302,360.88
T503497,C100267,24/03/1964,F,Bengaluru,"Rs. 100,432.83",09-May-2024,083625,704.32
T502071,C100725,1979-04-08,male,Ahmedabad,"104,953.20",29-Apr-2024,054611,2788.59
T501367,C100153,04-08-82,f,LUCKNOW,"379,373.89",2024-11-19,091538,"INR 7,979.17"
T503095,C100209,01-02-55,female,,38752.88,14-Dec-2024,145118,4652.36
T502364,C100760,14/03/1974,F,mumbai ,286147.6,2024-06-06,062650,3087.89
T505970,C100140,1964-06-15,,KOLKATA,699519.01,20/08/2024,114152,INR 405.83
T500930,C100020,12/04/1982,M,AHMEDABAD,"3,015.98",28-May-2024,101848,1544.17
T503512,C100583,03-06-58,male,NAGPUR,"71,828.00",03/12/2024,010631,715.2
T502975,C100403,13/06/2003,f,JAIPUR,"14,630.12",2024-01-30,183342,994.56
T505845,C100000,18-10-59,Male,DELHI,"Rs. 17,012.07",2024-07-25,180106,1891.18
T503141,C100614,13/08/1968,male,Chennai,"Rs. 11,618.40",28-Aug-2024,104637,334.27
T505215,C100318,19/04/1976,,JAIPUR,"171,947.48",13/08/2024,163813,144.23
T502581,C100118,1993-04-18,,Ahmedabad,,2024-03-10,101719,4055.52
T505429,C100093,15/10/1965,f,,"157,865.54",24-Jul-2024,190831,6179.84
T500606,C100246,11/12/1992,Male,Delhi,459949.04,25/07/2024,174557,2763.2
T500074,C100233,23/03/1962,male,,,2024-12-01,074819,1739.36
T504868,C100529,1991-11-11,F,Bengaluru,"104,328.62",13-Aug-2024,032844,2603.89
T501322,C100165,17/12/2004,Male,BANGALORE,"5,165.05",2024-12-24,200206,INR 844.92
T504825,C100436,06-10-60,F,Jaipur,"Rs. 93,354.27",23-Oct-2024,124812,10909.13
T500113,C100737,03/06/1961,f,Delhi,"Rs. 71,291.17",21-Feb-2024,075706,"INR 1,334.64"
T503913,C100789,08/02/1972,Female,Delhi,,2024-08-30,072734,638.76
T500986,C100750,20-09-76,M,MUMBAI,"Rs. 140,121.33",27/04/2024,112702,15169.42
T505631,C100071,04-06-01,male,Pune,"Rs. 7,466.77",2024-10-29,091715,3744.25
T500222,C100047,11/07/1966,female,Hyderabad,22419.5,08/11/2024,233614,6474.98
T501992,C100730,1987-07-18,F,,25757.03,15/04/2024,214821,INR 639.47
T502610,C100569,06/08/1967,,KOLKATA,,25-Feb-2024,081532,INR 894.43
T504131,C100479,22/10/1980,f,Kolkata,"Rs. 98,501.77",26-Jun-2024,223218,1381.31
T505161,C100508,21-11-89,male,JAIPUR,"Rs. 6,654.10",03-Jun-2024,174059,777.52
T501761,C100352,1998-03-02,F,DELHI,,22-Aug-2024,083320,-8156.81
T504443,C100074,04-05-60,Female,Hyderabad,"Rs. 138,675.48",2024-12-23,045658,4243.13
T504263,C100134,1959-04-17,Male,HYDERABAD,12808.18,2024-12-15,180858,138.9
T504180,C100001,03/03/1976,,AHMEDABAD,"43,869.35",2024-07-20,204829,194.82
T504212,C100759,08-06-83,f,,,2024-07-27,202948,4021.46
T504043,C100058,26-02-76,m,  Surat,,27-Mar-2024,151940,6109.74
T503456,C100757,16-06-64,,NAGPUR,"Rs. 128,307.71",29/03/2024,113322,8590.14
T500530,C100498,1999-12-16,M,LUCKNOW,"Rs. 9,148.77",22/10/2024,011019,2520.1
T502590,C100427,1973-05-14,f,Hyderabad,"Rs. 13,652.98",2024-01-04,163438,2275.66
T503954,C100339,20/04/1966,male,PUNE,"Rs. 62,182.35",2024-07-31,050932,2822.8
T503630,C100162,1997-09-24,m,Delhi,"Rs. 42,810.30",07-Jun-2024,211259,1107.88
T502521,C100402,06-11-03,m,Delhi,"104,593.33",20-Jul-2024,082741,5748.52
T503051,C100020,12/04/1982,M,AHMEDABAD,"3,015.98",2024-04-11,071256,"INR 3,330.85"
T504849,C100665,08/12/1963,m,AHMEDABAD,100878.91,20-Sep-2024,000855,891.93
T504579,C100645,02-11-81,m,,,25-Nov-2024,053236,17937.01
T505073,C100455,,female,  Surat,9423.4,2024-12-23,070226,281.66
T505618,C100609,2035-01-01,Male,MUMBAI,"Rs. 18,375.70",2024-06-07,232607,394.2
T505314,C100222,1969-03-14,F,LUCKNOW,"77,445.15",27/06/2024,151632,627.22
T505843,C100020,12/04/1982,M,AHMEDABAD,"3,015.98",2024-11-16,224113,702.2
T503204,C100512,19/08/1986,m,,"Rs. 88,055.27",2024-11-18,025920,4830.36
T505766,C100141,20/10/1986,,mumbai ,160886.94,06-Aug-2024,070000,32942.57
T501779,C100622,1963-04-08,male,Pune,"114,620.95",2024-12-13,192704,10520.38
T501025,C100059,1955-01-19,female,Hyderabad,"Rs. 1,737.55",2024-05-04,180042,366.73
T503778,C100076,05-07-01,female,Ahmedabad,"Rs. 12,298.94",28-Jul-2024,162739,1550.09
T500081,C100247,17/05/1986,female,,"60,362.87",18/04/2024,042000,59.62
T504668,C100450,1992-01-17,F,DELHI,"111,417.27",27-Apr-2024,224009,"INR 6,366.27"
T502030,C100571,1961-01-15,male,JAIPUR,"Rs. 15,548.64",19/01/2024,075259,448.16
T504054,C100750,20-09-76,M,MUMBAI,"Rs. 140,121.33",2024-11-22,173011,371.55
T501792,C100796,13-01-85,F,CHENNAI,22196.84,2024-06-08,000026,1509.23
T502716,C100618,10/10/1967,Female,  Surat,29639.57,25-Nov-2024,033455,1736.31
T503819,C100234,15-03-98,female,Chennai,59188.47,29/08/2024,105244,941.24
T502673,C100676,12-03-59,,NAGPUR,"44,650.65",07/01/2024,182203,"INR 4,690.60"
T505918,C100758,16/09/1995,f,Pune,8457.46,2024-06-29,050124,1756.02
T503501,C100537,1963-01-27,Female,Chennai,26621.54,2024-04-16,123051,-4836.98
T502563,C100261,11/11/1960,,AHMEDABAD,4697.32,2024-03-04,014053,INR 258.97
T503402,C100612,22-09-87,,JAIPUR,378740.24,01-Oct-2024,130508,3235.97
T500250,C100290,11/09/1991,,DELHI,"Rs. 21,647.56",05/05/2024,192616,1534.04
T501956,C100789,08/02/1972,Female,Delhi,,05/12/2024,233052,712.07
T503869,C100739,1975-09-21,F,JAIPUR,"6,681.50",19-Oct-2024,151629,262.01
T504136,C100639,08/08/1969,female,mumbai ,7888.88,08/02/2024,114625,INR 612.65
T505793,C100181,07-08-60,male,Pune,"Rs. 46,982.71",07/02/2024,114734,2047.27
T505382,C100044,1962-08-19,male,Hyderabad,"43,950.32",24/02/2024,054604,560.7
T503136,C100274,1973-07-26,Male,Kolkata,,07-Dec-2024,055131,880.33
T500311,C100604,1974-04-03,Male,PUNE,,23-Jun-2024,024445,298.14
T501631,C100694,15/09/2004,male,Ahmedabad,4580.61,25/05/2024,060832,650.98
T504260,C100573,1976-01-19,male,Hyderabad,41943.84,2024-01-06,132931,352.02
T502067,C100791,19/10/1986,Female,Kolkata,91747.28,29-Nov-2024,100245,243.4
T501426,C100263,,female,BANGALORE,,2024-08-14,025738,3590.55
T502002,C100102,14-07-81,M,KOLKATA,"Rs. 15,311.00",28-Oct-2024,142424,960.84
T504453,C100254,08/06/1964,Female,Ahmedabad,184790.05,2024-09-10,020936,12605.47
T503810,C100719,1996-08-18,Male,PUNE,28569.22,2024-03-11,143108,
T504886,C100301,1990-12-15,female,Delhi,30265.49,20-May-2024,104633,159.99
T502337,C100240,24/12/2003,M,mumbai ,"58,083.30",18/09/2024,170637,3985.37
T502440,C100630,10-04-59,M,AHMEDABAD,,2024-11-23,073122,292.86
T500128,C100014,1995-01-22,M,LUCKNOW,72097.18,21-Oct-2024,075431,6267.88
T501009,C100749,1/1/1800,m,Mumbai,"372,624.79",27-Jan-2024,174853,8238.03
T501813,C100385,04-09-86,female,PUNE,31830.7,11-Oct-2024,155346,"INR 3,764.82"
T501290,C100223,01-11-75,female,NAGPUR,7196.01,2024-02-27,051132,1765.71
T503873,C100681,15/05/1967,female,LUCKNOW,"239,151.47",16/04/2024,191111,1419.05
T502771,C100762,05-04-72,f,CHENNAI,,14/06/2024,050624,282.32
T500201,C100391,1973-01-06,female,Jaipur,18082.92,2024-04-05,193032,1524.42
T505474,C100166,06-04-86,M,NAGPUR,"8,813.64",2024-07-26,193808,
T505987,C100766,11/12/2004,F,Hyderabad,73693.65,27/05/2024,141936,2455.72
T500954,C100448,1996-08-17,female,MUMBAI,1576.53,2024-08-02,104603,704.06
T502418,C100055,23/01/2001,m,LUCKNOW,"Rs. 39,750.83",04-Aug-2024,161224,"INR 1,494.37"
T504020,C100551,1967-07-13,M,mumbai ,13935.52,18/05/2024,224541,99.15
T500829,C100328,1993-09-23,f,mumbai ,"138,849.89",21/05/2024,193739,2222.64
T502361,C100000,18-10-59,Male,DELHI,"Rs. 17,012.07",20/10/2024,135324,268.74
T503907,C100729,18-06-74,M,LUCKNOW,"264,299.97",04/01/2024,151929,6577.99
T500970,C100587,27-07-91,m,mumbai ,"18,400.96",2024-02-29,191753,1141.98
T500202,C100387,16-02-77,M,Kolkata,20501.21,11/02/2024,193910,9568.29
T500982,C100238,25/10/1981,,PUNE,,2024-10-05,120557,3360.56
T503696,C100765,07/11/1958,m,Chennai,"22,571.43",09/12/2024,112258,211.88
T503318,C100083,11-01-60,f,Hyderabad,"7,606.81",03/12/2024,113916,
T502380,C100012,12/10/1993,F,,"Rs. 50,102.02",25/06/2024,175730,1256.74
T502486,C100092,2000-06-15,m,Ahmedabad,,19/03/2024,062650,5884.74
T505068,C100579,2003-08-07,female,Jaipur,"Rs. 200,313.27",01/02/2024,043117,1402.14
T503097,C100764,1966-06-14,M,Jaipur,62112.48,24/09/2024,112355,5980.3
T505756,C100189,16/02/1969,female,MUMBAI,"7,756.98",24/12/2024,072755,305.79
T503089,C100215,25-01-62,Male,Jaipur,51679.23,05/04/2024,034925,359.16
T501187,C100609,2035-01-01,Male,MUMBAI,"Rs. 18,375.70",26/06/2024,080501,785.89
T504447,C100384,1998-07-13,Female,KOLKATA,"Rs. 102,416.63",2024-09-16,220903,2470.22
T503919,C100074,04-05-60,Female,Hyderabad,"Rs. 138,675.48",2024-12-13,082225,2427.54
T501595,C100692,1971-01-16,male,  Surat,,2024-09-22,220739,2915.6
T504092,C100714,1967-02-19,Male,Bengaluru,"13,233.37",2024-11-25,045639,447.19
T500042,C100140,1964-06-15,,KOLKATA,699519.01,2024-12-17,135509,1175.07
T505884,C100414,2002-02-15,F,PUNE,"61,143.12",10/11/2024,004146,3319.5
T503347,C100022,16-02-69,F,DELHI,,2024-10-06,234321,2404.96
T505592,C100385,04-09-86,female,PUNE,31830.7,2024-05-06,081624,1992.66
T501273,C100632,02/08/1999,Female,Chennai,70747.64,2024-05-01,203103,"INR 4,095.38"
T502182,C100139,09-08-90,Male,Jaipur,"34,813.10",17/12/2024,120207,
T500574,C100607,01-01-1900,m,KOLKATA,"11,588.68",23-Feb-2024,025828,"INR 1,148.21"
T501920,C100759,08-06-83,f,,,16/01/2024,152604,11037.18
T505722,C100482,1995-12-05,F,Bengaluru,,14-Apr-2024,194144,167.07
T500856,C100131,2002-07-19,F,HYDERABAD,114687.04,2024-11-08,215659,5044.04
T501808,C100619,27/10/1979,F,Jaipur,"618,590.11",03/08/2024,201836,13230.41
T502620,C100454,10/04/2003,F,NAGPUR,18847.61,26-Mar-2024,195824,3402.67
T501846,C100560,01-01-1900,female,Jaipur,25797.87,11/09/2024,133600,12291.17
T504034,C100645,02-11-81,m,,,25-Apr-2024,174513,10690.08
T504199,C100181,07-08-60,male,Pune,"Rs. 46,982.71",24-Dec-2024,023020,1032.21
T504782,C100549,20/03/1985,F,DELHI,"92,675.90",2024-10-19,012137,5397.0
T502458,C100132,13-02-62,,Delhi,,26-Sep-2024,120802,686.79
T500988,C100236,12-02-83,M,  Surat,"Rs. 11,778.81",2024-09-30,113437,-532.24
T505482,C100563,17-08-73,,DELHI,,2024-01-26,054403,
T501433,C100329,08/11/1958,Male,Ahmedabad,"37,113.65",2024-03-20,011119,4115.31
T504480,C100608,1978-11-05,M,NAGPUR,"49,274.28",2024-09-05,214858,2037.78
T504152,C100040,1994-09-14,male,,"Rs. 22,609.54",2024-03-17,005944,402.37
T500711,C100755,15/07/1975,f,Hyderabad,,17/01/2024,025003,1659.93
T502372,C100759,08-06-83,f,,,04/10/2024,194235,"INR 4,261.71"
T503850,C100633,16/05/1960,Male,Jaipur,7650.67,19-Apr-2024,070438,2564.74
T504451,C100784,1976-08-21,M,PUNE,"Rs. 83,499.01",29-Jul-2024,071703,2974.88
T503565,C100715,1966-01-07,Male,AHMEDABAD,5484.47,10-Feb-2024,013354,INR 465.50
T501018,C100620,1967-06-27,,CHENNAI,22920.89,2024-12-24,144258,4658.38
T503887,C100325,25-11-83,M,Jaipur,,03-Oct-2024,000437,369.2
T503296,C100407,26-08-62,F,JAIPUR,"11,790.29",18-Nov-2024,230602,"INR 4,247.70"
T502963,C100753,05/12/1958,Male,Ahmedabad,,26/03/2024,025322,10126.35
T504403,C100797,09-08-84,F,LUCKNOW,"21,946.42",22/09/2024,193254,662.57
T503461,C100177,13-12-68,,AHMEDABAD,208320.55,08/04/2024,080631,10185.55
T504137,C100612,22-09-87,,JAIPUR,378740.24,14-Apr-2024,154655,"INR 15,474.99"
T504714,C100381,2000-06-26,Female,AHMEDABAD,"34,569.41",13-Jul-2024,202504,"INR 4,248.89"
T505759,C100240,24/12/2003,M,mumbai ,"58,083.30",2024-11-21,022708,4331.86
T501681,C100636,07/07/1969,female,  Surat,"Rs. 52,253.95",16/06/2024,014255,"INR 1,266.57"
T501969,C100527,19-04-72,male,AHMEDABAD,"Rs. 6,830.51",2024-12-11,080642,236.24
T504894,C100201,05/06/1995,f,  Surat,,25-Feb-2024,045100,29.56
T502051,C100504,1999-12-20,M,Jaipur,97634.59,2024-12-02,195357,1293.23
T504311,C100330,03/01/1996,m,Mumbai,"Rs. 8,776.03",2024-07-23,020432,2247.5
T502146,C100353,2001-08-12,m,Pune,,2024-12-05,141750,986.19
T502322,C100679,10-11-58,m,Kolkata,39458.8,24-May-2024,102056,1228.46
T502696,C100464,1975-12-20,,Ahmedabad,,2024-05-27,001302,774.07
T502482,C100577,21/07/1986,m,Delhi,22754.07,2024-05-12,114044,8442.77
T501370,C100209,01-02-55,female,,38752.88,2024-05-03,090858,6851.45
T501566,C100089,10-03-85,m,CHENNAI,,14/06/2024,103705,2481.69
T503596,C100779,21-03-59,female,KOLKATA,"297,969.29",16-Apr-2024,181506,1272585.0
T503771,C100538,1970-11-08,Male,Ahmedabad,,2024-11-29,080150,3243.97
T503350,C100234,15-03-98,female,Chennai,59188.47,03-May-2024,084248,3312.33
T504354,C100288,08/09/1992,,AHMEDABAD,"35,907.23",27/05/2024,114647,3101.57
T501516,C100188,1981-12-18,m,PUNE,"34,870.27",11/03/2024,224343,1863.76
T503993,C100674,02/05/1998,male,Pune,3566.68,03-Sep-2024,022639,2763.57
T501621,C100637,09-04-89,F,PUNE,,2024-08-25,114642,INR 319.78
T502186,C100608,1978-11-05,M,NAGPUR,"49,274.28",2024-07-12,230205,INR 802.99
T503308,C100574,03-10-85,m,Mumbai,"11,779.17",04-Nov-2024,162245,1021.08
T503731,C100092,2000-06-15,m,Ahmedabad,,2024-05-13,063253,10998.2
T501037,C100759,08-06-83,f,,,2024-08-30,145953,5305.73
T502437,C100116,1960-09-25,female,Pune,220401.55,2024-10-23,014151,1895.05
T502999,C100208,05-05-66,f,Bangalore,16479.19,06/06/2024,024120,479.08
T501510,C100274,1973-07-26,Male,Kolkata,,05/03/2024,234028,INR 206.14
T500411,C100611,08-02-56,male,Bangalore,,12-Nov-2024,201259,17466.7
T501373,C100777,05-10-71,M,HYDERABAD,"13,106.62",19/09/2024,185258,184.33
T504760,C100380,16-03-60,Female,DELHI,,2024-03-31,090151,641.27
T504075,C100109,18-05-61,male,MUMBAI,"83,476.96",28-Feb-2024,052112,1479.55
T501301,C100151,1955-06-05,Male,Kolkata,"Rs. 83,391.84",13-Dec-2024,201136,3252.67
T503259,C100474,22-02-85,m,Chennai,20972.53,10-Dec-2024,182455,422.99
T501317,C100727,1978-08-19,female,JAIPUR,"Rs. 123,863.27",13-Sep-2024,161435,"INR 2,845.96"
T503316,C100450,1992-01-17,F,DELHI,"111,417.27",08-Feb-2024,002337,3595.97
T500777,C100521,1962-02-16,Male,Kolkata,56258.99,22/03/2024,050446,1081.87
T505047,C100449,09-08-01,Male,CHENNAI,,10/10/2024,002716,7098.99
T505372,C100671,18/02/1957,M,mumbai ,60107.96,02-Aug-2024,194256,2751.66
T504671,C100796,13-01-85,F,CHENNAI,22196.84,2024-01-11,190656,3346.73
T502367,C100634,04/06/1987,female,mumbai ,"Rs. 31,133.41",13-Nov-2024,013850,2355.06
T502476,C100721,01-04-84,f,Delhi,9140.35,2024-08-17,161618,681.42
T504169,C100077,06-01-90,Female,Ahmedabad,"28,809.70",2024-02-08,223110,3128.69
T500025,C100255,1959-12-07,female,PUNE,,2024-04-03,205202,1763.19
T503392,C100093,15/10/1965,f,,"157,865.54",16/04/2024,194229,16655.74
T501408,C100759,08-06-83,f,,,27/07/2024,001718,16469.93
T501139,C100094,20/03/1981,f,Bangalore,50521.45,2024-09-24,034302,7574.78
T500505,C100506,05-06-63,Female,Mumbai,"26,364.30",2024-03-15,105538,900.97
T501560,C100612,22-09-87,,JAIPUR,378740.24,2024-09-28,110906,3656.57
T501120,C100136,17/08/2002,,Ahmedabad,,2024-02-23,025710,2929.79
T504682,C100263,,female,BANGALORE,,05-Jun-2024,112331,2323.73
T500601,C100759,08-06-83,f,,,08/07/2024,045939,2901.05
T504707,C100620,1967-06-27,,CHENNAI,22920.89,17-Apr-2024,013614,2505.68
T503941,C100253,27/03/1978,male,Bangalore,"Rs. 107,511.50",30-Aug-2024,142147,3963.91
T502737,C100230,2035-01-01,Female,Chennai,"Rs. 17,144.19",04/04/2024,105310,803.21
T503851,C100532,2004-12-08,M,Ahmedabad,,13/02/2024,210905,26648.0
T502613,C100196,17/08/1965,Female,Hyderabad,"Rs. 24,873.57",14/04/2024,161104,536.63
T500348,C100509,1977-09-18,m,BANGALORE,26256.74,17-Jun-2024,123739,
T502442,C100065,18/02/2001,M,Delhi,55990.05,22-Jul-2024,030606,6825.29
T505591,C100109,18-05-61,male,MUMBAI,"83,476.96",25/03/2024,203501,1568.7
T505744,C100050,09/01/1981,male,,"Rs. 3,008.14",25/03/2024,102011,1202.87
T504987,C100519,1980-12-10,M,KOLKATA,103786.19,19/01/2024,213446,
T500629,C100278,16/05/1989,male,BANGALORE,"113,740.31",27/06/2024,234901,-4346.54
T505519,C100130,07/02/1977,female,PUNE,"Rs. 7,572.86",2024-10-27,183442,173.56
T502548,C100539,22-07-01,f,Bengaluru,"34,098.88",14-Mar-2024,001824,
T504807,C100136,17/08/2002,,Ahmedabad,,2024-11-28,211236,1151.95
T500408,C100612,22-09-87,,JAIPUR,378740.24,03-Jun-2024,232627,4632.64
T503391,C100700,06-03-88,Male,Pune,,10/08/2024,165517,2533.53
T500164,C100772,12-01-75,Female,Chennai,"Rs. 14,449.91",31/03/2024,161144,569.61
T502594,C100162,1997-09-24,m,Delhi,"Rs. 42,810.30",30/04/2024,151525,
T502336,C100419,14-06-59,M,DELHI,26055.1,07-Feb-2024,021529,415.76
T504049,C100220,1967-12-16,Female,KOLKATA,"36,055.65",22/01/2024,171924,INR 397.04
T502426,C100229,2004-07-25,Female,CHENNAI,47420.96,02-Dec-2024,120332,4751.38
T501087,C100789,08/02/1972,Female,Delhi,,04/02/2024,054611,161.99
T503770,C100661,14/06/1965,,JAIPUR,"105,161.33",2024-07-29,074918,2946.7
T504390,C100757,16-06-64,,NAGPUR,"Rs. 128,307.71",22/11/2024,230700,6210.92
T502914,C100637,09-04-89,F,PUNE,,03/02/2024,003611,3175.96
T502860,C100647,25-03-56,female,Chennai,"Rs. 27,953.84",12-Oct-2024,184240,1855.48
T502363,C100542,05-07-95,M,PUNE,"27,050.64",2024-02-26,162836,1549.0
T504624,C100525,1969-10-05,F,CHENNAI,"212,533.64",19-Apr-2024,114016,14775.93
T503881,C100794,15/07/1959,Female,PUNE,"Rs. 32,969.19",22-Aug-2024,181949,787.79
T504123,C100570,1960-04-04,Female,Kolkata,8280.19,24/05/2024,181949,
T505981,C100141,20/10/1986,,mumbai ,160886.94,2024-06-20,232012,5393.52
T500274,C100597,1972-02-09,female,Pune,30467.88,18/10/2024,022104,"INR 3,085.90"
T501072,C100345,01-05-83,f,KOLKATA,12276.92,2024-04-05,130944,1380.41
T504885,C100218,1979-01-08,male,AHMEDABAD,"Rs. 470,799.86",27-Feb-2024,221845,6862.32
T500675,C100573,1976-01-19,male,Hyderabad,41943.84,2024-11-13,073319,2576.02
T505682,C100016,07/02/1956,Female,mumbai ,"Rs. 21,454.12",11/04/2024,061615,624.4
T503382,C100340,1974-10-11,Male,MUMBAI,11896.1,2024-04-08,080120,2680.15
T503704,C100696,18/05/1975,m,,295142.68,18-Oct-2024,112106,3734.56
T500585,C100670,26/10/1983,female,MUMBAI,371867.09,2024-02-09,234026,13867.0
T500837,C100267,24/03/1964,F,Bengaluru,"Rs. 100,432.83",25/11/2024,051609,3215.45
T504399,C100653,1965-06-07,f,AHMEDABAD,"Rs. 305,029.15",06-Sep-2024,211633,506.63
T502615,C100517,2001-06-26,male,JAIPUR,"53,788.28",13-Sep-2024,015607,10213.38
T502965,C100052,13-07-60,Female,MUMBAI,"Rs. 54,071.44",2024-09-03,062924,8940.86
T501437,C100429,17-05-92,F,Delhi,"40,293.13",14-Jan-2024,135025,1425.89
T501553,C100274,1973-07-26,Male,Kolkata,,2024-05-23,061238,1524.27
T500816,C100210,1956-04-12,female,Delhi,"112,806.44",07/02/2024,061938,3240.39
T501243,C100581,10/01/1991,M,Bengaluru,"Rs. 13,752.63",27/11/2024,045035,264.84
T504312,C100579,2003-08-07,female,Jaipur,"Rs. 200,313.27",2024-06-07,000314,"INR 8,461.21"
T500302,C100330,03/01/1996,m,Mumbai,"Rs. 8,776.03",2024-08-26,191950,909.46
T502619,C100723,05/06/1971,male,  Surat,"78,759.05",2024-02-07,120159,4212.59
T505779,C100237,10-10-56,Male,PUNE,,19/03/2024,135720,14385.54
T502678,C100579,2003-08-07,female,Jaipur,"Rs. 200,313.27",2024-10-13,164601,4091.52
T502485,C100162,1997-09-24,m,Delhi,"Rs. 42,810.30",08-Apr-2024,123428,1358.99
T503936,C100763,10/09/1994,m,MUMBAI,,30-May-2024,004243,3887.6
T502305,C100481,22/05/1988,Male,JAIPUR,"1,624.30",04-Jan-2024,072919,447.03
T503162,C100640,22/11/2003,male,AHMEDABAD,,18-Dec-2024,144218,10698.32
T501063,C100389,1975-12-07,F,Kolkata,,25-Dec-2024,100118,2469.38
T500872,C100521,1962-02-16,Male,Kolkata,56258.99,07/05/2024,072556,2113.02
T502819,C100065,18/02/2001,M,Delhi,55990.05,2024-12-02,222605,"INR 17,522.89"
T504735,C100429,17-05-92,F,Delhi,"40,293.13",22/07/2024,101325,1115.84
T500952,C100437,10/05/1977,female,PUNE,"Rs. 58,587.83",29-Jun-2024,140249,INR 503.10
T500159,C100293,13-05-89,Male,BANGALORE,"10,023.20",23/09/2024,180547,82.92
T500923,C100145,09-09-69,,Mumbai,,2024-08-06,105541,INR 652.81
T502770,C100773,10-04-82,,KOLKATA,,26-Feb-2024,165058,2758.49
T504155,C100056,20/08/1973,M,CHENNAI,"Rs. 116,022.67",07-Oct-2024,102353,43.68
T505798,C100412,1985-02-10,,MUMBAI,"Rs. 21,748.09",2024-05-13,082214,1347.79
T504334,C100662,09-10-70,Male,Mumbai,64116.87,2024-05-28,041934,1768.16
T501975,C100021,1996-01-24,m,Hyderabad,51078.01,2024-07-13,092745,1462.86
T504119,C100569,06/08/1967,,KOLKATA,,23/03/2024,055842,5950.91
T501828,C100423,23/10/2004,M,CHENNAI,"138,103.22",28-Jul-2024,200657,3954.38
T504779,C100095,1980-11-25,Female,Ahmedabad,,25/06/2024,222238,600.31
T503735,C100036,04/08/1957,,LUCKNOW,119884.19,01-Nov-2024,191144,1686.87
T502394,C100169,1990-12-22,,Ahmedabad,"Rs. 346,738.24",2024-09-17,215637,18952.85
T505329,C100327,1959-06-23,,Bangalore,,08-Jun-2024,120027,206.44
T503603,C100464,1975-12-20,,Ahmedabad,,2024-08-31,095056,578.45
T502056,C100027,17-08-89,,AHMEDABAD,"Rs. 11,262.83",11-Oct-2024,151835,2016.14
T504324,C100479,22/10/1980,f,Kolkata,"Rs. 98,501.77",03/04/2024,193928,2056.76
T500489,C100766,11/12/2004,F,Hyderabad,73693.65,21/06/2024,195843,1549.53
T503713,C100121,,,DELHI,,2024-03-01,144515,1834.77
T500385,C100753,05/12/1958,Male,Ahmedabad,,06-Jul-2024,034943,2487.7
T503488,C100077,06-01-90,Female,Ahmedabad,"28,809.70",28-May-2024,235605,1086.63
T502283,C100289,09-03-04,m,JAIPUR,26392.12,29/04/2024,174204,113.19
T504111,C100412,1985-02-10,,MUMBAI,"Rs. 21,748.09",03/08/2024,030914,3946.55
T501824,C100675,1962-07-04,,Bangalore,91272.97,15/03/2024,073347,3798.36
T504365,C100333,18-03-86,F,LUCKNOW,,2024-05-08,111256,5346.07
T504419,C100389,1975-12-07,F,Kolkata,,10-Jan-2024,104205,INR 303.41
T501588,C100124,13/11/1959,Male,,"Rs. 2,357.17",20/04/2024,201503,521.18
T502389,C100099,1959-04-20,f,Ahmedabad,5650.19,30-Jan-2024,095837,498.58
T503348,C100794,15/07/1959,Female,PUNE,"Rs. 32,969.19",07/12/2024,183512,373.62
T505910,C100559,04/12/2001,,Mumbai,"83,977.32",24/12/2024,224250,"INR 1,634.22"
T501751,C100318,19/04/1976,,JAIPUR,"171,947.48",07-Jan-2024,151132,5506.91
T501231,C100541,13-01-74,male,Ahmedabad,"186,265.55",05/09/2024,104238,3239.28
T504089,C100005,1966-11-23,,mumbai ,"Rs. 44,083.60",2024-04-24,010350,"INR 3,762.60"
T503160,C100504,1999-12-20,M,Jaipur,97634.59,20-May-2024,140458,1303.94
T500963,C100013,1995-03-19,,MUMBAI,"Rs. 11,833.88",22/02/2024,180434,
T504593,C100366,10/12/1987,f,  Surat,"9,704.44",2024-04-20,035309,562.89
T500352,C100501,02-01-74,f,DELHI,"98,637.64",06-Jan-2024,204004,2770.85
T501838,C100083,11-01-60,f,Hyderabad,"7,606.81",24/10/2024,051234,705.36
T503945,C100046,27-11-85,female,DELHI,4232.4,27/02/2024,120504,INR -215.65
T504952,C100586,03-01-02,,HYDERABAD,69749.17,2024-06-23,175309,5600.26
T500001,C100794,15/07/1959,Female,PUNE,"Rs. 32,969.19",03/09/2024,163603,905.34
T505270,C100097,26/02/1991,f,PUNE,6498.69,23/06/2024,192311,228.27
T504381,C100504,1999-12-20,M,Jaipur,97634.59,2024-03-14,125746,2255.91
T505932,C100080,1998-06-05,m,BANGALORE,772078.46,2024-11-26,021155,6958.41
T500783,C100745,16/11/2002,Female,AHMEDABAD,53359.6,2024-12-14,113806,1430.82
T504991,C100557,20/09/1988,Female,,"Rs. 20,249.85",2024-10-03,171020,184.13
T502396,C100075,25/02/2001,F,HYDERABAD,13759.87,26/01/2024,115909,1123.09
T504973,C100097,26/02/1991,f,PUNE,6498.69,30-Aug-2024,060636,189.96
T500068,C100060,21/09/2001,male,HYDERABAD,"4,623.60",06/04/2024,021923,590.51
T500403,C100015,1994-04-22,M,MUMBAI,,14/09/2024,194325,1307.51
T503434,C100190,06/11/1979,male,Jaipur,"Rs. 39,923.71",06/12/2024,162154,1952.6
T502089,C100669,14/01/1976,F,Hyderabad,,17/01/2024,162902,INR 284.35
T505532,C100549,20/03/1985,F,DELHI,"92,675.90",2024-04-02,174027,3646.99
T504273,C100417,23-03-93,male,Mumbai,1928.25,19/09/2024,010512,INR 720.63
T503428,C100628,03/09/1990,M,Pune,109284.74,02-Mar-2024,100829,873.0
T502139,C100532,2004-12-08,M,Ahmedabad,,2024-10-08,011203,558.64
T501200,C100148,1980-12-03,f,Chennai,,19-Apr-2024,141819,2317.55
T502915,C100372,19/12/1983,Female,Mumbai,59995.96,13-Jun-2024,082531,4206.36
T502300,C100403,13/06/2003,f,JAIPUR,"14,630.12",2024-03-22,040808,72.44
T501756,C100513,1992-06-02,F,Bengaluru,14786.27,15-Oct-2024,041131,4092.09
T503486,C100031,04-11-77,,DELHI,,2024-01-23,034008,108.88
T501577,C100637,09-04-89,F,PUNE,,2024-05-18,015849,16253.07
T502719,C100318,19/04/1976,,JAIPUR,"171,947.48",27-Jan-2024,163338,4740.65
T502241,C100498,1999-12-16,M,LUCKNOW,"Rs. 9,148.77",2024-05-17,152208,1376.82
T502774,C100574,03-10-85,m,Mumbai,"11,779.17",2024-06-28,224919,920.34
T501507,C100534,21/09/1980,Female,MUMBAI,,2024-02-20,021804,1625.0
T503749,C100421,1985-01-17,Male,Chennai,"123,501.29",2024-02-05,031622,INR 349.11
T502493,C100235,21-09-81,female,Pune,"Rs. 15,017.22",23/05/2024,164929,675.51
T505224,C100573,1976-01-19,male,Hyderabad,41943.84,2024-10-06,191607,9341.17
T500538,C100473,03-04-82,female,Bengaluru,,2024-08-21,035602,2738.03
T501330,C100326,02-04-59,male,Hyderabad,"23,182.39",2024-01-18,221216,920.56
T502303,C100393,11/11/1981,F,Mumbai,"15,018.25",2024-08-19,183351,589.19
T502499,C100637,09-04-89,F,PUNE,,11/01/2024,165547,INR 383.52
T501612,C100598,1995-02-20,F,Bengaluru,"Rs. 138,205.32",2024-01-13,062342,2696.59
T501488,C100012,12/10/1993,F,,"Rs. 50,102.02",09-Jan-2024,013028,1300.0
T502018,C100514,1975-04-12,,KOLKATA,"Rs. 51,367.71",24-May-2024,122627,897.56
T501744,C100695,14-01-57,Male,,26555.71,2024-05-08,024753,4760.84
T504939,C100500,06-04-01,f,Pune,"34,173.25",15-Jan-2024,121803,1265.48
T505810,C100207,06/06/1974,m,DELHI,"Rs. 68,660.40",05-Jun-2024,180651,842.97
T505610,C100096,20/08/1961,M,LUCKNOW,"76,980.73",16-Jun-2024,145419,3018.64
T501729,C100350,06/05/1984,Male,Bengaluru,,2024-07-13,025639,18435.76
T504606,C100022,16-02-69,F,DELHI,,30/08/2024,222828,103.07
T501393,C100633,16/05/1960,Male,Jaipur,7650.67,2024-10-21,190601,3387.21
T501508,C100303,1973-06-05,male,BANGALORE,"16,218.38",2024-06-30,165603,1814.42
T501194,C100657,1974-02-08,male,Ahmedabad,"71,006.14",20-Aug-2024,123159,1267.52
T505334,C100658,1996-06-17,female,Chennai,"62,261.48",2024-04-01,235415,1262.59
T505925,C100021,1996-01-24,m,Hyderabad,51078.01,13/09/2024,193845,INR -299.13
T503800,C100070,1994-10-17,F,LUCKNOW,"29,489.38",2024-08-09,102221,1505.61
T505252,C100436,06-10-60,F,Jaipur,"Rs. 93,354.27",2024-01-21,130818,2654.87
T504677,C100260,05-07-82,M,Mumbai,"47,216.74",30/01/2024,053355,3755.65
T504951,C100339,20/04/1966,male,PUNE,"Rs. 62,182.35",14/05/2024,224213,7709.26
T501931,C100479,22/10/1980,f,Kolkata,"Rs. 98,501.77",2024-09-02,112749,2225.34
T502812,C100513,1992-06-02,F,Bengaluru,14786.27,27/05/2024,132106,517.88
T503974,C100200,07/09/1984,f,Pune,"99,008.06",27-Jul-2024,192239,4890.97
T502539,C100480,08-09-93,F,MUMBAI,"Rs. 37,940.98",2024-05-20,190709,963.28
T502669,C100005,1966-11-23,,mumbai ,"Rs. 44,083.60",16/02/2024,075300,5427.14
T503719,C100450,1992-01-17,F,DELHI,"111,417.27",2024-03-25,011038,16978.83
T503248,C100153,04-08-82,f,LUCKNOW,"379,373.89",01-May-2024,062901,7312.2
T504759,C100600,1981-05-01,f,Jaipur,"67,373.79",2024-11-18,172601,4035.81
T502822,C100070,1994-10-17,F,LUCKNOW,"29,489.38",11/10/2024,235711,331.87
T500573,C100163,04/08/1970,m,Kolkata,"Rs. 3,126.03",09-Oct-2024,113553,496.2
T500696,C100734,1985-06-24,F,Pune,"29,158.72",02/03/2024,090747,2651.95
T505937,C100349,,Female,PUNE,"397,135.49",2024-12-06,202339,7853.89
T505499,C100139,09-08-90,Male,Jaipur,"34,813.10",23-Jun-2024,201459,6066.13
T505031,C100465,1975-06-04,f,KOLKATA,,29-Oct-2024,213307,331.51
T505214,C100274,1973-07-26,Male,Kolkata,,2024-12-18,054845,2153.92
T502187,C100470,05-02-97,F,NAGPUR,155474.78,29/03/2024,072502,275755.0
T504022,C100395,2001-02-20,f,Kolkata,"Rs. 30,084.28",10-Apr-2024,072834,INR 943.62
T505043,C100363,1995-08-11,Male,  Surat,"Rs. 6,950.01",20/09/2024,082118,307.22
T502045,C100368,1991-10-16,F,Jaipur,"144,315.15",06-Jul-2024,024302,15310.78
T500282,C100045,0000-00-00,m,,"Rs. 50,615.70",28-Jul-2024,035931,5505.5
T500258,C100349,,Female,PUNE,"397,135.49",2024-11-03,040906,3806.21
T502664,C100387,16-02-77,M,Kolkata,20501.21,2024-01-16,173252,2265.62
T505132,C100715,1966-01-07,Male,AHMEDABAD,5484.47,12/12/2024,203550,INR 38.06
T503233,C100680,1964-12-27,male,Chennai,83125.23,2024-06-23,055931,12006.36
T500725,C100229,2004-07-25,Female,CHENNAI,47420.96,30-Sep-2024,112514,1147.81
T501636,C100658,1996-06-17,female,Chennai,"62,261.48",2024-03-14,055912,"INR 1,050.21"
T504773,C100517,2001-06-26,male,JAIPUR,"53,788.28",27-Sep-2024,154721,11145.4
T500055,C100649,1959-03-08,,DELHI,"Rs. 342,978.92",27-Mar-2024,224045,"INR -6,952.30"
T505018,C100289,09-03-04,m,JAIPUR,26392.12,15/02/2024,171049,2147.37
T501411,C100294,1977-04-19,Female,HYDERABAD,,2024-07-27,171347,"INR 1,347.18"
T502214,C100476,1964-07-27,female,PUNE,66112.87,10-Dec-2024,055234,3763.41
T505461,C100085,17-10-83,m,Pune,36223.4,2024-05-24,033332,5384.08
T502935,C100646,24-02-56,M,Delhi,56399.4,03/06/2024,130245,1779.93
T500888,C100123,14-09-96,M,Hyderabad,24576.12,2024-02-13,083731,880.81
T502954,C100234,15-03-98,female,Chennai,59188.47,2024-07-28,104100,835.37
T501687,C100173,2003-09-18,Female,PUNE,"Rs. 28,296.42",07/12/2024,225417,6631.25
T501819,C100587,27-07-91,m,mumbai ,"18,400.96",03-May-2024,172643,478.69
T503703,C100065,18/02/2001,M,Delhi,55990.05,04-May-2024,090504,15445.13
T501972,C100468,04-04-68,Male,Chennai,84203.67,2024-10-06,192630,7711.27
T500714,C100591,1975-05-16,Male,Jaipur,"31,294.72",17-Dec-2024,163806,261961.0
T504701,C100139,09-08-90,Male,Jaipur,"34,813.10",2024-02-01,162301,4106.93
T502286,C100232,1984-12-23,,CHENNAI,41614.26,29-Jan-2024,042919,921.37
T505784,C100553,01/07/2001,f,  Surat,"Rs. 71,513.73",07-Nov-2024,154351,5150.36
T501197,C100572,1969-09-12,F,Mumbai,"8,282.21",2024-07-10,204701,347.64
T505042,C100174,1972-07-21,m,Bengaluru,97279.18,2024-06-12,100332,4362.23
T502848,C100344,1963-04-13,,,4994.06,27-Jun-2024,190752,-436.49
T504713,C100663,24/03/1961,m,,"600,713.48",2024-11-14,091319,3251.34
T500123,C100275,04/05/1965,female,BANGALORE,"175,954.66",05/02/2024,024718,6607.91
T504430,C100375,27-11-99,m,NAGPUR,"267,588.10",31/01/2024,152819,23499.4
T505704,C100741,24/04/1966,m,Kolkata,32097.85,05/09/2024,105021,2384.04
T504400,C100409,16-02-62,f,BANGALORE,"20,193.51",28/03/2024,022853,
T500980,C100439,08/03/1967,female,BANGALORE,"Rs. 48,286.94",2024-02-11,135709,1313.73
T500175,C100726,1966-04-07,m,KOLKATA,"Rs. 213,622.83",2024-01-10,110009,21462.28
T500581,C100055,23/01/2001,m,LUCKNOW,"Rs. 39,750.83",20/12/2024,122639,1995.45
T504950,C100136,17/08/2002,,Ahmedabad,,15/01/2024,223648,-986.61
T501616,C100701,1973-08-26,m,Delhi,26855.95,2024-06-20,220228,1636.2
T505443,C100312,04/03/1971,f,NAGPUR,,17/05/2024,091433,483.86
T502876,C100438,20-05-72,F,Bengaluru,,07-Jul-2024,001705,2842.51
T505198,C100726,1966-04-07,m,KOLKATA,"Rs. 213,622.83",2024-09-02,065848,"INR 15,835.96"
T503243,C100191,02-01-79,M,PUNE,"Rs. 70,003.54",21/02/2024,213646,-3900.21
T501861,C100072,1987-07-07,F,Bengaluru,"13,636.68",06/08/2024,132534,2263.21
T503575,C100716,11-02-72,F,,"Rs. 240,805.50",24/01/2024,141114,2729.78
T503606,C100663,24/03/1961,m,,"600,713.48",05-Sep-2024,043432,4206.36
T505840,C100006,1990-05-02,female,Bangalore,"Rs. 40,563.16",30/12/2024,235152,
T502974,C100664,09/01/1987,,Mumbai,99475.96,01/04/2024,002729,7693.2
T504505,C100550,19/08/1986,f,Mumbai,"121,126.01",13-Jul-2024,110113,14533.63
T504771,C100350,06/05/1984,Male,Bengaluru,,13-Nov-2024,215720,1007.06
T500297,C100698,03/10/1986,M,mumbai ,"Rs. 186,379.37",18/03/2024,134807,6270.93
T500925,C100509,1977-09-18,m,BANGALORE,26256.74,2024-11-24,151636,955.42
T504118,C100597,1972-02-09,female,Pune,30467.88,02-Sep-2024,072216,1786.55
T505063,C100687,23/01/1961,F,JAIPUR,,2024-12-14,171609,430.09
T502115,C100153,04-08-82,f,LUCKNOW,"379,373.89",2024-06-27,170950,"INR 7,004.32"
T504824,C100605,17-10-69,M,LUCKNOW,"Rs. 79,326.66",2024-01-06,104940,251.5
T501307,C100640,22/11/2003,male,AHMEDABAD,,03/12/2024,210148,3534.63
T504767,C100737,03/06/1961,f,Delhi,"Rs. 71,291.17",16/02/2024,021230,INR 366.03
T501672,C100151,1955-06-05,Male,Kolkata,"Rs. 83,391.84",09-Sep-2024,010835,10825.95
T501199,C100418,1960-01-14,,HYDERABAD,,2024-01-31,103024,2451.43
T502229,C100600,1981-05-01,f,Jaipur,"67,373.79",2024-09-08,032120,2010.85
T500895,C100764,1966-06-14,M,Jaipur,62112.48,2024-02-11,070317,
T500293,C100177,13-12-68,,AHMEDABAD,208320.55,2024-10-23,105705,INR 928.10
T502690,C100401,22-12-97,female,Chennai,"24,925.63",12/02/2024,233043,-887.66
T504222,C100546,20/05/1993,male,DELHI,"Rs. 76,684.14",30-Apr-2024,095221,"INR 1,494.06"
T502579,C100412,1985-02-10,,MUMBAI,"Rs. 21,748.09",21/03/2024,150835,
T504994,C100153,04-08-82,f,LUCKNOW,"379,373.89",17/02/2024,050819,1617.04
T500692,C100329,08/11/1958,Male,Ahmedabad,"37,113.65",2024-12-04,005236,-3575.19
T500686,C100779,21-03-59,female,KOLKATA,"297,969.29",24-Dec-2024,122404,3934.11
T500817,C100773,10-04-82,,KOLKATA,,10-Apr-2024,075014,11129.49
T500216,C100451,19-01-02,m,Chennai,24527.13,2024-06-02,135941,898.02
T503325,C100486,07/04/1993,F,PUNE,3302.51,03-Jan-2024,081859,92.83
T504248,C100513,1992-06-02,F,Bengaluru,14786.27,05/03/2024,195904,6950.08
T505891,C100726,1966-04-07,m,KOLKATA,"Rs. 213,622.83",24-Aug-2024,150240,3496.61
T503889,C100291,1975-08-14,Female,Pune,,02-Feb-2024,124054,197.61
T505672,C100762,05-04-72,f,CHENNAI,,24-Jun-2024,022207,INR 232.85
T505899,C100797,09-08-84,F,LUCKNOW,"21,946.42",04/05/2024,144933,546.96
T500478,C100063,2001-02-14,f,CHENNAI,"67,715.00",2024-04-27,125130,763.17
T505819,C100683,06/10/1974,f,Mumbai,51370.71,08/08/2024,093644,2005.89
T505483,C100449,09-08-01,Male,CHENNAI,,2024-07-12,214145,1917.02
T503198,C100668,21-07-78,Female,Bangalore,"99,681.03",29-Feb-2024,022428,9955.48
T500812,C100002,14/10/1990,female,BANGALORE,4740.87,22-Jul-2024,090445,481.91
T504346,C100457,23/11/1991,M,Hyderabad,"46,885.90",2024-05-23,010222,"INR 1,943.17"
T500843,C100563,17-08-73,,DELHI,,01/02/2024,202933,6387.02
T503056,C100134,1959-04-17,Male,HYDERABAD,12808.18,2024-09-28,221748,1274.92
T502375,C100670,26/10/1983,female,MUMBAI,371867.09,13/02/2024,220327,4460.45
T504069,C100742,03-10-70,,mumbai ,"Rs. 4,402.93",26/05/2024,063540,INR 578.48
T502032,C100448,1996-08-17,female,MUMBAI,1576.53,12/12/2024,165722,1014.05
T500967,C100210,1956-04-12,female,Delhi,"112,806.44",2024-12-16,022105,677.35
T505883,C100517,2001-06-26,male,JAIPUR,"53,788.28",29-May-2024,030159,3207.62
T505412,C100735,1971-02-11,,Hyderabad,"55,080.47",2024-10-17,173027,INR 515.41
T500972,C100512,19/08/1986,m,,"Rs. 88,055.27",2024-08-28,074838,1716.56
T501896,C100239,1978-02-10,male,CHENNAI,"Rs. 30,783.15",2024-10-28,082343,3015.17
T504342,C100342,07/06/1969,M,  Surat,9262.22,26/10/2024,115547,7545.33
T502704,C100037,09-03-94,F,Delhi,"Rs. 33,340.33",22/09/2024,080630,1977.17
T504920,C100588,2003-09-24,,KOLKATA,"Rs. 10,922.29",18-Mar-2024,014231,3395.85
T505114,C100736,1994-08-24,m,Mumbai,21365.93,01-Jan-2024,163136,1349.37
T503374,C100693,11/10/1988,f,Jaipur,"247,886.54",2024-03-20,102102,4024.96
T505067,C100591,1975-05-16,Male,Jaipur,"31,294.72",31-Jan-2024,221008,"INR 5,378.03"
T505112,C100452,27/10/1966,female,MUMBAI,33276.34,20-Aug-2024,094428,7379.87
T505378,C100512,19/08/1986,m,,"Rs. 88,055.27",07/08/2024,072032,965.98
T502951,C100371,1960-12-25,m,Pune,10182.0,2024-06-06,203636,3101.84
T501345,C100071,04-06-01,male,Pune,"Rs. 7,466.77",2024-08-19,040824,1253.98
T505505,C100321,06-06-63,Male,Bangalore,66868.65,06/02/2024,014157,425.27
T500975,C100077,06-01-90,Female,Ahmedabad,"28,809.70",2024-10-30,090332,"INR 1,763.14"
T505217,C100131,2002-07-19,F,HYDERABAD,114687.04,25/09/2024,082637,"INR 2,164.61"
T500509,C100594,1990-02-24,male,Hyderabad,"Rs. 73,506.23",12/09/2024,200750,290.15
T500122,C100565,19/09/2004,f,BANGALORE,"67,225.87",2024-06-08,072903,1406.21
T505509,C100144,03/01/1996,F,Chennai,"63,913.10",26-Jun-2024,095246,120.79
T505552,C100771,07-12-67,F,KOLKATA,"9,840.47",08/06/2024,141221,783.94
T501710,C100203,01/02/2002,female,KOLKATA,3361.7,25/04/2024,192410,1633.5
T502100,C100000,18-10-59,Male,DELHI,"Rs. 17,012.07",24-Oct-2024,031657,231.95
T500869,C100257,21-11-70,,JAIPUR,88380.56,30-May-2024,065238,3768.34
T505561,C100781,07-12-64,f,LUCKNOW,,27/09/2024,022031,2227.77
T501030,C100334,05/05/1992,,Kolkata,"Rs. 92,365.78",2024-11-20,203144,354.07
T503463,C100204,1969-01-02,,Jaipur,"Rs. 19,428.09",07/06/2024,200435,639.8
T504852,C100083,11-01-60,f,Hyderabad,"7,606.81",22-Sep-2024,123814,1518.95
T501998,C100239,1978-02-10,male,CHENNAI,"Rs. 30,783.15",08-Sep-2024,083145,3486.79
T503590,C100563,17-08-73,,DELHI,,08-Aug-2024,081246,8289.3
T501156,C100291,1975-08-14,Female,Pune,,2024-06-23,174630,10345.35
T503156,C100209,01-02-55,female,,38752.88,03/09/2024,025309,882.05
T504428,C100134,1959-04-17,Male,HYDERABAD,12808.18,16-Sep-2024,213255,INR 858.38
T501575,C100185,1990-08-13,f,Kolkata,"Rs. 119,141.06",21/11/2024,235759,"INR 7,971.01"
T505761,C100220,1967-12-16,Female,KOLKATA,"36,055.65",03/05/2024,032015,-2225.59
T500061,C100587,27-07-91,m,mumbai ,"18,400.96",30-May-2024,093910,4151.0
T500472,C100181,07-08-60,male,Pune,"Rs. 46,982.71",02/10/2024,161102,
T504997,C100268,1990-09-10,F,Ahmedabad,24478.2,17/05/2024,115119,1621.21
T503454,C100556,0000-00-00,f,HYDERABAD,"Rs. 92,723.33",04/02/2024,123351,1704.64
T500865,C100404,04-05-64,m,Kolkata,"Rs. 17,067.98",2024-04-05,090414,2518.65
T503583,C100254,08/06/1964,Female,Ahmedabad,184790.05,2024-04-27,215803,21294.25
T505839,C100541,13-01-74,male,Ahmedabad,"186,265.55",19/10/2024,234744,1462.72
T503614,C100720,25-12-56,Male,LUCKNOW,"53,994.49",25-Dec-2024,165628,385.71
T504837,C100635,13/07/1998,m,DELHI,20087.81,2024-11-09,204035,1785.78
T505938,C100759,08-06-83,f,,,2024-01-10,212249,7098.12
T503388,C100663,24/03/1961,m,,"600,713.48",2024-10-20,130524,12418.3
T502180,C100336,27-02-97,M,NAGPUR,75339.25,09/07/2024,205943,1111.96
T504743,C100108,1974-12-26,M,Jaipur,"53,397.38",2024-05-03,160517,920.98
T503281,C100563,17-08-73,,DELHI,,13-Aug-2024,073443,913.8
T505087,C100091,1994-12-19,f,Kolkata,138944.05,2024-09-27,100137,6526.81
T501628,C100047,11/07/1966,female,Hyderabad,22419.5,2024-08-24,105646,"INR -1,124.47"
T502438,C100555,27-03-93,female,Ahmedabad,"66,420.28",28-Feb-2024,081554,-1796.13
T501149,C100658,1996-06-17,female,Chennai,"62,261.48",2024-05-18,070347,1669.13
T501160,C100798,01/02/2000,male,DELHI,"17,004.51",2024-09-12,024505,414.38
T500256,C100728,09/08/1988,F,Delhi,6027.16,2024-01-03,081356,217.97
T502598,C100428,17-03-81,Male,Pune,"163,084.05",2024-06-20,010229,8719.53
T504729,C100449,09-08-01,Male,CHENNAI,,26-Mar-2024,015447,3911.81
T505525,C100631,15/03/1970,M,DELHI,"47,693.35",23-Jan-2024,221926,151.7
T504873,C100215,25-01-62,Male,Jaipur,51679.23,03/03/2024,152601,1411.97
T501105,C100449,09-08-01,Male,CHENNAI,,19-Oct-2024,100104,3044.58
T505120,C100680,1964-12-27,male,Chennai,83125.23,17-Jul-2024,135008,4414.21
T503407,C100675,1962-07-04,,Bangalore,91272.97,18-Dec-2024,023109,"INR 1,291.01"
T500557,C100535,12-02-81,f,CHENNAI,10577.18,31-May-2024,132625,234205.00000000003
T501850,C100194,10/04/2004,Female,mumbai ,"Rs. 8,031.94",31/08/2024,081849,1618.75
T502088,C100185,1990-08-13,f,Kolkata,"Rs. 119,141.06",21/11/2024,123051,6867.98
T502899,C100709,15-12-01,Female,NAGPUR,"Rs. 253,403.83",07/06/2024,171308,2250.65
T503220,C100371,1960-12-25,m,Pune,10182.0,11-Aug-2024,051225,497.22
T500261,C100515,13/10/1997,Male,CHENNAI,48437.97,2024-02-01,204955,1781.74
T505178,C100623,1972-07-11,female,NAGPUR,,2024-06-20,180254,151.05
T500627,C100238,25/10/1981,,PUNE,,17/10/2024,212853,3751.54
T501889,C100381,2000-06-26,Female,AHMEDABAD,"34,569.41",05-Nov-2024,183045,326.1
T503042,C100527,19-04-72,male,AHMEDABAD,"Rs. 6,830.51",04/09/2024,165930,INR 717.35
T504305,C100444,13-06-84,f,  Surat,14948.14,01-Feb-2024,113840,840.17
T502078,C100065,18/02/2001,M,Delhi,55990.05,2024-10-02,021536,5380.2
T503585,C100010,1989-06-09,f,Kolkata,"Rs. 239,001.20",2024-05-10,061834,13419.85
T504304,C100436,06-10-60,F,Jaipur,"Rs. 93,354.27",01-Apr-2024,094039,5118.03
T501606,C100693,11/10/1988,f,Jaipur,"247,886.54",04/11/2024,003550,11376.32
T501020,C100569,06/08/1967,,KOLKATA,,21-Feb-2024,081454,878.67
T500608,C100541,13-01-74,male,Ahmedabad,"186,265.55",09/08/2024,135118,INR 380.47
T501403,C100633,16/05/1960,Male,Jaipur,7650.67,2024-01-10,022837,3348.69
T505081,C100498,1999-12-16,M,LUCKNOW,"Rs. 9,148.77",12/09/2024,111541,751.75
T503254,C100585,20-01-65,F,CHENNAI,"Rs. 51,724.58",2024-01-13,045401,931.81
T502096,C100521,1962-02-16,Male,Kolkata,56258.99,03/11/2024,122855,4668.27
T500209,C100214,1998-09-06,F,LUCKNOW,"Rs. 68,205.42",2024-09-26,070220,1071.94
T503798,C100596,1972-07-04,Male,mumbai ,"240,531.19",2024-06-09,162601,611.34
T503539,C100613,21/02/1972,,,"22,232.68",13/05/2024,110329,2302.53
T500153,C100072,1987-07-07,F,Bengaluru,"13,636.68",25-Apr-2024,064511,2838.13
T501590,C100455,,female,  Surat,9423.4,06-Mar-2024,012418,3907.4
T502442,C100065,18/02/2001,M,Delhi,55990.05,22-Jul-2024,030606,6825.29
T501147,C100720,25-12-56,Male,LUCKNOW,"53,994.49",2024-06-12,120228,2373.84
T503427,C100237,10-10-56,Male,PUNE,,21/10/2024,165334,461.35
T501967,C100788,17/10/1965,male,Bengaluru,"Rs. 40,994.26",04-Dec-2024,145526,1608.66
T503206,C100316,1994-03-18,male,mumbai ,11959.24,2024-06-29,040403,228.04
T502433,C100757,16-06-64,,NAGPUR,"Rs. 128,307.71",05/12/2024,151956,"INR 2,948.12"
T501633,C100604,1974-04-03,Male,PUNE,,18/06/2024,160531,681.63
T503292,C100237,10-10-56,Male,PUNE,,28/05/2024,125704,4669.47
T500597,C100675,1962-07-04,,Bangalore,91272.97,25-Nov-2024,065927,1355.16
T503137,C100210,1956-04-12,female,Delhi,"112,806.44",2024-07-20,033924,6024.08
T501656,C100169,1990-12-22,,Ahmedabad,"Rs. 346,738.24",28/03/2024,020937,2031.49
T504776,C100497,01-03-70,M,Hyderabad,28147.07,07-Jun-2024,084150,713.81
T505282,C100073,26/10/1997,,Pune,"Rs. 3,393.42",02/05/2024,144453,INR 288.02
T503297,C100791,19/10/1986,Female,Kolkata,91747.28,16-May-2024,155410,"INR 9,031.28"
T501565,C100086,1987-10-15,,LUCKNOW,"Rs. 11,228.91",2024-02-11,110229,420.31
T501518,C100696,18/05/1975,m,,295142.68,2024-12-22,173016,1406.39
T505182,C100646,24-02-56,M,Delhi,56399.4,10-Oct-2024,005914,957.76
T504317,C100303,1973-06-05,male,BANGALORE,"16,218.38",15-Apr-2024,183114,304.76
T500225,C100622,1963-04-08,male,Pune,"114,620.95",2024-12-16,194726,9578.21
T505475,C100578,1972-02-22,Male,Hyderabad,"Rs. 68,047.49",2024-08-21,122143,3696.3
T502517,C100080,1998-06-05,m,BANGALORE,772078.46,2024-03-23,004252,13174.58
T505170,C100148,1980-12-03,f,Chennai,,01-Nov-2024,142330,9070.85
T502393,C100487,18-04-93,Male,DELHI,"5,364.64",12-Oct-2024,082359,2269.71
T501760,C100785,2000-01-02,male,CHENNAI,102157.68,2024-12-26,144557,6612.94
T501360,C100675,1962-07-04,,Bangalore,91272.97,2024-03-17,121837,1476.31
T503304,C100498,1999-12-16,M,LUCKNOW,"Rs. 9,148.77",2024-07-22,104525,525.07
T502324,C100592,1965-07-19,Male,  Surat,"57,107.77",26/07/2024,063637,438.65
T503558,C100745,16/11/2002,Female,AHMEDABAD,53359.6,2024-04-17,152837,1442.74
T505269,C100385,04-09-86,female,PUNE,31830.7,2024-11-28,075934,8602.47
T501833,C100302,1974-07-11,f,Pune,"45,783.91",21/08/2024,161350,4342.42
T503661,C100278,16/05/1989,male,BANGALORE,"113,740.31",15/01/2024,002637,1936.1
T502009,C100016,07/02/1956,Female,mumbai ,"Rs. 21,454.12",2024-01-01,130954,3263.43
T503657,C100152,26/12/2001,,Jaipur,"Rs. 4,579.54",2024-07-22,214927,524.55
T504301,C100690,21-04-58,Male,BANGALORE,"Rs. 120,392.94",19/07/2024,230616,1876.37
T504187,C100577,21/07/1986,m,Delhi,22754.07,17/12/2024,192128,7862.95
T505125,C100246,11/12/1992,Male,Delhi,459949.04,2024-07-13,141255,7135.42
T503857,C100217,16-02-60,Male,Pune,"Rs. 18,308.71",2024-09-18,203637,5842.2
T500693,C100027,17-08-89,,AHMEDABAD,"Rs. 11,262.83",30/01/2024,013818,341636.0
T505586,C100626,1988-04-25,male,  Surat,,31/08/2024,160409,"INR 2,177.30"
T502612,C100204,1969-01-02,,Jaipur,"Rs. 19,428.09",2024-04-12,010829,4125.62
T501186,C100184,10-07-88,f,BANGALORE,45597.09,15-Sep-2024,004129,166.76
T501369,C100266,05/08/1960,f,  Surat,"201,021.76",2024-02-16,131606,7556.19
T501907,C100346,22/08/1993,M,PUNE,"134,207.78",30-May-2024,182325,5959.56
T504088,C100112,1984-02-13,,CHENNAI,,19-Dec-2024,074818,750.4
T502477,C100097,26/02/1991,f,PUNE,6498.69,15/03/2024,065917,536.18
T500016,C100624,23-03-91,F,KOLKATA,"Rs. 34,075.98",2024-03-12,021832,3493.49
T502514,C100514,1975-04-12,,KOLKATA,"Rs. 51,367.71",04/04/2024,143257,1065.64
T505685,C100556,0000-00-00,f,HYDERABAD,"Rs. 92,723.33",09/09/2024,211333,3992.37
T502205,C100512,19/08/1986,m,,"Rs. 88,055.27",21/12/2024,172029,14038.87
T503595,C100553,01/07/2001,f,  Surat,"Rs. 71,513.73",2024-03-27,012630,1299.5
T501486,C100085,17-10-83,m,Pune,36223.4,2024-04-18,210057,1919.12
T501676,C100598,1995-02-20,F,Bengaluru,"Rs. 138,205.32",2024-04-25,005934,4365.94
T502353,C100654,15-10-79,M,Bengaluru,55160.82,15/07/2024,125712,2409.93
T500656,C100049,07-11-02,f,Pune,"Rs. 26,295.53",28/08/2024,234501,1858.33
T501571,C100619,27/10/1979,F,Jaipur,"618,590.11",20/06/2024,033257,9706.62
T501737,C100532,2004-12-08,M,Ahmedabad,,26/02/2024,134530,5916.74
T503855,C100454,10/04/2003,F,NAGPUR,18847.61,11-May-2024,193919,"INR 1,491.77"
T504495,C100107,1982-06-20,M,Hyderabad,,20-Jan-2024,053131,518.79
T502846,C100741,24/04/1966,m,Kolkata,32097.85,27/12/2024,054826,INR 243.20
T502980,C100592,1965-07-19,Male,  Surat,"57,107.77",15/03/2024,172942,3111.29
T500618,C100349,,Female,PUNE,"397,135.49",02/04/2024,224626,619.31
T504604,C100225,09/10/1991,m,Chennai,"181,650.06",2024-01-18,215321,6019.78
T502847,C100009,13-01-89,f,PUNE,,14-May-2024,091541,INR 274.68
T505422,C100352,1998-03-02,F,DELHI,,15-May-2024,101136,"INR 1,936.84"
T500867,C100042,1968-11-12,Male,mumbai ,41014.43,06/04/2024,103320,1282.4
T502507,C100135,1976-12-12,Female,mumbai ,,2024-08-26,004941,1416.75
T504982,C100569,06/08/1967,,KOLKATA,,28/05/2024,163431,12748.31
T502110,C100112,1984-02-13,,CHENNAI,,21/01/2024,191033,2640.1
T504695,C100449,09-08-01,Male,CHENNAI,,15/02/2024,103210,"INR 7,417.00"
T505715,C100512,19/08/1986,m,,"Rs. 88,055.27",2024-08-24,052852,5939.56
T500457,C100037,09-03-94,F,Delhi,"Rs. 33,340.33",2024-01-14,022407,3210.89
T505311,C100328,1993-09-23,f,mumbai ,"138,849.89",25-Feb-2024,115702,729.61
T504966,C100790,03/02/1994,female,Pune,"108,574.79",05/04/2024,155946,3791.74
T500790,C100515,13/10/1997,Male,CHENNAI,48437.97,07-Jul-2024,214307,"INR 1,765.13"
T505246,C100534,21/09/1980,Female,MUMBAI,,26-Jun-2024,221133,2314.6
T503607,C100791,19/10/1986,Female,Kolkata,91747.28,2024-02-02,044918,2935.88
T503822,C100140,1964-06-15,,KOLKATA,699519.01,10-May-2024,143759,6439.84
T502260,C100266,05/08/1960,f,  Surat,"201,021.76",16-Oct-2024,003939,INR 753.58
T505643,C100741,24/04/1966,m,Kolkata,32097.85,11/08/2024,141847,3518.73
T502808,C100266,05/08/1960,f,  Surat,"201,021.76",2024-09-05,215648,4580.08
T505050,C100387,16-02-77,M,Kolkata,20501.21,24/07/2024,084643,4565.67
T503518,C100796,13-01-85,F,CHENNAI,22196.84,06-Oct-2024,050643,1179.84
T504746,C100616,12-12-98,M,LUCKNOW,68502.33,15/05/2024,012648,-2162.14
T500733,C100300,1990-09-07,Male,Chennai,,30-Dec-2024,114549,"INR 1,070.56"
T505976,C100661,14/06/1965,,JAIPUR,"105,161.33",26-Sep-2024,170624,"INR 1,944.40"
T504475,C100326,02-04-59,male,Hyderabad,"23,182.39",05/03/2024,212303,93.29
T503958,C100553,01/07/2001,f,  Surat,"Rs. 71,513.73",10-Aug-2024,043429,1013.08
T502133,C100565,19/09/2004,f,BANGALORE,"67,225.87",28-Jun-2024,005351,8243.72
T505052,C100143,1981-07-23,M,PUNE,"241,385.44",2024-01-16,095046,9577.51
T504267,C100781,07-12-64,f,LUCKNOW,,05/07/2024,184723,5590.43
T501944,C100023,12/05/1975,Male,Hyderabad,"5,699.11",2024-05-24,085223,843.25
T502279,C100385,04-09-86,female,PUNE,31830.7,20/12/2024,105325,924.78
T500659,C100550,19/08/1986,f,Mumbai,"121,126.01",30-Nov-2024,155314,3004.72
T502430,C100418,1960-01-14,,HYDERABAD,,22-Oct-2024,060131,1600.56
T503751,C100436,06-10-60,F,Jaipur,"Rs. 93,354.27",09-Sep-2024,123218,4704.81
T502528,C100174,1972-07-21,m,Bengaluru,97279.18,17-May-2024,125337,7455.44
T505376,C100390,18-11-59,f,DELHI,5005.43,22-Oct-2024,043651,246.88
T500642,C100225,09/10/1991,m,Chennai,"181,650.06",11/01/2024,005555,7427.72
T500168,C100338,1977-03-17,M,Chennai,"34,108.53",2024-11-24,095834,1880.52
T501517,C100378,06-11-03,m,CHENNAI,,08/11/2024,131938,818.3
T501800,C100390,18-11-59,f,DELHI,5005.43,2024-10-06,000503,
T503394,C100152,26/12/2001,,Jaipur,"Rs. 4,579.54",10/02/2024,024459,1553.67
T501917,C100224,1990-02-18,M,  Surat,"29,503.15",05-Aug-2024,213134,1226.83
T500272,C100216,05/01/1995,,Bangalore,,15-Oct-2024,141430,758.26
T502468,C100039,13/06/1975,Female,BANGALORE,"Rs. 269,975.33",24-Dec-2024,182421,4036.1
T502939,C100477,08/08/1992,M,Ahmedabad,"Rs. 72,921.71",2024-11-04,121500,957.83
T505827,C100353,2001-08-12,m,Pune,,06/02/2024,230318,"INR 4,672.98"
T501066,C100016,07/02/1956,Female,mumbai ,"Rs. 21,454.12",24-Jul-2024,170820,2252.05
T500494,C100670,26/10/1983,female,MUMBAI,371867.09,23-Dec-2024,091724,2224.01
T504911,C100119,23/01/1962,female,Pune,,11-Jun-2024,204133,241.17
T501912,C100325,25-11-83,M,Jaipur,,28/01/2024,011553,1333.02
T503646,C100051,21/02/1976,m,PUNE,"169,367.84",10/08/2024,110146,13464.64
T500038,C100108,1974-12-26,M,Jaipur,"53,397.38",2024-03-13,151507,4619.4
T500306,C100393,11/11/1981,F,Mumbai,"15,018.25",2024-10-07,092438,1084.73
T503740,C100232,1984-12-23,,CHENNAI,41614.26,06-Nov-2024,234553,959.19
T504102,C100067,2035-01-01,,JAIPUR,"Rs. 36,368.89",16/09/2024,130704,"INR 6,040.35"
T503152,C100095,1980-11-25,Female,Ahmedabad,,08-Nov-2024,151632,1099.58
T502829,C100627,1961-08-10,female,Bangalore,24171.98,2024-07-10,033157,1899.68
T500781,C100339,20/04/1966,male,PUNE,"Rs. 62,182.35",2024-02-19,121549,"INR 9,677.38"
T500534,C100081,26-07-87,m,LUCKNOW,8629.03,01/04/2024,041255,"INR 3,766.64"
T500583,C100173,2003-09-18,Female,PUNE,"Rs. 28,296.42",23/09/2024,122753,217.52
T505501,C100443,13/05/2004,Female,NAGPUR,102909.31,01-Jul-2024,135232,612.3
T504143,C100565,19/09/2004,f,BANGALORE,"67,225.87",2024-04-18,023815,795.89
T504418,C100517,2001-06-26,male,JAIPUR,"53,788.28",08/09/2024,190632,5735.73
T503796,C100331,09-04-84,Male,Delhi,139917.52,17/03/2024,065824,440.95
T505905,C100689,03/09/2001,Female,Mumbai,5503.87,2024-02-23,111442,79.89
T500931,C100330,03/01/1996,m,Mumbai,"Rs. 8,776.03",27/05/2024,020423,480.53
T502861,C100270,21-01-63,m,KOLKATA,"Rs. 40,183.80",25/03/2024,122040,3457.18
T500316,C100056,20/08/1973,M,CHENNAI,"Rs. 116,022.67",2024-04-24,073749,1365.08
T502197,C100281,01/10/2001,Male,HYDERABAD,2716.26,25/11/2024,030956,1141.78
T502564,C100591,1975-05-16,Male,Jaipur,"31,294.72",09-Nov-2024,053120,4585.19
T505565,C100437,10/05/1977,female,PUNE,"Rs. 58,587.83",2024-03-26,005802,2881.38
T505902,C100133,04-02-80,female,Hyderabad,,17-Jul-2024,120045,2058.49
T501794,C100210,1956-04-12,female,Delhi,"112,806.44",29/04/2024,020207,6749.99
T505740,C100553,01/07/2001,f,  Surat,"Rs. 71,513.73",16-Mar-2024,101039,2892.62
T505234,C100223,01-11-75,female,NAGPUR,7196.01,2024-09-10,231950,741.22
T500271,C100413,1975-06-17,Male,Chennai,,29-Sep-2024,190508,1368.32
T500548,C100146,20/10/1976,male,MUMBAI,"113,306.25",25/02/2024,233513,4790.29
T501692,C100680,1964-12-27,male,Chennai,83125.23,20/03/2024,230016,2802.78
T503525,C100426,20/12/2001,female,Kolkata,64167.81,05-Jul-2024,055523,"INR 2,582.76"
T503012,C100780,21-03-63,Female,  Surat,1632.01,15/03/2024,151423,21.66
T505914,C100103,14-02-91,,Delhi,,2024-06-08,144900,"INR 2,500.22"
T505927,C100726,1966-04-07,m,KOLKATA,"Rs. 213,622.83",14-Mar-2024,112437,7944.36
T502390,C100734,1985-06-24,F,Pune,"29,158.72",05/12/2024,095504,INR 698.97
T503876,C100141,20/10/1986,,mumbai ,160886.94,05-Jun-2024,170242,6919.12
T504694,C100436,06-10-60,F,Jaipur,"Rs. 93,354.27",27-Jun-2024,130312,5577.73
T500894,C100748,05/07/1989,male,mumbai ,"Rs. 63,573.89",01/04/2024,163028,1839.68
T504666,C100054,01-04-73,f,AHMEDABAD,"Rs. 2,705.17",24/07/2024,052116,1005.87
T501999,C100196,17/08/1965,Female,Hyderabad,"Rs. 24,873.57",2024-02-04,223633,602.26
T502122,C100703,1984-05-15,female,Jaipur,"Rs. 125,815.19",2024-09-05,105239,1228.17
T504157,C100178,1996-12-02,female,mumbai ,"Rs. 18,046.45",03-Aug-2024,121637,1771.57
T501247,C100576,15-11-74,female,NAGPUR,,2024-09-26,170503,4033.63
T504487,C100047,11/07/1966,female,Hyderabad,22419.5,01/04/2024,064431,"INR 1,199.23"
T501259,C100183,17/11/1989,f,Pune,17926.98,17/10/2024,041537,1501.44
T500809,C100574,03-10-85,m,Mumbai,"11,779.17",18-Jul-2024,201650,389.05
T501049,C100612,22-09-87,,JAIPUR,378740.24,14/06/2024,232306,2432.03
T501878,C100616,12-12-98,M,LUCKNOW,68502.33,05/12/2024,234239,2159.73
T502879,C100402,06-11-03,m,Delhi,"104,593.33",2024-08-30,073031,2916.62
T500107,C100274,1973-07-26,Male,Kolkata,,03/09/2024,001648,816.14
T500673,C100668,21-07-78,Female,Bangalore,"99,681.03",06/10/2024,160827,
T505515,C100271,1977-07-11,male,Bengaluru,8306.59,15-Jan-2024,003148,885.1
T504761,C100629,25/12/1993,female,DELHI,"Rs. 24,299.30",28-Oct-2024,070139,2148.03
T504605,C100389,1975-12-07,F,Kolkata,,07-Apr-2024,083426,3543.89
T505296,C100664,09/01/1987,,Mumbai,99475.96,2024-01-30,033442,3779.26
T501532,C100406,09-01-59,Female,Chennai,"Rs. 70,730.83",2024-03-19,034221,5593.51
T504962,C100189,16/02/1969,female,MUMBAI,"7,756.98",15-Sep-2024,202724,3330.02
T501855,C100019,0000-00-00,,Bengaluru,102437.46,10/01/2024,110359,"INR 8,269.11"
T500211,C100565,19/09/2004,f,BANGALORE,"67,225.87",2024-01-23,170010,2934.51
T503147,C100395,2001-02-20,f,Kolkata,"Rs. 30,084.28",2024-10-02,141245,"INR 7,380.62"
T505156,C100618,10/10/1967,Female,  Surat,29639.57,21-Jan-2024,144700,-2060.77
T502256,C100044,1962-08-19,male,Hyderabad,"43,950.32",31-May-2024,063114,1372.8
T502105,C100112,1984-02-13,,CHENNAI,,04-Oct-2024,164925,389.5
T503268,C100234,15-03-98,female,Chennai,59188.47,10/08/2024,053806,2938.67
T505885,C100150,10-08-01,f,KOLKATA,"Rs. 80,031.58",17/01/2024,103125,450.6
T501973,C100764,1966-06-14,M,Jaipur,62112.48,18/02/2024,141443,6402.54
T504685,C100515,13/10/1997,Male,CHENNAI,48437.97,19-Dec-2024,120440,
T501501,C100764,1966-06-14,M,Jaipur,62112.48,2024-12-10,051152,1049.99
T504182,C100422,1/1/1800,F,DELHI,"10,121.37",2024-01-29,182314,151.18
T500646,C100701,1973-08-26,m,Delhi,26855.95,04/10/2024,030407,4401.41
T503633,C100514,1975-04-12,,KOLKATA,"Rs. 51,367.71",05-Dec-2024,070025,764.63
T500771,C100212,24-06-00,female,NAGPUR,"119,741.09",16-Aug-2024,144708,1287.68
T500703,C100553,01/07/2001,f,  Surat,"Rs. 71,513.73",08-May-2024,154149,708.46
T503587,C100421,1985-01-17,Male,Chennai,"123,501.29",2024-04-27,224944,INR 399.34
T501249,C100415,05/08/1964,m,BANGALORE,"Rs. 81,774.91",16-Jun-2024,212506,1392.01
T504804,C100519,1980-12-10,M,KOLKATA,103786.19,01-Oct-2024,174352,2432.66
T502472,C100735,1971-02-11,,Hyderabad,"55,080.47",24/06/2024,191116,72.85
T501860,C100493,0000-00-00,F,AHMEDABAD,"Rs. 102,129.94",16/09/2024,035611,2513.35
T500709,C100150,10-08-01,f,KOLKATA,"Rs. 80,031.58",29/03/2024,123251,6317.9
T502672,C100708,27/01/1964,m,Kolkata,"48,367.85",06-Apr-2024,073405,"INR 2,226.97"
T504514,C100521,1962-02-16,Male,Kolkata,56258.99,2024-12-04,072207,4702.59
T501461,C100199,12-08-83,male,Mumbai,71799.72,2024-04-29,035214,2247.46
T501484,C100266,05/08/1960,f,  Surat,"201,021.76",2024-10-07,191058,8070.16
T502545,C100288,08/09/1992,,AHMEDABAD,"35,907.23",2024-08-22,044505,634.81
T500230,C100392,02-08-81,female,BANGALORE,,05-Jan-2024,221409,122.71
T501356,C100510,2000-03-08,F,Ahmedabad,"235,563.00",08/10/2024,111711,4293.77
T503011,C100391,1973-01-06,female,Jaipur,18082.92,2024-12-15,175436,799.69
T500851,C100010,1989-06-09,f,Kolkata,"Rs. 239,001.20",2024-10-24,110413,"INR 11,307.49"
T501004,C100749,1/1/1800,m,Mumbai,"372,624.79",22-Mar-2024,030607,12705.75
T501996,C100581,10/01/1991,M,Bengaluru,"Rs. 13,752.63",04/06/2024,221757,1552.8
T501834,C100681,15/05/1967,female,LUCKNOW,"239,151.47",08-Aug-2024,041911,4767.93
T503973,C100147,17-03-97,male,Mumbai,"34,392.46",31-Jul-2024,125305,"INR 1,004.35"
T504532,C100214,1998-09-06,F,LUCKNOW,"Rs. 68,205.42",06/04/2024,091332,611.88
T501316,C100767,0000-00-00,F,,70068.58,20-Jul-2024,235312,1648.85
T503327,C100035,1992-05-22,male,Mumbai,,12/08/2024,080739,1773.67
T501623,C100532,2004-12-08,M,Ahmedabad,,2024-09-12,080314,-1603.4
T501480,C100378,06-11-03,m,CHENNAI,,19-Jul-2024,023434,"INR 4,398.61"
T503833,C100693,11/10/1988,f,Jaipur,"247,886.54",2024-06-29,073449,
T505099,C100282,1998-01-11,Female,HYDERABAD,"Rs. 10,270.51",20-Apr-2024,152133,352.32
T501278,C100653,1965-06-07,f,AHMEDABAD,"Rs. 305,029.15",2024-02-06,081300,11729.65
T503080,C100070,1994-10-17,F,LUCKNOW,"29,489.38",14/07/2024,205016,2388.61
T501823,C100059,1955-01-19,female,Hyderabad,"Rs. 1,737.55",13/06/2024,072100,2504.31
T501053,C100556,0000-00-00,f,HYDERABAD,"Rs. 92,723.33",30/06/2024,185440,1348.63
T504145,C100320,27/02/1980,male,LUCKNOW,23034.86,12/06/2024,072923,INR 38.87
T500475,C100475,01-01-1900,Female,Bengaluru,"89,827.75",24-May-2024,205506,481.41
T502282,C100441,26/01/1973,M,LUCKNOW,"109,974.75",15-Apr-2024,045737,1353.82
T503711,C100133,04-02-80,female,Hyderabad,,2024-05-27,215525,1689.3
T503146,C100141,20/10/1986,,mumbai ,160886.94,11-Oct-2024,121547,15529.29
T500335,C100144,03/01/1996,F,Chennai,"63,913.10",2024-08-26,025408,831.79
T502617,C100057,21/12/1998,Male,Hyderabad,"108,663.77",23-May-2024,083209,4255.18
T503662,C100161,1999-05-26,Male,LUCKNOW,68566.76,08/08/2024,103508,470.81
T500088,C100641,15-09-04,M,PUNE,"23,713.23",26/09/2024,084100,607.79
T500874,C100288,08/09/1992,,AHMEDABAD,"35,907.23",10/12/2024,205421,822.76
T500543,C100764,1966-06-14,M,Jaipur,62112.48,29/04/2024,144726,10064.97
T503000,C100753,05/12/1958,Male,Ahmedabad,,2024-06-07,201250,"INR 4,301.41"
T502760,C100260,05-07-82,M,Mumbai,"47,216.74",23-Jul-2024,172743,
T500555,C100400,17/12/1961,female,Pune,,09/12/2024,123559,4558.05
T501880,C100001,03/03/1976,,AHMEDABAD,"43,869.35",2024-04-25,114115,1198.53
T503203,C100292,1/1/1800,female,MUMBAI,"9,547.79",26-Apr-2024,142955,"INR 1,251.50"
T500926,C100318,19/04/1976,,JAIPUR,"171,947.48",13-Mar-2024,105645,1729.78
T500319,C100482,1995-12-05,F,Bengaluru,,08/04/2024,212423,196.69
T504615,C100132,13-02-62,,Delhi,,14-Nov-2024,102705,1831.8
T500878,C100761,1989-09-02,f,  Surat,"25,607.80",2024-07-06,160852,1372.32
T503994,C100647,25-03-56,female,Chennai,"Rs. 27,953.84",2024-03-19,042707,2604.35
T504921,C100405,1959-09-13,m,NAGPUR,"Rs. 5,646.11",20/09/2024,191519,2015.36
T503246,C100254,08/06/1964,Female,Ahmedabad,184790.05,12/09/2024,124711,1295.0
T503078,C100280,1996-03-06,male,KOLKATA,"61,078.77",2024-06-30,014956,2674.51
T503761,C100688,21/10/2001,Male,Hyderabad,"Rs. 28,109.11",13/10/2024,003458,169.54
T504730,C100623,1972-07-11,female,NAGPUR,,19/05/2024,170602,579.81
T505688,C100065,18/02/2001,M,Delhi,55990.05,06/11/2024,120000,348041.0
T504234,C100796,13-01-85,F,CHENNAI,22196.84,15/10/2024,235909,2980.82
T504259,C100771,07-12-67,F,KOLKATA,"9,840.47",22-Jan-2024,110520,772.09
T501618,C100281,01/10/2001,Male,HYDERABAD,2716.26,30/05/2024,201533,1314.09
T503726,C100676,12-03-59,,NAGPUR,"44,650.65",10-Dec-2024,161850,2442.85
T505983,C100363,1995-08-11,Male,  Surat,"Rs. 6,950.01",2024-12-29,030624,4325.34
T501045,C100112,1984-02-13,,CHENNAI,,12-Nov-2024,000416,592.07
T505056,C100663,24/03/1961,m,,"600,713.48",28-Aug-2024,025846,"INR 2,048.57"
T501750,C100178,1996-12-02,female,mumbai ,"Rs. 18,046.45",2024-05-26,071102,
T505151,C100591,1975-05-16,Male,Jaipur,"31,294.72",2024-12-09,124747,
T503878,C100071,04-06-01,male,Pune,"Rs. 7,466.77",02/10/2024,232110,"INR 1,122.44"
T503917,C100101,1978-06-19,m,HYDERABAD,"Rs. 10,568.41",21-Sep-2024,235110,198.32
T505189,C100742,03-10-70,,mumbai ,"Rs. 4,402.93",22/06/2024,223320,340.9
T501043,C100701,1973-08-26,m,Delhi,26855.95,2024-12-26,100207,2084.1
T503010,C100512,19/08/1986,m,,"Rs. 88,055.27",2024-10-21,053947,7326.27
T505155,C100554,24-01-80,m,  Surat,"31,094.72",2024-09-17,130227,"INR 2,618.27"
T503290,C100110,04-06-04,,Chennai,"188,084.65",2024-02-22,025857,3246.57
T505876,C100676,12-03-59,,NAGPUR,"44,650.65",25/05/2024,063954,"INR 1,923.89"
T504751,C100636,07/07/1969,female,  Surat,"Rs. 52,253.95",24-Jan-2024,210137,2324.05
T502064,C100577,21/07/1986,m,Delhi,22754.07,22/02/2024,022014,"INR 1,484.13"
T502964,C100632,02/08/1999,Female,Chennai,70747.64,17/09/2024,151806,1280.61
T500641,C100466,08-03-65,M,Mumbai,11590.04,17-Jan-2024,085823,1782.54
T500137,C100301,1990-12-15,female,Delhi,30265.49,12/05/2024,124325,"INR 2,141.00"
T500880,C100309,1970-04-13,F,Mumbai,"Rs. 40,590.80",01-Dec-2024,232312,1656.89
T501976,C100788,17/10/1965,male,Bengaluru,"Rs. 40,994.26",26/05/2024,134216,2884.56
T501581,C100333,18-03-86,F,LUCKNOW,,2024-01-03,075329,5496.14
T504793,C100283,1977-10-18,M,  Surat,"Rs. 54,219.80",18-May-2024,212107,1781.7
T501097,C100601,26/01/1967,m,Bengaluru,5370.73,2024-11-24,055042,"INR 1,789.74"
T505362,C100614,13/08/1968,male,Chennai,"Rs. 11,618.40",2024-12-27,172150,1751.31
T505762,C100791,19/10/1986,Female,Kolkata,91747.28,02/02/2024,210924,25826.01
T501392,C100076,05-07-01,female,Ahmedabad,"Rs. 12,298.94",16-Oct-2024,000916,"INR 4,582.65"
T502083,C100014,1995-01-22,M,LUCKNOW,72097.18,21-Jul-2024,234850,2309.33
T501266,C100488,25-03-77,m,BANGALORE,"29,268.42",2024-11-22,172909,4359.55
T504231,C100047,11/07/1966,female,Hyderabad,22419.5,16/08/2024,035759,175.79
T505265,C100316,1994-03-18,male,mumbai ,11959.24,09-Jun-2024,164759,"INR 4,681.34"
T502574,C100006,1990-05-02,female,Bangalore,"Rs. 40,563.16",11/03/2024,143912,4437.7
T502135,C100250,04/10/1964,Female,Ahmedabad,"12,840.30",2024-09-05,082959,1453.17
T501503,C100153,04-08-82,f,LUCKNOW,"379,373.89",2024-08-13,111544,15454.17
T505519,C100130,07/02/1977,female,PUNE,"Rs. 7,572.86",2024-10-27,183442,173.56
T503367,C100574,03-10-85,m,Mumbai,"11,779.17",24/07/2024,051837,766.89
T503729,C100330,03/01/1996,m,Mumbai,"Rs. 8,776.03",31/10/2024,001832,-606.4
T500148,C100573,1976-01-19,male,Hyderabad,41943.84,18/09/2024,010351,10042.99
T500303,C100238,25/10/1981,,PUNE,,13-Feb-2024,092548,621.27
T505113,C100727,1978-08-19,female,JAIPUR,"Rs. 123,863.27",2024-10-09,104902,1563.28
T501924,C100127,24/03/1957,Male,Jaipur,,05/07/2024,171926,5168.12
T505148,C100489,02-06-90,Male,Mumbai,72526.62,01-Sep-2024,194222,3856.31
T505889,C100212,24-06-00,female,NAGPUR,"119,741.09",2024-09-01,080747,4130.38
T502637,C100481,22/05/1988,Male,JAIPUR,"1,624.30",08/02/2024,003804,271.18
T501904,C100579,2003-08-07,female,Jaipur,"Rs. 200,313.27",2024-09-04,151625,10417.79
T505750,C100054,01-04-73,f,AHMEDABAD,"Rs. 2,705.17",25/08/2024,074330,1586.17
T504294,C100026,1980-06-13,f,Bangalore,"42,425.02",2024-05-22,195405,206.68
T503842,C100147,17-03-97,male,Mumbai,"34,392.46",29-Jan-2024,160205,4325.91
T505471,C100663,24/03/1961,m,,"600,713.48",17-Nov-2024,124140,"INR -3,788.72"
T501768,C100764,1966-06-14,M,Jaipur,62112.48,25/06/2024,063143,"INR 8,576.95"
T502875,C100672,1996-06-02,Male,,"8,048.34",16-Sep-2024,210903,1150.23
T502240,C100672,1996-06-02,Male,,"8,048.34",2024-08-22,102214,INR 116.03
T504500,C100345,01-05-83,f,KOLKATA,12276.92,2024-09-13,213202,-3267.43
T504400,C100409,16-02-62,f,BANGALORE,"20,193.51",28/03/2024,022853,
T503277,C100625,1969-04-02,M,LUCKNOW,21865.24,09/07/2024,143847,637.42
T500483,C100511,1977-08-05,Female,,"10,555.44",20-Jul-2024,073959,1204.31
T505278,C100553,01/07/2001,f,  Surat,"Rs. 71,513.73",02/09/2024,011557,2287.64
T501280,C100445,15-10-79,Female,  Surat,"5,698.13",05-Apr-2024,061656,531.63
T505127,C100381,2000-06-26,Female,AHMEDABAD,"34,569.41",2024-04-09,120957,2821.61
T503680,C100798,01/02/2000,male,DELHI,"17,004.51",2024-07-29,102629,2366.98
T500791,C100584,27/02/1997,F,Chennai,"16,020.27",2024-02-08,204709,465.49
T504895,C100210,1956-04-12,female,Delhi,"112,806.44",21-Nov-2024,084238,21474.1
T501201,C100283,1977-10-18,M,  Surat,"Rs. 54,219.80",28-Mar-2024,135709,2153.82
T504518,C100264,1984-01-06,male,HYDERABAD,,14/11/2024,182458,-12697.7
T503912,C100687,23/01/1961,F,JAIPUR,,2024-03-21,105708,411.26
T502362,C100276,02/08/2000,,Jaipur,56892.89,17-Jun-2024,104713,5041.0
T503069,C100541,13-01-74,male,Ahmedabad,"186,265.55",13/12/2024,001437,2099.83
T503429,C100407,26-08-62,F,JAIPUR,"11,790.29",2024-11-26,055043,2092.95
T505704,C100741,24/04/1966,m,Kolkata,32097.85,05/09/2024,105021,2384.04
T505966,C100495,1977-09-03,m,Mumbai,638.04,01-Jul-2024,011131,397.8
T502591,C100750,20-09-76,M,MUMBAI,"Rs. 140,121.33",09/09/2024,004540,9308.58
T502710,C100676,12-03-59,,NAGPUR,"44,650.65",31-Oct-2024,101109,4236.85
T501529,C100193,26/11/1986,Male,Delhi,"16,440.96",14-Apr-2024,012120,1177.16
T504998,C100254,08/06/1964,Female,Ahmedabad,184790.05,03-Feb-2024,053948,217.23
T502809,C100679,10-11-58,m,Kolkata,39458.8,2024-03-15,095443,4154.01
T500685,C100199,12-08-83,male,Mumbai,71799.72,2024-09-04,210224,3636.9
T501551,C100299,2003-07-15,Male,Jaipur,,29-Dec-2024,144851,266.29
T504255,C100479,22/10/1980,f,Kolkata,"Rs. 98,501.77",2024-11-16,230439,-2511.59
T505095,C100300,1990-09-07,Male,Chennai,,10-Jun-2024,134611,638.18
T503871,C100162,1997-09-24,m,Delhi,"Rs. 42,810.30",2024-04-15,163024,1495.08
T505122,C100717,1983-04-25,F,mumbai ,,20/10/2024,073915,2902.17
T500560,C100129,22/07/1964,M,Delhi,"39,437.66",2024-06-13,080759,1196.64
T502250,C100389,1975-12-07,F,Kolkata,,17/03/2024,053527,1513.31
T505772,C100163,04/08/1970,m,Kolkata,"Rs. 3,126.03",2024-06-04,180830,844.86
T503500,C100751,1969-11-08,Male,MUMBAI,,10/06/2024,020752,3633.3
T502689,C100504,1999-12-20,M,Jaipur,97634.59,28/07/2024,201809,INR 841.16
T504208,C100663,24/03/1961,m,,"600,713.48",18-Dec-2024,170120,2254.35
T504524,C100587,27-07-91,m,mumbai ,"18,400.96",02/06/2024,062019,1258.09
T503379,C100191,02-01-79,M,PUNE,"Rs. 70,003.54",2024-05-21,202842,INR 628.87
T503193,C100543,25/02/1989,M,Chennai,"Rs. 28,641.23",2024-01-20,074018,2729.4
T501446,C100062,16/02/1976,Male,Mumbai,6698.94,2024-02-08,193429,745.31
T501952,C100234,15-03-98,female,Chennai,59188.47,31-Jul-2024,190947,2583.04
T500922,C100755,15/07/1975,f,Hyderabad,,2024-02-17,102821,42155.0
T501624,C100301,1990-12-15,female,Delhi,30265.49,2024-06-10,173831,7039.9
T500310,C100300,1990-09-07,Male,Chennai,,18-Apr-2024,120137,3112.04
T501319,C100392,02-08-81,female,BANGALORE,,12-Apr-2024,095015,1750.64
T503531,C100060,21/09/2001,male,HYDERABAD,"4,623.60",05/05/2024,072414,488.47
T501663,C100036,04/08/1957,,LUCKNOW,119884.19,10-Aug-2024,011342,INR 242.19
T500815,C100608,1978-11-05,M,NAGPUR,"49,274.28",04/07/2024,055800,3367.84
T505601,C100743,1968-05-24,Male,,121700.99,02-Jun-2024,030132,127.91
T502266,C100092,2000-06-15,m,Ahmedabad,,30-Jul-2024,162230,4249.53
T501473,C100051,21/02/1976,m,PUNE,"169,367.84",26/09/2024,035812,6009.8
T501773,C100060,21/09/2001,male,HYDERABAD,"4,623.60",2024-09-14,121932,714.95
T504775,C100404,04-05-64,m,Kolkata,"Rs. 17,067.98",02/09/2024,081417,1875.42
T505702,C100678,1971-09-03,m,NAGPUR,"Rs. 43,991.48",16/02/2024,172004,749.87
T501093,C100253,27/03/1978,male,Bangalore,"Rs. 107,511.50",2024-05-23,215342,12093.69
T504176,C100455,,female,  Surat,9423.4,19/04/2024,173443,1639.55
T501950,C100633,16/05/1960,Male,Jaipur,7650.67,09/08/2024,045841,"INR 25,595.00"
T503884,C100315,16/02/2001,,PUNE,"Rs. 10,487.31",25/01/2024,154521,INR 588.38
T505581,C100698,03/10/1986,M,mumbai ,"Rs. 186,379.37",17/09/2024,094014,8126.35
T505771,C100082,15-12-75,,Hyderabad,"Rs. 3,621.26",2024-06-07,124556,213.53
T502800,C100378,06-11-03,m,CHENNAI,,13/05/2024,155700,
T501239,C100629,25/12/1993,female,DELHI,"Rs. 24,299.30",2024-09-06,201134,4408.48
T500329,C100001,03/03/1976,,AHMEDABAD,"43,869.35",2024-07-11,201823,
T503102,C100436,06-10-60,F,Jaipur,"Rs. 93,354.27",22-Mar-2024,010807,2523.9
T500242,C100336,27-02-97,M,NAGPUR,75339.25,2024-06-14,154737,3347.4
T505782,C100327,1959-06-23,,Bangalore,,15/04/2024,100439,243.48
T504737,C100633,16/05/1960,Male,Jaipur,7650.67,07-Feb-2024,075032,5700.53
T504792,C100136,17/08/2002,,Ahmedabad,,30-Jan-2024,061425,9705.63
T502257,C100051,21/02/1976,m,PUNE,"169,367.84",2024-01-29,104057,"INR 2,858.26"
T502818,C100319,1956-12-01,f,mumbai ,418468.01,03-Sep-2024,004110,3897.78
T503824,C100598,1995-02-20,F,Bengaluru,"Rs. 138,205.32",2024-02-28,020955,907.11
T500753,C100188,1981-12-18,m,PUNE,"34,870.27",19-Mar-2024,043638,
T504531,C100659,2000-01-11,female,JAIPUR,86238.94,2024-11-15,053042,1249.6
T501563,C100191,02-01-79,M,PUNE,"Rs. 70,003.54",26/11/2024,034318,1572.4
T501934,C100653,1965-06-07,f,AHMEDABAD,"Rs. 305,029.15",2024-01-30,183706,9561.09
T505919,C100608,1978-11-05,M,NAGPUR,"49,274.28",2024-10-24,092036,2891.29
T503493,C100047,11/07/1966,female,Hyderabad,22419.5,12-Jun-2024,072117,6265.1
T503022,C100411,1980-10-24,F,LUCKNOW,"2,108.17",2024-08-15,133756,1269.29
T504647,C100372,19/12/1983,Female,Mumbai,59995.96,17/06/2024,083524,4007.95
T502648,C100558,1958-07-13,Female,Hyderabad,43904.78,08-Feb-2024,044639,1716.49
T501856,C100094,20/03/1981,f,Bangalore,50521.45,2024-07-19,020314,419.53
T504697,C100409,16-02-62,f,BANGALORE,"20,193.51",15-Mar-2024,044704,654.61
T503563,C100238,25/10/1981,,PUNE,,2024-10-16,121437,1954.15
T501964,C100585,20-01-65,F,CHENNAI,"Rs. 51,724.58",22-Aug-2024,170043,1585.92
T501013,C100349,,Female,PUNE,"397,135.49",12/09/2024,052443,10823.82
T501427,C100028,26/05/1973,,HYDERABAD,,01-Nov-2024,045243,9123.06
T503322,C100286,16-05-81,female,Jaipur,28080.8,2024-04-20,122624,497.38
T501295,C100647,25-03-56,female,Chennai,"Rs. 27,953.84",2024-09-09,141804,987.51
T500466,C100416,20/10/1988,Male,JAIPUR,77721.72,05-Apr-2024,142654,2497.67
T504028,C100001,03/03/1976,,AHMEDABAD,"43,869.35",2024-11-23,170006,2945.61
T500174,C100271,1977-07-11,male,Bengaluru,8306.59,18-May-2024,205829,338.24
T504880,C100613,21/02/1972,,,"22,232.68",12-Feb-2024,040529,58.01
T500277,C100200,07/09/1984,f,Pune,"99,008.06",2024-05-02,233756,1342.25
T501069,C100692,1971-01-16,male,  Surat,,15-Feb-2024,035935,1538.92
T501548,C100753,05/12/1958,Male,Ahmedabad,,2024-05-04,043126,14442.52
T501024,C100111,13/02/1961,f,Bengaluru,31428.6,17/04/2024,134901,3135.63
T505036,C100545,14/11/1965,F,Mumbai,76933.29,2024-10-07,050241,2213.97
T502834,C100129,22/07/1964,M,Delhi,"39,437.66",28-Oct-2024,060936,1325.65
T501466,C100593,09-05-75,Male,Ahmedabad,77632.67,2024-01-30,160310,1588.36
T505419,C100243,26-10-81,male,Ahmedabad,16321.79,06-Jul-2024,061804,"INR 3,290.21"
T505605,C100227,1962-10-14,M,Pune,"Rs. 4,871.68",2024-05-04,071945,1048.09
T505002,C100484,1984-05-17,male,JAIPUR,12346.88,2024-01-09,071026,272.01
T501713,C100153,04-08-82,f,LUCKNOW,"379,373.89",31-Oct-2024,021702,-4137.22
T503424,C100118,1993-04-18,,Ahmedabad,,2024-04-14,000009,1124.08
T502611,C100785,2000-01-02,male,CHENNAI,102157.68,2024-06-21,030447,423.24
T500388,C100790,03/02/1994,female,Pune,"108,574.79",05-Nov-2024,184047,6525.78
T502070,C100032,16/10/1977,female,Kolkata,"27,810.10",09-Jul-2024,065531,632.89
T503970,C100750,20-09-76,M,MUMBAI,"Rs. 140,121.33",2024-06-07,153911,856.56
T503495,C100267,24/03/1964,F,Bengaluru,"Rs. 100,432.83",30/05/2024,063024,2368.91
T502821,C100550,19/08/1986,f,Mumbai,"121,126.01",20-Dec-2024,114438,488.53
T504976,C100317,05-03-83,,  Surat,"27,760.80",06/12/2024,013620,372.95
T501424,C100492,20-09-66,male,KOLKATA,"3,109.69",18/12/2024,050244,666.3
T503542,C100729,18-06-74,M,LUCKNOW,"264,299.97",24/03/2024,060446,4326.35
T500354,C100126,14/08/1992,,JAIPUR,"Rs. 17,927.78",2024-06-07,063049,597.11
T503574,C100477,08/08/1992,M,Ahmedabad,"Rs. 72,921.71",04-May-2024,180229,814.0
T500050,C100363,1995-08-11,Male,  Surat,"Rs. 6,950.01",08/06/2024,052323,602.09
T501887,C100419,14-06-59,M,DELHI,26055.1,27-Apr-2024,081341,2605.08
T503695,C100142,20-07-97,female,Jaipur,,2024-02-19,031046,1303.6
T504229,C100319,1956-12-01,f,mumbai ,418468.01,08/09/2024,103837,1064.4
T505201,C100329,08/11/1958,Male,Ahmedabad,"37,113.65",09-Oct-2024,223614,1618.8
T504799,C100051,21/02/1976,m,PUNE,"169,367.84",2024-10-01,033543,2655.53
T500482,C100268,1990-09-10,F,Ahmedabad,24478.2,21/03/2024,102804,574.43
T503393,C100548,07/08/1982,Female,NAGPUR,"53,292.45",2024-01-15,093112,1832.16
T505241,C100400,17/12/1961,female,Pune,,2024-10-31,234834,2208.28
T502251,C100244,24-09-83,female,DELHI,,21-Jul-2024,071706,"INR 76,756.00"
T504162,C100691,13/08/1998,m,Pune,,2024-01-02,225904,INR 701.93
T502313,C100037,09-03-94,F,Delhi,"Rs. 33,340.33",10/02/2024,182640,"INR 12,469.09"
T502849,C100543,25/02/1989,M,Chennai,"Rs. 28,641.23",2024-10-24,034541,"INR 7,350.29"
T505786,C100755,15/07/1975,f,Hyderabad,,30-Jan-2024,221331,2049.3
T503103,C100066,01-06-92,female,NAGPUR,"Rs. 54,535.14",31-Mar-2024,093939,763.62
T505003,C100520,1979-07-13,male,Bengaluru,"Rs. 57,394.34",27-Mar-2024,211759,1650.95
T504127,C100380,16-03-60,Female,DELHI,,2024-01-08,095516,5382.49
T503867,C100466,08-03-65,M,Mumbai,11590.04,2024-04-04,010110,174.27
T502465,C100148,1980-12-03,f,Chennai,,23/11/2024,214914,3940.34
T502929,C100207,06/06/1974,m,DELHI,"Rs. 68,660.40",26-Nov-2024,194604,2782.68
T505993,C100242,14-05-91,male,HYDERABAD,"Rs. 103,866.17",05/03/2024,051725,5186.11
T504106,C100010,1989-06-09,f,Kolkata,"Rs. 239,001.20",22-Feb-2024,021835,2411.13
T500064,C100194,10/04/2004,Female,mumbai ,"Rs. 8,031.94",01-Feb-2024,144616,3458.86
T505851,C100079,20-07-04,M,Delhi,"Rs. 80,811.92",28-Jan-2024,180606,8610.77
T500776,C100162,1997-09-24,m,Delhi,"Rs. 42,810.30",2024-01-30,035929,2888.64
T504173,C100147,17-03-97,male,Mumbai,"34,392.46",2024-11-09,221728,5365.1
T504587,C100436,06-10-60,F,Jaipur,"Rs. 93,354.27",2024-07-01,201545,667.86
T502734,C100290,11/09/1991,,DELHI,"Rs. 21,647.56",2024-04-08,043652,INR 299.68
T502580,C100019,0000-00-00,,Bengaluru,102437.46,25/12/2024,014730,5580.19
T504616,C100328,1993-09-23,f,mumbai ,"138,849.89",2024-07-26,014928,1857.1
T503483,C100798,01/02/2000,male,DELHI,"17,004.51",09-Sep-2024,024300,INR 870.18
T505988,C100322,22/04/1957,F,DELHI,12582.93,19/02/2024,044312,659.25
T502344,C100714,1967-02-19,Male,Bengaluru,"13,233.37",2024-04-05,214511,1172.83
T504687,C100720,25-12-56,Male,LUCKNOW,"53,994.49",29-Jul-2024,005509,2203.18
T502815,C100257,21-11-70,,JAIPUR,88380.56,11/10/2024,020733,903.03
T505805,C100765,07/11/1958,m,Chennai,"22,571.43",2024-06-16,125939,760.32
T505381,C100238,25/10/1981,,PUNE,,29/12/2024,004235,1817.54
T504026,C100573,1976-01-19,male,Hyderabad,41943.84,22/11/2024,173850,2851.3
T500724,C100788,17/10/1965,male,Bengaluru,"Rs. 40,994.26",2024-05-01,181105,-10568.68
T505667,C100346,22/08/1993,M,PUNE,"134,207.78",16/04/2024,181031,6449.37
T505646,C100177,13-12-68,,AHMEDABAD,208320.55,03-May-2024,053808,1347.12
T502897,C100537,1963-01-27,Female,Chennai,26621.54,17-Jul-2024,155644,1559.84
T505308,C100291,1975-08-14,Female,Pune,,2024-05-03,220149,152615.0
T505718,C100129,22/07/1964,M,Delhi,"39,437.66",03/06/2024,193116,632.55
T501735,C100701,1973-08-26,m,Delhi,26855.95,09-Dec-2024,054107,2327.5
T503124,C100734,1985-06-24,F,Pune,"29,158.72",15-Aug-2024,201514,"INR 4,031.86"
T504940,C100734,1985-06-24,F,Pune,"29,158.72",2024-09-22,083432,1815.62
T505078,C100354,1965-09-03,Male,Delhi,,2024-06-24,001326,2727.11
T504802,C100341,1990-12-17,M,NAGPUR,1305.73,2024-03-30,160116,56.16
T500273,C100280,1996-03-06,male,KOLKATA,"61,078.77",2024-01-26,062620,480630.0
T502944,C100668,21-07-78,Female,Bangalore,"99,681.03",21/10/2024,200505,15672.82
T505896,C100046,27-11-85,female,DELHI,4232.4,2024-09-29,104704,1634.65
T505059,C100699,15/11/2003,female,KOLKATA,20709.46,01-Sep-2024,061458,"INR 1,057.64"
T505640,C100037,09-03-94,F,Delhi,"Rs. 33,340.33",2024-04-14,075022,1989.53
T505496,C100322,22/04/1957,F,DELHI,12582.93,04-Apr-2024,095119,7170.97
T501452,C100065,18/02/2001,M,Delhi,55990.05,03-Feb-2024,125902,11164.99
T502715,C100657,1974-02-08,male,Ahmedabad,"71,006.14",05/01/2024,133459,
T504245,C100223,01-11-75,female,NAGPUR,7196.01,2024-11-22,163749,1683.98
T502692,C100769,1990-04-07,Female,CHENNAI,"Rs. 29,909.50",18/04/2024,155526,1035.97
T502767,C100446,06-03-90,Female,  Surat,26944.66,2024-01-16,064655,450.25
T500218,C100196,17/08/1965,Female,Hyderabad,"Rs. 24,873.57",18/09/2024,201145,7995.65
T500239,C100591,1975-05-16,Male,Jaipur,"31,294.72",06-Feb-2024,130739,1425.9
T501131,C100306,23/04/1967,male,PUNE,63186.77,2024-07-09,054845,4370.87
T505859,C100715,1966-01-07,Male,AHMEDABAD,5484.47,30/11/2024,191303,329.68
T503264,C100347,13/10/1963,m,mumbai ,"37,311.99",25/10/2024,084011,2662.33
T502239,C100450,1992-01-17,F,DELHI,"111,417.27",20/05/2024,151053,1659.3
T505349,C100181,07-08-60,male,Pune,"Rs. 46,982.71",2024-02-06,043722,1372.44
T505149,C100737,03/06/1961,f,Delhi,"Rs. 71,291.17",21-Jan-2024,031247,2426.98
T501383,C100073,26/10/1997,,Pune,"Rs. 3,393.42",25-May-2024,192456,834.52
T503074,C100094,20/03/1981,f,Bangalore,50521.45,16-Oct-2024,095900,12834.66
T504860,C100554,24-01-80,m,  Surat,"31,094.72",24-Mar-2024,200124,1017.36
T501357,C100733,2001-05-03,f,BANGALORE,"Rs. 244,077.09",13/09/2024,141012,9080.93
T504871,C100090,11/06/1973,male,Pune,"17,694.21",2024-11-07,123352,515.83
T502630,C100337,24/03/1987,F,AHMEDABAD,120535.8,14/05/2024,045954,6141.99
T502832,C100149,2004-10-19,f,mumbai ,31910.38,2024-12-17,223954,4821.09
T500624,C100027,17-08-89,,AHMEDABAD,"Rs. 11,262.83",31/05/2024,183139,2575.77
T500839,C100619,27/10/1979,F,Jaipur,"618,590.11",10-Apr-2024,130208,5645.95
T504723,C100205,14/04/1967,female,Pune,"35,559.48",06-Jan-2024,171907,713.78
T500323,C100274,1973-07-26,Male,Kolkata,,03/10/2024,171047,"INR 4,486.98"
T503866,C100275,04/05/1965,female,BANGALORE,"175,954.66",01-May-2024,075625,131.04
T501867,C100215,25-01-62,Male,Jaipur,51679.23,29/12/2024,114005,1533.24
T505256,C100645,02-11-81,m,,,2024-07-24,015716,15354.59
T502826,C100329,08/11/1958,Male,Ahmedabad,"37,113.65",05/06/2024,085423,2041.48
T505172,C100688,21/10/2001,Male,Hyderabad,"Rs. 28,109.11",2024-02-16,050553,347.8
T505635,C100380,16-03-60,Female,DELHI,,09/06/2024,204854,1168.2
T500437,C100140,1964-06-15,,KOLKATA,699519.01,13-Nov-2024,101210,1806.22
T500119,C100057,21/12/1998,Male,Hyderabad,"108,663.77",2024-06-11,065259,1130.75
T505595,C100330,03/01/1996,m,Mumbai,"Rs. 8,776.03",2024-08-04,163614,555.37
T505798,C100412,1985-02-10,,MUMBAI,"Rs. 21,748.09",2024-05-13,082214,1347.79
T501839,C100077,06-01-90,Female,Ahmedabad,"28,809.70",2024-05-09,202636,2144.09
T501026,C100333,18-03-86,F,LUCKNOW,,2024-07-27,062345,3309.4
T503301,C100688,21/10/2001,Male,Hyderabad,"Rs. 28,109.11",14-May-2024,074828,2427.85
T504172,C100776,1964-07-01,female,Bangalore,"Rs. 31,244.52",2024-12-30,154618,
T503101,C100291,1975-08-14,Female,Pune,,23/03/2024,011149,832.91
T500900,C100138,1972-07-16,Female,Bengaluru,13258.49,11-May-2024,090336,138.46
T504467,C100653,1965-06-07,f,AHMEDABAD,"Rs. 305,029.15",02-May-2024,044126,4367.4
T501204,C100416,20/10/1988,Male,JAIPUR,77721.72,15/05/2024,184325,5806.2
T505691,C100620,1967-06-27,,CHENNAI,22920.89,2024-10-15,223512,"INR 2,598.02"
T505815,C100620,1967-06-27,,CHENNAI,22920.89,2024-06-15,044151,779.68
T505037,C100465,1975-06-04,f,KOLKATA,,24-Feb-2024,002249,380.69
T504050,C100333,18-03-86,F,LUCKNOW,,28-May-2024,195656,INR 879.00
T500552,C100765,07/11/1958,m,Chennai,"22,571.43",21-Sep-2024,035418,451.87
T500406,C100463,18/05/1963,m,NAGPUR,11964.39,02/12/2024,060138,"INR 1,078.05"
T505613,C100385,04-09-86,female,PUNE,31830.7,2024-10-14,113520,6022.6
T501613,C100671,18/02/1957,M,mumbai ,60107.96,2024-01-15,181253,6532.47
T502934,C100591,1975-05-16,Male,Jaipur,"31,294.72",03/02/2024,092851,1653.38
T505064,C100481,22/05/1988,Male,JAIPUR,"1,624.30",28-Sep-2024,235417,98.59
T503298,C100748,05/07/1989,male,mumbai ,"Rs. 63,573.89",22/08/2024,231259,6303.89
T502833,C100733,2001-05-03,f,BANGALORE,"Rs. 244,077.09",31-Oct-2024,223807,9900.92
T502349,C100383,20/04/1990,m,Bangalore,38999.36,04-Aug-2024,082131,1921.71
T504785,C100727,1978-08-19,female,JAIPUR,"Rs. 123,863.27",07/05/2024,092221,INR 414.17
T503109,C100414,2002-02-15,F,PUNE,"61,143.12",12/12/2024,160443,1630.24
T501738,C100275,04/05/1965,female,BANGALORE,"175,954.66",05/05/2024,135649,6681.39
T500236,C100129,22/07/1964,M,Delhi,"39,437.66",2024-04-12,222513,1594.78
T503163,C100610,03-06-76,m,,"125,370.42",2024-02-18,205645,705.28
T500499,C100418,1960-01-14,,HYDERABAD,,09/04/2024,090018,6992.54
T504918,C100615,02/06/1997,F,DELHI,10856.3,18-Jun-2024,023609,INR 75.84
T503625,C100775,25/07/1994,F,  Surat,45130.4,18/05/2024,141720,1048.2
T503127,C100765,07/11/1958,m,Chennai,"22,571.43",2024-09-01,064857,715.21
T500794,C100716,11-02-72,F,,"Rs. 240,805.50",2024-10-27,102427,5503.81
T503358,C100285,17-08-91,F,Pune,"63,464.25",06-Aug-2024,035519,1548.87
T503291,C100285,17-08-91,F,Pune,"63,464.25",2024-07-23,200700,2204.42
T503972,C100726,1966-04-07,m,KOLKATA,"Rs. 213,622.83",27-Mar-2024,112239,4632.74
T500990,C100733,2001-05-03,f,BANGALORE,"Rs. 244,077.09",07-May-2024,235353,8170.69
T504663,C100627,1961-08-10,female,Bangalore,24171.98,2024-02-07,113134,4743.16
T502435,C100549,20/03/1985,F,DELHI,"92,675.90",2024-02-23,222420,845.71
T503376,C100517,2001-06-26,male,JAIPUR,"53,788.28",24/04/2024,170359,2630.18
T500390,C100317,05-03-83,,  Surat,"27,760.80",22-Jun-2024,092252,"INR 2,352.23"
T504839,C100105,18/10/1995,F,LUCKNOW,21507.37,21/06/2024,152956,"INR 131,760.00"
T502400,C100080,1998-06-05,m,BANGALORE,772078.46,01-Oct-2024,174657,6199.63
T501217,C100421,1985-01-17,Male,Chennai,"123,501.29",04/09/2024,062838,"INR 1,828.18"
T500235,C100220,1967-12-16,Female,KOLKATA,"36,055.65",13/05/2024,180657,169.38
T500331,C100603,12/05/2000,M,PUNE,"3,993.34",18/11/2024,231242,INR 13.60
T504576,C100051,21/02/1976,m,PUNE,"169,367.84",2024-10-17,061335,5518.17
T503188,C100628,03/09/1990,M,Pune,109284.74,17/06/2024,143026,1770.83
T500044,C100215,25-01-62,Male,Jaipur,51679.23,2024-01-19,114939,851.34
T505564,C100797,09-08-84,F,LUCKNOW,"21,946.42",2024-05-08,171540,2642.89
T505801,C100295,24-01-70,m,Bangalore,"Rs. 25,848.99",13-Jul-2024,203931,1036.29
T504216,C100375,27-11-99,m,NAGPUR,"267,588.10",12/09/2024,084330,4693.8
T503436,C100204,1969-01-02,,Jaipur,"Rs. 19,428.09",09-Jun-2024,061841,1948.35
T503072,C100431,15-04-62,male,  Surat,"10,914.09",2024-02-02,101627,411.79
T503134,C100574,03-10-85,m,Mumbai,"11,779.17",24/01/2024,163339,INR 463.41
T505368,C100290,11/09/1991,,DELHI,"Rs. 21,647.56",14/03/2024,155209,222.42
T504045,C100423,23/10/2004,M,CHENNAI,"138,103.22",2024-10-05,125209,17328.19
T505022,C100479,22/10/1980,f,Kolkata,"Rs. 98,501.77",26/05/2024,082005,4691.61
T501594,C100172,18-12-91,,LUCKNOW,180835.83,2024-01-31,011309,3990.68
T500223,C100475,01-01-1900,Female,Bengaluru,"89,827.75",2024-07-17,221254,300.67
T504862,C100422,1/1/1800,F,DELHI,"10,121.37",14/02/2024,055809,1224.49
T504709,C100068,22-08-03,,Bengaluru,,13/10/2024,154411,9793.21
T502891,C100190,06/11/1979,male,Jaipur,"Rs. 39,923.71",25-Sep-2024,234700,5024.74
T501245,C100167,1989-06-12,Female,Bangalore,"Rs. 11,248.70",14/12/2024,020238,2878.6
T501540,C100448,1996-08-17,female,MUMBAI,1576.53,17/02/2024,161144,-570.23
T503537,C100795,1986-10-21,female,Pune,"Rs. 43,684.44",03-Oct-2024,074204,426.43
T504148,C100477,08/08/1992,M,Ahmedabad,"Rs. 72,921.71",2024-08-20,151135,1619.83
T504625,C100790,03/02/1994,female,Pune,"108,574.79",2024-04-14,203206,679.65
T502533,C100047,11/07/1966,female,Hyderabad,22419.5,14-Feb-2024,073849,910.02
T504585,C100141,20/10/1986,,mumbai ,160886.94,2024-02-12,210153,16254.75
T500818,C100698,03/10/1986,M,mumbai ,"Rs. 186,379.37",12/11/2024,040926,856.39
T503458,C100285,17-08-91,F,Pune,"63,464.25",18/07/2024,001906,2362.62
T500155,C100310,23-08-84,male,HYDERABAD,"323,760.11",06-Apr-2024,075649,845.77
T505962,C100229,2004-07-25,Female,CHENNAI,47420.96,16-Feb-2024,175242,888.72
T500248,C100788,17/10/1965,male,Bengaluru,"Rs. 40,994.26",12/08/2024,112537,1301.98
T504857,C100006,1990-05-02,female,Bangalore,"Rs. 40,563.16",19-Mar-2024,102211,1299.86
T503927,C100626,1988-04-25,male,  Surat,,2024-07-30,170104,INR 465.70
T504014,C100580,1993-07-18,f,Mumbai,29452.82,24-Dec-2024,125224,"INR 5,266.88"
T502636,C100190,06/11/1979,male,Jaipur,"Rs. 39,923.71",2024-05-26,120959,"INR 6,076.97"
T505226,C100425,10/04/1986,,MUMBAI,"59,725.38",2024-01-19,040905,3310.98
T504638,C100038,16/08/2001,M,Kolkata,38387.92,02/11/2024,144701,7132.87
T500793,C100537,1963-01-27,Female,Chennai,26621.54,2024-05-14,212754,3049.71
T501725,C100413,1975-06-17,Male,Chennai,,2024-07-05,232735,7651.4
T503189,C100026,1980-06-13,f,Bangalore,"42,425.02",22/10/2024,023547,"INR 5,769.28"
T502649,C100420,17-09-78,M,DELHI,"Rs. 25,796.51",2024-12-02,093617,806.56
T500628,C100322,22/04/1957,F,DELHI,12582.93,21/05/2024,180249,4347.82
T505870,C100709,15-12-01,Female,NAGPUR,"Rs. 253,403.83",23-Dec-2024,151011,6947.3
T502339,C100621,2001-07-16,F,HYDERABAD,"58,120.95",2024-09-22,205030,672.19
T503198,C100668,21-07-78,Female,Bangalore,"99,681.03",29-Feb-2024,022428,9955.48
T505463,C100258,26-05-00,Male,,"Rs. 16,944.13",05-Sep-2024,074900,4252.05
T501620,C100468,04-04-68,Male,Chennai,84203.67,2024-12-14,161139,2766.65
T501451,C100392,02-08-81,female,BANGALORE,,2024-05-20,004101,484.88
T502902,C100586,03-01-02,,HYDERABAD,69749.17,16-Jan-2024,025259,3868.48
T505167,C100331,09-04-84,Male,Delhi,139917.52,2024-04-25,035326,15257.39
T504650,C100324,14-03-71,male,AHMEDABAD,8250.81,23/09/2024,181048,
T501828,C100423,23/10/2004,M,CHENNAI,"138,103.22",28-Jul-2024,200657,3954.38
T500826,C100435,1982-06-13,,DELHI,"Rs. 58,275.09",2024-08-29,232325,2024.76
T501639,C100729,18-06-74,M,LUCKNOW,"264,299.97",2024-11-20,183819,4968.83
T503864,C100473,03-04-82,female,Bengaluru,,2024-12-30,231325,3876.01
T502913,C100787,22-04-97,F,Delhi,"16,021.57",2024-01-24,134058,601.86
T503791,C100277,06-08-78,F,Bengaluru,63815.79,2024-05-07,195901,2920.6
T502939,C100477,08/08/1992,M,Ahmedabad,"Rs. 72,921.71",2024-11-04,121500,957.83
T503420,C100374,01/06/1997,f,Jaipur,55312.12,2024-02-02,034541,2990.83
T503996,C100216,05/01/1995,,Bangalore,,2024-12-26,071540,INR 244.18
T503767,C100264,1984-01-06,male,HYDERABAD,,2024-03-23,195755,24502.19
T500535,C100263,,female,BANGALORE,,2024-05-05,201642,369.56
T502663,C100423,23/10/2004,M,CHENNAI,"138,103.22",23-Jul-2024,074534,1200.5
T500154,C100747,1969-08-14,female,MUMBAI,52638.76,07/02/2024,210820,2441.01
T503241,C100165,17/12/2004,Male,BANGALORE,"5,165.05",28-Jan-2024,233029,1226.08
T505596,C100266,05/08/1960,f,  Surat,"201,021.76",20/04/2024,052313,"INR 2,200.38"
T503149,C100525,1969-10-05,F,CHENNAI,"212,533.64",28/03/2024,230735,3809.44
T502952,C100384,1998-07-13,Female,KOLKATA,"Rs. 102,416.63",11-Oct-2024,053928,
T501311,C100565,19/09/2004,f,BANGALORE,"67,225.87",24/12/2024,040849,600.91
T500322,C100280,1996-03-06,male,KOLKATA,"61,078.77",22/02/2024,122001,5099.07
T504110,C100556,0000-00-00,f,HYDERABAD,"Rs. 92,723.33",23-Nov-2024,043616,1310.51
T503330,C100387,16-02-77,M,Kolkata,20501.21,01-May-2024,133753,3463.15
T503985,C100384,1998-07-13,Female,KOLKATA,"Rs. 102,416.63",26-Oct-2024,234609,1797.42
T501798,C100457,23/11/1991,M,Hyderabad,"46,885.90",09/09/2024,085702,1767.6
T500082,C100085,17-10-83,m,Pune,36223.4,21-Oct-2024,022311,INR 531.35
T502560,C100218,1979-01-08,male,AHMEDABAD,"Rs. 470,799.86",29/02/2024,230313,-5536.49
T501943,C100622,1963-04-08,male,Pune,"114,620.95",23/04/2024,175759,5823.62
T501988,C100697,1969-10-22,male,Mumbai,,01-May-2024,155739,2313.69
T503536,C100044,1962-08-19,male,Hyderabad,"43,950.32",2024-03-18,142506,2328.98
T505479,C100532,2004-12-08,M,Ahmedabad,,31/05/2024,144924,1845.35
T501574,C100589,24-11-75,female,CHENNAI,"101,026.53",13/09/2024,032506,"INR 5,755.25"
T502977,C100494,07-10-99,M,AHMEDABAD,11661.72,23/06/2024,214017,1327.63
T502723,C100573,1976-01-19,male,Hyderabad,41943.84,18/04/2024,133219,2198.46
T503405,C100681,15/05/1967,female,LUCKNOW,"239,151.47",07/05/2024,085727,7503.84
T502058,C100595,12/11/1957,Female,MUMBAI,"17,193.93",2024-11-19,171307,INR 466.30
T501762,C100400,17/12/1961,female,Pune,,16/08/2024,082908,4492.76
T501494,C100588,2003-09-24,,KOLKATA,"Rs. 10,922.29",13-Jul-2024,001747,5470.23
T504927,C100529,1991-11-11,F,Bengaluru,"104,328.62",28-Apr-2024,031754,334.23
T502080,C100610,03-06-76,m,,"125,370.42",29/11/2024,100713,5764.18
T501174,C100691,13/08/1998,m,Pune,,2024-08-07,234437,1950.0
T504509,C100154,23-01-71,F,Chennai,"20,227.60",2024-04-24,015041,
T502628,C100062,16/02/1976,Male,Mumbai,6698.94,21-Dec-2024,065006,1551.54
T504261,C100140,1964-06-15,,KOLKATA,699519.01,21/01/2024,012132,1968.56
T505733,C100598,1995-02-20,F,Bengaluru,"Rs. 138,205.32",11-May-2024,145440,1674.52
T500614,C100651,02/01/1989,female,Chennai,"79,050.49",29-Dec-2024,065820,5803.95
T503093,C100670,26/10/1983,female,MUMBAI,371867.09,10-Dec-2024,155955,9278.64
T503450,C100092,2000-06-15,m,Ahmedabad,,03/08/2024,160053,534.98
T501014,C100234,15-03-98,female,Chennai,59188.47,07/09/2024,150242,1319.52
T503057,C100462,18/07/1975,M,,8910.73,20-Mar-2024,220909,516.85
T505915,C100418,1960-01-14,,HYDERABAD,,12/04/2024,110443,14984.08
T505333,C100264,1984-01-06,male,HYDERABAD,,04/05/2024,225908,8499.71
T503905,C100554,24-01-80,m,  Surat,"31,094.72",27-Jul-2024,081806,INR 470.00
T502181,C100630,10-04-59,M,AHMEDABAD,,20-Apr-2024,195923,387.88
T503418,C100779,21-03-59,female,KOLKATA,"297,969.29",09-Dec-2024,115451,6381.28
T504651,C100710,1988-06-06,m,LUCKNOW,"31,418.04",25-Aug-2024,105949,2661.82
T503100,C100533,05/07/1959,,LUCKNOW,11799.16,15/11/2024,112940,1221.63
T501211,C100749,1/1/1800,m,Mumbai,"372,624.79",2024-01-14,103230,9227.9
T503880,C100520,1979-07-13,male,Bengaluru,"Rs. 57,394.34",30-Oct-2024,212008,1321.95
T500634,C100788,17/10/1965,male,Bengaluru,"Rs. 40,994.26",08/06/2024,094958,103.85
T501055,C100791,19/10/1986,Female,Kolkata,91747.28,21/10/2024,064934,1044.55
T502340,C100078,19/07/1963,female,Chennai,51575.85,2024-05-21,053925,1042.75
T500796,C100089,10-03-85,m,CHENNAI,,28/07/2024,021915,1959.07
T505187,C100358,16-02-75,,Kolkata,"Rs. 25,096.75",2024-03-27,150848,194.41
T504270,C100270,21-01-63,m,KOLKATA,"Rs. 40,183.80",20-Feb-2024,141314,"INR 5,396.27"
T502814,C100023,12/05/1975,Male,Hyderabad,"5,699.11",01/06/2024,100353,533.2
T504341,C100087,22/06/1996,Male,mumbai ,,21/09/2024,225109,5740.57
T501080,C100696,18/05/1975,m,,295142.68,2024-07-15,235236,
T501654,C100791,19/10/1986,Female,Kolkata,91747.28,2024-06-28,120135,6049.39
T501607,C100421,1985-01-17,Male,Chennai,"123,501.29",06/01/2024,130023,3198.01
T500144,C100696,18/05/1975,m,,295142.68,09/06/2024,122954,5567.95
T504241,C100411,1980-10-24,F,LUCKNOW,"2,108.17",2024-04-24,160222,3712.9
T500090,C100622,1963-04-08,male,Pune,"114,620.95",2024-12-27,015643,10023.54
T500682,C100560,01-01-1900,female,Jaipur,25797.87,26/09/2024,172657,2454.58
T504406,C100148,1980-12-03,f,Chennai,,02/07/2024,140730,"INR 6,176.47"
T503431,C100240,24/12/2003,M,mumbai ,"58,083.30",01/08/2024,220356,8937.05
T500093,C100418,1960-01-14,,HYDERABAD,,2024-07-30,023309,844681.0
T500834,C100709,15-12-01,Female,NAGPUR,"Rs. 253,403.83",2024-04-23,132911,"INR 3,048.98"
T505020,C100733,2001-05-03,f,BANGALORE,"Rs. 244,077.09",09-Mar-2024,040202,3978.78
T505912,C100105,18/10/1995,F,LUCKNOW,21507.37,13/09/2024,162259,5238.47
T505131,C100430,1959-12-22,,MUMBAI,"49,812.99",11-May-2024,220518,463.83
T501400,C100617,13-06-57,female,Jaipur,9784.54,2024-08-07,051456,104.53
T503979,C100509,1977-09-18,m,BANGALORE,26256.74,2024-11-03,135425,1594.04
T502291,C100705,03/12/1964,f,Bengaluru,"92,850.20",12/06/2024,210949,"INR -1,288.69"
T501500,C100101,1978-06-19,m,HYDERABAD,"Rs. 10,568.41",29-Sep-2024,094725,474.27
T502262,C100541,13-01-74,male,Ahmedabad,"186,265.55",19-Feb-2024,032019,10941.53
T501468,C100497,01-03-70,M,Hyderabad,28147.07,27/07/2024,220815,6375.5
T503928,C100637,09-04-89,F,PUNE,,16/10/2024,120041,8566.34
T503245,C100573,1976-01-19,male,Hyderabad,41943.84,23-Apr-2024,212744,7270.99
T500998,C100432,23-09-63,f,Jaipur,,10/07/2024,162234,120.46
T500853,C100471,1963-03-11,Male,Bangalore,,10/03/2024,172503,1525.5
T503875,C100743,1968-05-24,Male,,121700.99,20-Nov-2024,051811,237.35
T501142,C100142,20-07-97,female,Jaipur,,2024-04-13,123043,1021.55
T505239,C100621,2001-07-16,F,HYDERABAD,"58,120.95",2024-10-18,132306,"INR 1,478.05"
T502274,C100470,05-02-97,F,NAGPUR,155474.78,08/04/2024,211219,-2673.7
T504497,C100246,11/12/1992,Male,Delhi,459949.04,2024-04-23,094226,17840.84
T501103,C100122,23-09-97,male,  Surat,"15,789.94",06/01/2024,013754,948.68
T500084,C100392,02-08-81,female,BANGALORE,,13-Feb-2024,235608,4093.18
T502210,C100080,1998-06-05,m,BANGALORE,772078.46,08/12/2024,171638,8335.49
T504210,C100645,02-11-81,m,,,08/06/2024,184538,1559.07
T505768,C100472,07/01/2000,m,Chennai,13195.64,2024-11-30,233218,889.16
T505681,C100792,13-12-83,M,Bengaluru,147204.05,03/03/2024,211327,2044.51
T503440,C100423,23/10/2004,M,CHENNAI,"138,103.22",01-Sep-2024,062306,2328.61
T501567,C100386,13-07-73,,JAIPUR,"Rs. 12,445.00",2024-03-24,180759,163.89
T505597,C100277,06-08-78,F,Bengaluru,63815.79,07-Feb-2024,091047,2194.98
T501660,C100777,05-10-71,M,HYDERABAD,"13,106.62",02-Sep-2024,191904,665.71
T501556,C100529,1991-11-11,F,Bengaluru,"104,328.62",08/08/2024,100156,
T504721,C100593,09-05-75,Male,Ahmedabad,77632.67,19/10/2024,162044,"INR 1,312.31"
T503764,C100114,22-09-77,Female,LUCKNOW,,07/10/2024,104550,241.17
T503584,C100446,06-03-90,Female,  Surat,26944.66,2024-11-16,164948,262.64
T501885,C100150,10-08-01,f,KOLKATA,"Rs. 80,031.58",13/04/2024,231438,1732.62
T503144,C100494,07-10-99,M,AHMEDABAD,11661.72,11/01/2024,100823,INR 383.57
T501866,C100169,1990-12-22,,Ahmedabad,"Rs. 346,738.24",29/02/2024,034031,3363.15
T505048,C100133,04-02-80,female,Hyderabad,,11/02/2024,143622,1557.59
T504720,C100757,16-06-64,,NAGPUR,"Rs. 128,307.71",19-Jun-2024,034313,6600.22
T502874,C100347,13/10/1963,m,mumbai ,"37,311.99",26-Oct-2024,184747,4987.86
T504330,C100254,08/06/1964,Female,Ahmedabad,184790.05,07/11/2024,195944,"INR 9,903.59"
T503588,C100752,22-12-69,female,NAGPUR,"15,655.98",30/07/2024,025948,582.05
T503267,C100766,11/12/2004,F,Hyderabad,73693.65,08/11/2024,175313,
T502884,C100629,25/12/1993,female,DELHI,"Rs. 24,299.30",2024-04-28,071928,1226.3
T502890,C100753,05/12/1958,Male,Ahmedabad,,28-Sep-2024,204713,"INR 3,286.37"
T503007,C100609,2035-01-01,Male,MUMBAI,"Rs. 18,375.70",07-Oct-2024,154205,939.63
T501826,C100591,1975-05-16,Male,Jaipur,"31,294.72",28-Sep-2024,215318,489.74
T503923,C100243,26-10-81,male,Ahmedabad,16321.79,2024-09-17,190616,2016.34
T502640,C100653,1965-06-07,f,AHMEDABAD,"Rs. 305,029.15",16/05/2024,231140,7161.67
T505410,C100637,09-04-89,F,PUNE,,2024-07-13,091539,18803.27
T501525,C100311,02/01/1973,F,HYDERABAD,63960.0,23-Jan-2024,071358,6472.37
T501562,C100777,05-10-71,M,HYDERABAD,"13,106.62",2024-05-22,111223,66.24
T505701,C100645,02-11-81,m,,,29/12/2024,142728,-2038.75
T500343,C100312,04/03/1971,f,NAGPUR,,01-Feb-2024,231541,1521.5
T502542,C100606,15-10-04,,Kolkata,,15-Jul-2024,030207,585.86
T503385,C100231,13-01-91,female,DELHI,66484.0,2024-01-28,162839,1983.86
T502412,C100116,1960-09-25,female,Pune,220401.55,08/08/2024,062924,6201.71
T502707,C100202,1976-08-09,female,  Surat,"Rs. 57,912.50",31-Jul-2024,113616,6647.52
T505092,C100503,12/08/1956,F,Pune,"146,446.03",12/11/2024,164602,262.17
T501110,C100437,10/05/1977,female,PUNE,"Rs. 58,587.83",17-Jul-2024,080958,2723.69
T503442,C100426,20/12/2001,female,Kolkata,64167.81,2024-09-29,194823,184.45
T502213,C100691,13/08/1998,m,Pune,,31/08/2024,045514,3506.84
T501359,C100167,1989-06-12,Female,Bangalore,"Rs. 11,248.70",2024-03-18,132040,"INR 4,123.94"
T502107,C100381,2000-06-26,Female,AHMEDABAD,"34,569.41",15/12/2024,185934,"INR 1,608.46"
T504805,C100155,2035-01-01,m,Chennai,,2024-01-25,024136,800.73
T501378,C100785,2000-01-02,male,CHENNAI,102157.68,04/12/2024,201020,3718.31
T502828,C100504,1999-12-20,M,Jaipur,97634.59,04/08/2024,135205,9915.08
T500424,C100648,03-09-71,F,HYDERABAD,"Rs. 9,700.19",22-Feb-2024,083116,21.73
T500292,C100266,05/08/1960,f,  Surat,"201,021.76",2024-07-19,012533,"INR 9,196.87"
T501065,C100083,11-01-60,f,Hyderabad,"7,606.81",02-May-2024,171445,5640.69
T502377,C100037,09-03-94,F,Delhi,"Rs. 33,340.33",28/05/2024,210734,1154.46
T505734,C100248,12/05/1970,m,Kolkata,"89,559.95",2024-03-12,165214,2161.49
T505108,C100414,2002-02-15,F,PUNE,"61,143.12",08-Jan-2024,205602,1764.66
T502127,C100329,08/11/1958,Male,Ahmedabad,"37,113.65",20-Jun-2024,142207,681.35
T501717,C100108,1974-12-26,M,Jaipur,"53,397.38",15-Mar-2024,010226,2047.29
T500937,C100055,23/01/2001,m,LUCKNOW,"Rs. 39,750.83",2024-03-31,000025,2098.68
T503779,C100051,21/02/1976,m,PUNE,"169,367.84",16-Nov-2024,002926,2624.98
T503964,C100580,1993-07-18,f,Mumbai,29452.82,2024-10-24,085230,2197.22
T503990,C100445,15-10-79,Female,  Surat,"5,698.13",23/03/2024,170610,INR 352.10
T504930,C100339,20/04/1966,male,PUNE,"Rs. 62,182.35",12/08/2024,121421,2430.05
T500254,C100238,25/10/1981,,PUNE,,06/04/2024,052248,3972.28
T505948,C100351,1958-02-18,F,mumbai ,,13/12/2024,091355,569.87
T501482,C100094,20/03/1981,f,Bangalore,50521.45,07-Jan-2024,042308,6375.2
T500944,C100317,05-03-83,,  Surat,"27,760.80",27/09/2024,153459,3260.74
T505503,C100620,1967-06-27,,CHENNAI,22920.89,07/03/2024,202137,3051.99
T503183,C100083,11-01-60,f,Hyderabad,"7,606.81",2024-10-23,194049,2605.78
T503266,C100709,15-12-01,Female,NAGPUR,"Rs. 253,403.83",2024-11-25,132121,266306.0
T504819,C100055,23/01/2001,m,LUCKNOW,"Rs. 39,750.83",25-Oct-2024,153128,1504.76
T502907,C100280,1996-03-06,male,KOLKATA,"61,078.77",23-Apr-2024,025234,-2525.8
T500969,C100733,2001-05-03,f,BANGALORE,"Rs. 244,077.09",11/01/2024,183554,10517.99
T500496,C100342,07/06/1969,M,  Surat,9262.22,2024-01-15,163644,3806.06
T505046,C100739,1975-09-21,F,JAIPUR,"6,681.50",12/12/2024,205425,INR 676.47
T504901,C100444,13-06-84,f,  Surat,14948.14,28-Feb-2024,072328,658.55
T501829,C100485,1998-08-11,F,Bengaluru,2026.6,2024-11-01,074725,774.17
T502177,C100508,21-11-89,male,JAIPUR,"Rs. 6,654.10",11-Nov-2024,230750,35.52
T500337,C100029,1977-04-21,M,,"12,477.43",28/05/2024,065931,1322.61
T504826,C100701,1973-08-26,m,Delhi,26855.95,13/04/2024,093445,"INR 2,826.21"
T504704,C100166,06-04-86,M,NAGPUR,"8,813.64",2024-04-18,165837,172.64
T501148,C100046,27-11-85,female,DELHI,4232.4,13-May-2024,213130,622.67
T502243,C100145,09-09-69,,Mumbai,,10/06/2024,231550,"INR 1,640.32"
T505809,C100693,11/10/1988,f,Jaipur,"247,886.54",27-May-2024,113411,7433.96
T504848,C100364,09/10/2001,,DELHI,"Rs. 32,532.99",2024-01-24,001638,695.39
T505005,C100726,1966-04-07,m,KOLKATA,"Rs. 213,622.83",2024-01-04,054515,8300.04
T503968,C100477,08/08/1992,M,Ahmedabad,"Rs. 72,921.71",14-Aug-2024,183155,472.79
T502151,C100580,1993-07-18,f,Mumbai,29452.82,20-Jul-2024,131529,2188.2
T502010,C100520,1979-07-13,male,Bengaluru,"Rs. 57,394.34",19/09/2024,211358,373.86
T502491,C100716,11-02-72,F,,"Rs. 240,805.50",2024-05-09,014122,4482.19
T504629,C100346,22/08/1993,M,PUNE,"134,207.78",11/11/2024,102409,5071.62
T501810,C100415,05/08/1964,m,BANGALORE,"Rs. 81,774.91",05/05/2024,053213,3196.64
T501994,C100651,02/01/1989,female,Chennai,"79,050.49",23/12/2024,183737,5282.08
T504815,C100006,1990-05-02,female,Bangalore,"Rs. 40,563.16",28-May-2024,235938,2297.43
T502932,C100608,1978-11-05,M,NAGPUR,"49,274.28",11-May-2024,051655,1793.7
T502824,C100560,01-01-1900,female,Jaipur,25797.87,2024-05-30,103249,14352.56
T505665,C100575,09-06-71,m,JAIPUR,28676.46,15/08/2024,172428,303.31
T502897,C100537,1963-01-27,Female,Chennai,26621.54,17-Jul-2024,155644,1559.84
T502275,C100395,2001-02-20,f,Kolkata,"Rs. 30,084.28",02/03/2024,180837,225434.0
T500434,C100144,03/01/1996,F,Chennai,"63,913.10",03/09/2024,163246,1795.15
T505395,C100710,1988-06-06,m,LUCKNOW,"31,418.04",03-Mar-2024,004355,887.0
T504501,C100115,1993-11-02,Male,KOLKATA,11109.49,2024-04-02,193301,1148.24
T502823,C100753,05/12/1958,Male,Ahmedabad,,09-Nov-2024,013802,1649.72
T504917,C100423,23/10/2004,M,CHENNAI,"138,103.22",06/03/2024,213348,790.63
T503755,C100254,08/06/1964,Female,Ahmedabad,184790.05,04-Dec-2024,111157,
T502504,C100661,14/06/1965,,JAIPUR,"105,161.33",30-Oct-2024,143506,4175.08
T503211,C100618,10/10/1967,Female,  Surat,29639.57,16-May-2024,055209,2516.35
T505653,C100427,1973-05-14,f,Hyderabad,"Rs. 13,652.98",30/11/2024,184548,1927.44
T504641,C100007,06/10/2003,Male,BANGALORE,14715.92,29/12/2024,181837,725.6
T504308,C100690,21-04-58,Male,BANGALORE,"Rs. 120,392.94",27/09/2024,221557,7039.32
T504992,C100034,16-02-90,,Delhi,"13,763.64",14-Apr-2024,120038,697.01
T503540,C100253,27/03/1978,male,Bangalore,"Rs. 107,511.50",2024-03-29,163737,609.81
T503270,C100031,04-11-77,,DELHI,,2024-08-22,060553,1466.47
T501941,C100403,13/06/2003,f,JAIPUR,"14,630.12",27-Apr-2024,005310,472.02
T501891,C100346,22/08/1993,M,PUNE,"134,207.78",21-Mar-2024,030524,3414.52
T505012,C100611,08-02-56,male,Bangalore,,2024-12-19,143306,15030.57
T503599,C100534,21/09/1980,Female,MUMBAI,,25-Sep-2024,025449,834.58
T505385,C100472,07/01/2000,m,Chennai,13195.64,2024-12-26,003150,1448.65
T504910,C100716,11-02-72,F,,"Rs. 240,805.50",06/01/2024,164440,18758.89
T501265,C100055,23/01/2001,m,LUCKNOW,"Rs. 39,750.83",26-Apr-2024,224208,1765.04
T504438,C100539,22-07-01,f,Bengaluru,"34,098.88",23-Apr-2024,203802,1226.06
T502597,C100633,16/05/1960,Male,Jaipur,7650.67,07-Feb-2024,145412,225.83
T501410,C100126,14/08/1992,,JAIPUR,"Rs. 17,927.78",2024-09-26,152036,2407.54
T501214,C100173,2003-09-18,Female,PUNE,"Rs. 28,296.42",17-Oct-2024,061154,873.52
T500966,C100375,27-11-99,m,NAGPUR,"267,588.10",2024-04-15,140821,"INR -3,322.69"
T501230,C100123,14-09-96,M,Hyderabad,24576.12,2024-07-17,070033,434.49
T504791,C100443,13/05/2004,Female,NAGPUR,102909.31,12-Jan-2024,211614,763.05
T500605,C100749,1/1/1800,m,Mumbai,"372,624.79",25/12/2024,185534,9166.14
T500104,C100161,1999-05-26,Male,LUCKNOW,68566.76,17-Sep-2024,224717,474.03
T500645,C100311,02/01/1973,F,HYDERABAD,63960.0,07/04/2024,023049,589.57
T505500,C100676,12-03-59,,NAGPUR,"44,650.65",07/09/2024,203901,723.07
T504590,C100456,21-10-03,male,Ahmedabad,"Rs. 21,475.71",2024-01-05,074101,INR 68.89
T503088,C100573,1976-01-19,male,Hyderabad,41943.84,04-Sep-2024,170347,34838.15
T501019,C100045,0000-00-00,m,,"Rs. 50,615.70",05/06/2024,170128,130299.0
T500091,C100385,04-09-86,female,PUNE,31830.7,2024-07-29,061711,4539.88
T505208,C100001,03/03/1976,,AHMEDABAD,"43,869.35",18/03/2024,075615,5006.31
T502870,C100408,1983-01-10,m,Mumbai,30500.46,2024-07-11,190457,1925.03
T500908,C100772,12-01-75,Female,Chennai,"Rs. 14,449.91",13/02/2024,133152,645.6
T505570,C100387,16-02-77,M,Kolkata,20501.21,22-Oct-2024,211159,6447.87
T505837,C100116,1960-09-25,female,Pune,220401.55,06/07/2024,075613,6646.73
T502150,C100560,01-01-1900,female,Jaipur,25797.87,2024-10-30,014120,11333.99
T500238,C100592,1965-07-19,Male,  Surat,"57,107.77",05/01/2024,054119,
T503140,C100796,13-01-85,F,CHENNAI,22196.84,18/04/2024,073544,3019.61
T500942,C100057,21/12/1998,Male,Hyderabad,"108,663.77",04/08/2024,044420,5021.47
T501270,C100047,11/07/1966,female,Hyderabad,22419.5,23-Feb-2024,212755,265.06
T500938,C100094,20/03/1981,f,Bangalore,50521.45,27-Dec-2024,153134,"INR 14,336.42"
T505520,C100395,2001-02-20,f,Kolkata,"Rs. 30,084.28",28-Feb-2024,075100,2047.59
T503229,C100169,1990-12-22,,Ahmedabad,"Rs. 346,738.24",19/09/2024,232006,860.6
T503551,C100752,22-12-69,female,NAGPUR,"15,655.98",02/06/2024,232651,181.99
T501862,C100272,2035-01-01,female,PUNE,10046.68,2024-03-12,012523,523.6
T501669,C100653,1965-06-07,f,AHMEDABAD,"Rs. 305,029.15",24-Dec-2024,094910,7355.86
T500005,C100257,21-11-70,,JAIPUR,88380.56,2024-06-29,063122,"INR 3,001.64"
T504343,C100239,1978-02-10,male,CHENNAI,"Rs. 30,783.15",03-Jul-2024,090759,444.33
T503943,C100448,1996-08-17,female,MUMBAI,1576.53,30/09/2024,065117,1645.39
T503013,C100087,22/06/1996,Male,mumbai ,,2024-09-07,100639,492.86
T500018,C100140,1964-06-15,,KOLKATA,699519.01,15/09/2024,031108,20258.76
T501970,C100407,26-08-62,F,JAIPUR,"11,790.29",01-Apr-2024,182538,174.94
T502709,C100336,27-02-97,M,NAGPUR,75339.25,15/03/2024,200627,4190.5
T502232,C100412,1985-02-10,,MUMBAI,"Rs. 21,748.09",2024-11-22,190124,319.5
T500811,C100640,22/11/2003,male,AHMEDABAD,,13-Aug-2024,023022,2083.75
T501300,C100301,1990-12-15,female,Delhi,30265.49,25-Sep-2024,042744,1449.75
T505431,C100140,1964-06-15,,KOLKATA,699519.01,04-Jun-2024,224406,
T505265,C100316,1994-03-18,male,mumbai ,11959.24,09-Jun-2024,164759,"INR 4,681.34"
T500260,C100587,27-07-91,m,mumbai ,"18,400.96",2024-03-27,212842,1380.94
T501804,C100795,1986-10-21,female,Pune,"Rs. 43,684.44",09/05/2024,093032,453.69
T501570,C100633,16/05/1960,Male,Jaipur,7650.67,24/05/2024,131614,947.84
T504280,C100679,10-11-58,m,Kolkata,39458.8,2024-04-01,041946,1877.39
T502454,C100414,2002-02-15,F,PUNE,"61,143.12",2024-11-12,065212,528.6
T501743,C100532,2004-12-08,M,Ahmedabad,,29-Dec-2024,072718,556.34
T501630,C100262,0000-00-00,F,Hyderabad,,06-Mar-2024,223142,243.91
T501716,C100350,06/05/1984,Male,Bengaluru,,2024-01-21,171513,1553.93
T500520,C100794,15/07/1959,Female,PUNE,"Rs. 32,969.19",2024-11-11,153947,1836.7
T503937,C100633,16/05/1960,Male,Jaipur,7650.67,25/04/2024,130603,508.05
T503482,C100699,15/11/2003,female,KOLKATA,20709.46,16-Apr-2024,144402,2362.26
T501658,C100200,07/09/1984,f,Pune,"99,008.06",25-Jun-2024,163740,4534.05
T503472,C100345,01-05-83,f,KOLKATA,12276.92,01/11/2024,191312,2689.02
T505708,C100267,24/03/1964,F,Bengaluru,"Rs. 100,432.83",21/08/2024,060019,1315.44
T502475,C100465,1975-06-04,f,KOLKATA,,25/07/2024,224708,685.03
T503948,C100775,25/07/1994,F,  Surat,45130.4,2024-10-16,012654,3915.11
T503934,C100116,1960-09-25,female,Pune,220401.55,29-Dec-2024,201646,5127.92
T503645,C100384,1998-07-13,Female,KOLKATA,"Rs. 102,416.63",07/08/2024,220421,258746.0
T500763,C100308,07-09-93,male,Ahmedabad,"Rs. 11,206.16",2024-10-06,034357,3308.7
T504703,C100739,1975-09-21,F,JAIPUR,"6,681.50",17-Apr-2024,110320,1550.39
T504326,C100790,03/02/1994,female,Pune,"108,574.79",10-Feb-2024,183351,2400.01
T504427,C100742,03-10-70,,mumbai ,"Rs. 4,402.93",04-May-2024,114113,288.18
T505536,C100250,04/10/1964,Female,Ahmedabad,"12,840.30",2024-05-15,081058,736.9
T501091,C100169,1990-12-22,,Ahmedabad,"Rs. 346,738.24",2024-12-21,143632,5490.72
T503608,C100484,1984-05-17,male,JAIPUR,12346.88,16/03/2024,033111,
T501101,C100153,04-08-82,f,LUCKNOW,"379,373.89",2024-11-11,041122,6207.4
T505225,C100333,18-03-86,F,LUCKNOW,,2024-09-02,025741,
T504557,C100022,16-02-69,F,DELHI,,11/03/2024,125501,-1278.71
T500958,C100079,20-07-04,M,Delhi,"Rs. 80,811.92",08/06/2024,042631,734.2
T505758,C100516,14/07/1982,F,,"98,173.58",29/06/2024,203301,INR 722.43
T500559,C100693,11/10/1988,f,Jaipur,"247,886.54",30-Oct-2024,064924,4431.03
T501519,C100632,02/08/1999,Female,Chennai,70747.64,12/02/2024,090952,2731.45
T501766,C100662,09-10-70,Male,Mumbai,64116.87,14-Jun-2024,170430,"INR 1,524.88"
T502484,C100258,26-05-00,Male,,"Rs. 16,944.13",04/04/2024,160326,557.48
T500366,C100493,0000-00-00,F,AHMEDABAD,"Rs. 102,129.94",10-Jan-2024,125247,4629.37
T503901,C100727,1978-08-19,female,JAIPUR,"Rs. 123,863.27",02/02/2024,021053,2521.77
T501948,C100250,04/10/1964,Female,Ahmedabad,"12,840.30",30/12/2024,163310,INR 689.67
T504165,C100620,1967-06-27,,CHENNAI,22920.89,25/09/2024,015442,1500.01
T501572,C100708,27/01/1964,m,Kolkata,"48,367.85",10-Jan-2024,004650,1879.16
T500808,C100697,1969-10-22,male,Mumbai,,09-Jan-2024,152208,692.81
T503232,C100322,22/04/1957,F,DELHI,12582.93,2024-12-08,024506,694.15
T503946,C100575,09-06-71,m,JAIPUR,28676.46,19/01/2024,190645,1467.81
T500011,C100028,26/05/1973,,HYDERABAD,,06/09/2024,121219,-2702.06
T502025,C100082,15-12-75,,Hyderabad,"Rs. 3,621.26",13/05/2024,050320,671.14
T505013,C100683,06/10/1974,f,Mumbai,51370.71,05-May-2024,202852,8520.02
T505547,C100740,22-08-78,F,JAIPUR,,02-May-2024,123421,1530.0
T500176,C100724,07-07-82,,Delhi,41634.26,09/08/2024,054235,2305.59
T505090,C100074,04-05-60,Female,Hyderabad,"Rs. 138,675.48",2024-05-21,002200,9724.84
T502488,C100545,14/11/1965,F,Mumbai,76933.29,13-Feb-2024,062224,INR 633.65
T503886,C100794,15/07/1959,Female,PUNE,"Rs. 32,969.19",13/03/2024,150316,1522.08
T502569,C100386,13-07-73,,JAIPUR,"Rs. 12,445.00",2024-06-13,231714,1489.94
T503520,C100148,1980-12-03,f,Chennai,,18/09/2024,083136,7164.46
T503760,C100681,15/05/1967,female,LUCKNOW,"239,151.47",15/02/2024,172959,"INR 6,226.19"
T505351,C100099,1959-04-20,f,Ahmedabad,5650.19,2024-07-24,130926,179.42
T503282,C100405,1959-09-13,m,NAGPUR,"Rs. 5,646.11",14-Jul-2024,222219,636.41
T501664,C100754,13-01-76,m,BANGALORE,"Rs. 22,979.83",06-Jul-2024,195948,1582.53
T502191,C100555,27-03-93,female,Ahmedabad,"66,420.28",11-Mar-2024,170434,1175.8
T501687,C100173,2003-09-18,Female,PUNE,"Rs. 28,296.42",07/12/2024,225417,6631.25
T503370,C100339,20/04/1966,male,PUNE,"Rs. 62,182.35",2024-07-04,015830,1310.08
T505886,C100334,05/05/1992,,Kolkata,"Rs. 92,365.78",08-Dec-2024,170733,-2103.43
T502660,C100670,26/10/1983,female,MUMBAI,371867.09,2024-01-31,094620,11213.84
T504252,C100504,1999-12-20,M,Jaipur,97634.59,24-May-2024,202122,8581.22
T503578,C100325,25-11-83,M,Jaipur,,29-Sep-2024,130833,INR 645.04
T505556,C100764,1966-06-14,M,Jaipur,62112.48,2024-10-31,130759,4388.4
T502046,C100209,01-02-55,female,,38752.88,25/08/2024,032008,8922.89
T505946,C100487,18-04-93,Male,DELHI,"5,364.64",2024-11-27,080206,-411.02
T502624,C100576,15-11-74,female,NAGPUR,,2024-06-03,061749,418.96
T503410,C100634,04/06/1987,female,mumbai ,"Rs. 31,133.41",24-Aug-2024,215911,1904.92
T501185,C100238,25/10/1981,,PUNE,,27/07/2024,165653,4958.87
T501006,C100284,12/04/1987,m,LUCKNOW,21229.49,2024-09-18,165019,967.85
T503569,C100490,23-01-92,m,LUCKNOW,,25/03/2024,115155,851.72
T503737,C100348,13-03-72,male,Bengaluru,3185.17,2024-11-25,125155,690.28
T504656,C100236,12-02-83,M,  Surat,"Rs. 11,778.81",07-May-2024,115932,169.84
T505006,C100766,11/12/2004,F,Hyderabad,73693.65,2024-09-22,040410,619.01
T505407,C100217,16-02-60,Male,Pune,"Rs. 18,308.71",04-Dec-2024,023621,1377.27
T502049,C100437,10/05/1977,female,PUNE,"Rs. 58,587.83",2024-04-20,064855,773.61
T504011,C100164,1997-11-15,Female,DELHI,"20,966.32",21/06/2024,053935,4291.54
T500269,C100573,1976-01-19,male,Hyderabad,41943.84,09-Oct-2024,102913,1811.78
T501993,C100136,17/08/2002,,Ahmedabad,,2024-08-11,170630,"INR 3,638.95"
T500265,C100209,01-02-55,female,,38752.88,26/03/2024,120622,-1225.81
T500914,C100766,11/12/2004,F,Hyderabad,73693.65,05-Jan-2024,121305,1329.68
T502278,C100702,0000-00-00,Female,Mumbai,2914.57,27/08/2024,020851,494.62
T502231,C100781,07-12-64,f,LUCKNOW,,19-Apr-2024,065916,496.46
T500290,C100244,24-09-83,female,DELHI,,2024-07-25,040329,1475.78
T502912,C100409,16-02-62,f,BANGALORE,"20,193.51",19/02/2024,161410,2607.77
T504969,C100565,19/09/2004,f,BANGALORE,"67,225.87",2024-07-03,084620,9529.44
T502093,C100340,1974-10-11,Male,MUMBAI,11896.1,2024-02-14,164930,2447.74
T504571,C100468,04-04-68,Male,Chennai,84203.67,2024-07-04,190721,2528.47
T501652,C100750,20-09-76,M,MUMBAI,"Rs. 140,121.33",2024-04-19,110455,393.61
T504141,C100038,16/08/2001,M,Kolkata,38387.92,2024-12-11,171448,364.62
T504257,C100110,04-06-04,,Chennai,"188,084.65",04-May-2024,172108,"INR 1,538.10"
T503039,C100463,18/05/1963,m,NAGPUR,11964.39,16/05/2024,181414,2905.5
T502677,C100634,04/06/1987,female,mumbai ,"Rs. 31,133.41",11/01/2024,051140,173.84
T500288,C100431,15-04-62,male,  Surat,"10,914.09",05/11/2024,104320,180.7
T503107,C100322,22/04/1957,F,DELHI,12582.93,05-Feb-2024,142121,2508.5
T505164,C100655,,,  Surat,"24,838.77",26/03/2024,124045,3964.23
T500575,C100657,1974-02-08,male,Ahmedabad,"71,006.14",09/05/2024,002519,303.78
T500850,C100508,21-11-89,male,JAIPUR,"Rs. 6,654.10",08/03/2024,010948,359.37
T503883,C100161,1999-05-26,Male,LUCKNOW,68566.76,2024-03-27,120834,7919.14
T505007,C100724,07-07-82,,Delhi,41634.26,22/04/2024,094646,1360.09
T505350,C100518,1981-02-02,Female,Pune,17929.39,2024-01-13,054036,3639.93
T505929,C100052,13-07-60,Female,MUMBAI,"Rs. 54,071.44",2024-05-18,014046,4472.99
T501722,C100593,09-05-75,Male,Ahmedabad,77632.67,02/06/2024,115027,579376.0
T505831,C100788,17/10/1965,male,Bengaluru,"Rs. 40,994.26",2024-10-25,004711,4016.65
T505028,C100123,14-09-96,M,Hyderabad,24576.12,18/05/2024,131407,339.48
T503949,C100731,1992-02-17,M,HYDERABAD,,08-May-2024,044155,186.26
T501100,C100712,1984-12-18,M,NAGPUR,"7,145.18",05/03/2024,212047,942.0
T501207,C100376,1973-09-05,,Delhi,,25/07/2024,094751,2486.64
T501843,C100613,21/02/1972,,,"22,232.68",28-May-2024,194531,459.82
T501848,C100728,09/08/1988,F,Delhi,6027.16,2024-06-12,182858,INR 757.31
T502524,C100509,1977-09-18,m,BANGALORE,26256.74,26-Nov-2024,090043,266.97
T503947,C100754,13-01-76,m,BANGALORE,"Rs. 22,979.83",23-Sep-2024,164301,81966.0
T501694,C100680,1964-12-27,male,Chennai,83125.23,30/07/2024,193024,1372.06
T504181,C100597,1972-02-09,female,Pune,30467.88,14-Feb-2024,222634,"INR 1,683.63"
T504565,C100444,13-06-84,f,  Surat,14948.14,08/04/2024,200929,
T503960,C100281,01/10/2001,Male,HYDERABAD,2716.26,2024-09-23,032605,38.48
T500233,C100400,17/12/1961,female,Pune,,2024-08-27,222257,"INR 2,368.73"
T503332,C100274,1973-07-26,Male,Kolkata,,04-Jan-2024,093245,"INR 10,937.17"
T505781,C100597,1972-02-09,female,Pune,30467.88,2024-07-27,162554,1973.49
T502647,C100389,1975-12-07,F,Kolkata,,20-Dec-2024,141103,3025.5
T504041,C100133,04-02-80,female,Hyderabad,,2024-07-02,173554,3397.75
T501711,C100283,1977-10-18,M,  Surat,"Rs. 54,219.80",2024-09-21,050731,1568.91
T500182,C100736,1994-08-24,m,Mumbai,21365.93,09/07/2024,173630,1130.36
T505084,C100080,1998-06-05,m,BANGALORE,772078.46,14-Jan-2024,074147,2762.11
T505096,C100773,10-04-82,,KOLKATA,,2024-02-01,093337,3516.95
T505737,C100774,23-09-67,f,Pune,"Rs. 10,948.71",15/02/2024,184421,162.8
T505452,C100135,1976-12-12,Female,mumbai ,,29-Jan-2024,013141,8393.83
T501462,C100153,04-08-82,f,LUCKNOW,"379,373.89",28-Feb-2024,091311,15001.14
T500049,C100529,1991-11-11,F,Bengaluru,"104,328.62",2024-11-15,174656,487.11
T502550,C100063,2001-02-14,f,CHENNAI,"67,715.00",10/12/2024,093353,-1369.88
T505354,C100343,11-02-92,female,mumbai ,"60,102.72",02/08/2024,202820,2663.38
T504582,C100646,24-02-56,M,Delhi,56399.4,19/09/2024,151745,1814.06
T505761,C100220,1967-12-16,Female,KOLKATA,"36,055.65",03/05/2024,032015,-2225.59
T503727,C100087,22/06/1996,Male,mumbai ,,05/01/2024,044333,3035.99
T500106,C100002,14/10/1990,female,BANGALORE,4740.87,14-Feb-2024,233033,684.31
T500443,C100754,13-01-76,m,BANGALORE,"Rs. 22,979.83",13-Apr-2024,053856,501.31
T501954,C100174,1972-07-21,m,Bengaluru,97279.18,2024-10-09,210628,12800.02
T504742,C100540,17-07-56,Female,HYDERABAD,73271.8,14/01/2024,160508,488.32
T505858,C100191,02-01-79,M,PUNE,"Rs. 70,003.54",27/03/2024,220506,1293.06
T500726,C100426,20/12/2001,female,Kolkata,64167.81,31-Mar-2024,212044,410991.0
T502238,C100559,04/12/2001,,Mumbai,"83,977.32",14-Apr-2024,143508,1941.28
T505952,C100690,21-04-58,Male,BANGALORE,"Rs. 120,392.94",2024-12-15,071319,10902.0
T502330,C100573,1976-01-19,male,Hyderabad,41943.84,2024-08-19,082154,34398.77
T504125,C100163,04/08/1970,m,Kolkata,"Rs. 3,126.03",22-Jan-2024,050909,363.23
T500169,C100768,1991-10-16,female,DELHI,"25,918.41",19/12/2024,170134,814.12
T501001,C100739,1975-09-21,F,JAIPUR,"6,681.50",2024-06-24,090548,194.98
T503252,C100430,1959-12-22,,MUMBAI,"49,812.99",2024-02-21,185632,609.51
T502148,C100707,17-12-93,f,DELHI,19040.78,17-Sep-2024,170926,"INR 5,315.22"
T500197,C100708,27/01/1964,m,Kolkata,"48,367.85",03/07/2024,141416,3790.83
T504591,C100727,1978-08-19,female,JAIPUR,"Rs. 123,863.27",2024-11-10,010556,3375.62
T503793,C100651,02/01/1989,female,Chennai,"79,050.49",2024-10-25,221816,2142.45
T500647,C100664,09/01/1987,,Mumbai,99475.96,01-Jan-2024,171657,2339.73
T503035,C100368,1991-10-16,F,Jaipur,"144,315.15",17/10/2024,075718,3066.4
T504140,C100531,13-12-67,Male,CHENNAI,"Rs. 38,254.58",30/08/2024,153203,2559.64
T503733,C100566,1975-06-21,female,Kolkata,"12,023.59",08-Nov-2024,061459,402.03
T502758,C100484,1984-05-17,male,JAIPUR,12346.88,2024-12-05,042345,
T500373,C100077,06-01-90,Female,Ahmedabad,"28,809.70",17/10/2024,123448,1920.99
T504774,C100521,1962-02-16,Male,Kolkata,56258.99,14/08/2024,010902,3779.83
T500566,C100368,1991-10-16,F,Jaipur,"144,315.15",23/10/2024,185603,5495.5
T503720,C100368,1991-10-16,F,Jaipur,"144,315.15",14/05/2024,073008,-1692.91
T502895,C100166,06-04-86,M,NAGPUR,"8,813.64",2024-10-31,130942,250.75
T504556,C100755,15/07/1975,f,Hyderabad,,26-Aug-2024,013633,4878.72
T500368,C100623,1972-07-11,female,NAGPUR,,08/01/2024,204523,6310.85
T503485,C100525,1969-10-05,F,CHENNAI,"212,533.64",20-Mar-2024,132321,5046.52
T501155,C100754,13-01-76,m,BANGALORE,"Rs. 22,979.83",17-Feb-2024,144232,371.35
T504135,C100580,1993-07-18,f,Mumbai,29452.82,22/06/2024,131712,-1001.68
T500973,C100757,16-06-64,,NAGPUR,"Rs. 128,307.71",26/06/2024,191623,9027.53
T503287,C100416,20/10/1988,Male,JAIPUR,77721.72,28-Feb-2024,232253,5766.68
T503627,C100565,19/09/2004,f,BANGALORE,"67,225.87",2024-09-26,042348,8134.49
T503638,C100556,0000-00-00,f,HYDERABAD,"Rs. 92,723.33",18-Dec-2024,111530,1059.73
T505882,C100726,1966-04-07,m,KOLKATA,"Rs. 213,622.83",2024-04-24,063957,12189.45
T505594,C100285,17-08-91,F,Pune,"63,464.25",27-Jan-2024,202238,4377.55
T501835,C100443,13/05/2004,Female,NAGPUR,102909.31,2024-04-14,113107,4193.91
T502308,C100175,1997-06-09,,Jaipur,"66,674.74",24-Oct-2024,162343,2228.2
T501840,C100597,1972-02-09,female,Pune,30467.88,18/03/2024,161007,"INR 2,558.05"
T504923,C100642,16/06/2004,m,  Surat,"Rs. 10,108.04",09/04/2024,072606,1466.54
T503875,C100743,1968-05-24,Male,,121700.99,20-Nov-2024,051811,237.35
T502044,C100473,03-04-82,female,Bengaluru,,2024-05-08,170501,1489.12
T504405,C100632,02/08/1999,Female,Chennai,70747.64,21-Feb-2024,161034,347.5
T504372,C100512,19/08/1986,m,,"Rs. 88,055.27",02/11/2024,181603,14999.88
T504732,C100095,1980-11-25,Female,Ahmedabad,,2024-06-28,130734,2182.96
T504750,C100325,25-11-83,M,Jaipur,,07-May-2024,051400,118.38
T504718,C100701,1973-08-26,m,Delhi,26855.95,23-Aug-2024,083817,2160.29
T505955,C100651,02/01/1989,female,Chennai,"79,050.49",17-Oct-2024,143158,1100.52
T500844,C100241,1972-06-24,m,PUNE,"Rs. 46,874.59",2024-06-04,001047,2789.87
T504489,C100356,23-02-61,Male,MUMBAI,"Rs. 62,027.26",28-Jan-2024,002149,3526.33
T502155,C100101,1978-06-19,m,HYDERABAD,"Rs. 10,568.41",25/11/2024,065622,295.15
T500349,C100046,27-11-85,female,DELHI,4232.4,2024-02-19,112730,2459.42
T500784,C100759,08-06-83,f,,,03/02/2024,094534,14588.62
T500047,C100477,08/08/1992,M,Ahmedabad,"Rs. 72,921.71",2024-07-13,021904,1909.24
T503349,C100624,23-03-91,F,KOLKATA,"Rs. 34,075.98",2024-11-16,182349,5185.57
T503651,C100440,24/04/1990,,DELHI,1809.61,2024-12-16,084142,INR 490.29
T505751,C100079,20-07-04,M,Delhi,"Rs. 80,811.92",19/07/2024,084507,11822.86
T504498,C100300,1990-09-07,Male,Chennai,,13-Jan-2024,103914,2967.98
T504018,C100169,1990-12-22,,Ahmedabad,"Rs. 346,738.24",2024-04-27,194518,22035.67
T505203,C100678,1971-09-03,m,NAGPUR,"Rs. 43,991.48",2024-04-15,100826,
T505250,C100479,22/10/1980,f,Kolkata,"Rs. 98,501.77",2024-05-02,135000,5871.21
T501439,C100787,22-04-97,F,Delhi,"16,021.57",10/03/2024,102941,163.87
T505526,C100139,09-08-90,Male,Jaipur,"34,813.10",08-Feb-2024,024954,1315.21
T503924,C100070,1994-10-17,F,LUCKNOW,"29,489.38",2024-01-30,125511,3395.39
T505085,C100096,20/08/1961,M,LUCKNOW,"76,980.73",07-Apr-2024,161208,3158.85
T501865,C100745,16/11/2002,Female,AHMEDABAD,53359.6,30-Dec-2024,152816,1935.39
T505406,C100479,22/10/1980,f,Kolkata,"Rs. 98,501.77",08-Jul-2024,222211,13142.16
T503195,C100510,2000-03-08,F,Ahmedabad,"235,563.00",2024-07-20,103558,7449.23
T500033,C100173,2003-09-18,Female,PUNE,"Rs. 28,296.42",2024-02-04,181108,3546.39
T500787,C100729,18-06-74,M,LUCKNOW,"264,299.97",2024-02-04,202345,28398.39
T505139,C100726,1966-04-07,m,KOLKATA,"Rs. 213,622.83",11/01/2024,092955,"INR 1,801.16"
T504577,C100600,1981-05-01,f,Jaipur,"67,373.79",2024-02-28,132610,INR 926.15
T505339,C100085,17-10-83,m,Pune,36223.4,17/06/2024,070847,1578.98
T502627,C100487,18-04-93,Male,DELHI,"5,364.64",2024-07-30,145150,399.21
T500931,C100330,03/01/1996,m,Mumbai,"Rs. 8,776.03",27/05/2024,020423,480.53
T502404,C100395,2001-02-20,f,Kolkata,"Rs. 30,084.28",01-Dec-2024,045707,3226.48
T501685,C100014,1995-01-22,M,LUCKNOW,72097.18,27-Jan-2024,093306,4968.6
T501248,C100202,1976-08-09,female,  Surat,"Rs. 57,912.50",12/05/2024,051542,3239.13
T504855,C100632,02/08/1999,Female,Chennai,70747.64,2024-05-31,132100,2359.66
T500092,C100343,11-02-92,female,mumbai ,"60,102.72",2024-06-26,161238,2205.98
T505271,C100480,08-09-93,F,MUMBAI,"Rs. 37,940.98",2024-02-19,014220,2710.83
T505511,C100703,1984-05-15,female,Jaipur,"Rs. 125,815.19",09/01/2024,182924,2230.51
T505437,C100039,13/06/1975,Female,BANGALORE,"Rs. 269,975.33",05-Sep-2024,215722,7187.84
T505568,C100633,16/05/1960,Male,Jaipur,7650.67,14/05/2024,182524,9828.76
T502851,C100472,07/01/2000,m,Chennai,13195.64,2024-03-20,145120,1611.96
T502793,C100471,1963-03-11,Male,Bangalore,,26/03/2024,193631,1194.38
T505703,C100111,13/02/1961,f,Bengaluru,31428.6,22-Jun-2024,184812,1153.92
T500764,C100756,1960-09-11,Male,  Surat,"Rs. 19,451.56",2024-04-01,063715,2262.16
T502988,C100570,1960-04-04,Female,Kolkata,8280.19,09-Feb-2024,073648,"INR 2,159.72"
T505469,C100075,25/02/2001,F,HYDERABAD,13759.87,06-May-2024,082841,751.76
T500870,C100148,1980-12-03,f,Chennai,,2024-07-02,114441,4247.91
T502448,C100063,2001-02-14,f,CHENNAI,"67,715.00",13/01/2024,061439,1314.08
T501728,C100095,1980-11-25,Female,Ahmedabad,,2024-05-30,163621,2214.64
T500257,C100679,10-11-58,m,Kolkata,39458.8,02/01/2024,060937,2592.87
T505040,C100153,04-08-82,f,LUCKNOW,"379,373.89",2024-08-05,193257,8438.07
T501219,C100559,04/12/2001,,Mumbai,"83,977.32",2024-03-31,024705,1181.88
T501161,C100543,25/02/1989,M,Chennai,"Rs. 28,641.23",03/04/2024,084357,1691.25
T500772,C100375,27-11-99,m,NAGPUR,"267,588.10",21/06/2024,061003,1709.63
T505582,C100671,18/02/1957,M,mumbai ,60107.96,20/01/2024,090731,2000.87
T500312,C100441,26/01/1973,M,LUCKNOW,"109,974.75",25-Feb-2024,051219,2379.98
T504386,C100264,1984-01-06,male,HYDERABAD,,11/11/2024,135736,7692.86
T504032,C100161,1999-05-26,Male,LUCKNOW,68566.76,03-Apr-2024,023255,934.08
T504859,C100128,21/02/1973,male,,6319.58,15/04/2024,082327,881.75
T502997,C100293,13-05-89,Male,BANGALORE,"10,023.20",2024-08-23,095448,187.57
T504279,C100554,24-01-80,m,  Surat,"31,094.72",09-Aug-2024,082645,286.16
T501176,C100452,27/10/1966,female,MUMBAI,33276.34,2024-12-11,213917,692.83
T503896,C100565,19/09/2004,f,BANGALORE,"67,225.87",2024-06-30,100802,2571.91
T501349,C100339,20/04/1966,male,PUNE,"Rs. 62,182.35",23-Feb-2024,095613,14802.26
T503775,C100011,23/02/1966,M,,15559.6,02-Aug-2024,210527,
T503116,C100105,18/10/1995,F,LUCKNOW,21507.37,2024-05-01,154440,3448.75
T503516,C100698,03/10/1986,M,mumbai ,"Rs. 186,379.37",02-Jan-2024,222758,4786.05
T502298,C100335,1/1/1800,M,Bengaluru,,31-Mar-2024,091318,347.12
T502871,C100685,14/12/2000,Male,NAGPUR,,19/04/2024,211713,1274.79
T505195,C100528,27/01/1968,f,BANGALORE,"Rs. 23,728.17",24-Mar-2024,083846,1707.84
T500391,C100559,04/12/2001,,Mumbai,"83,977.32",24-Aug-2024,014244,2489.27
T505789,C100387,16-02-77,M,Kolkata,20501.21,2024-11-01,114034,
T501456,C100223,01-11-75,female,NAGPUR,7196.01,16/12/2024,180416,"INR 3,221.21"
T501092,C100328,1993-09-23,f,mumbai ,"138,849.89",10-May-2024,144032,3788.61
T503378,C100177,13-12-68,,AHMEDABAD,208320.55,31-May-2024,122322,2948.2
T503239,C100376,1973-09-05,,Delhi,,2024-11-26,024518,1712.03
T505000,C100103,14-02-91,,Delhi,,22/01/2024,142428,956.89
T502778,C100338,1977-03-17,M,Chennai,"34,108.53",2024-01-15,192434,1541.67
T504462,C100684,09-11-67,,AHMEDABAD,"27,777.54",05-Jul-2024,212818,110.72
T504441,C100431,15-04-62,male,  Surat,"10,914.09",04-Nov-2024,113907,870.43
T503656,C100236,12-02-83,M,  Surat,"Rs. 11,778.81",2024-03-14,121810,1295.5
T502583,C100179,18-09-93,female,BANGALORE,"4,962.98",2024-11-10,021705,113.31
T503257,C100299,2003-07-15,Male,Jaipur,,21/06/2024,142115,"INR 2,775.10"
T501372,C100062,16/02/1976,Male,Mumbai,6698.94,27-Jan-2024,162503,1407.7
T505735,C100135,1976-12-12,Female,mumbai ,,18/01/2024,142407,1320.43
T500919,C100155,2035-01-01,m,Chennai,,16/01/2024,175616,8236.62
T504307,C100239,1978-02-10,male,CHENNAI,"Rs. 30,783.15",29/07/2024,175108,1211.14
T505699,C100222,1969-03-14,F,LUCKNOW,"77,445.15",02-Oct-2024,033116,5458.4
T502550,C100063,2001-02-14,f,CHENNAI,"67,715.00",10/12/2024,093353,-1369.88
T500537,C100525,1969-10-05,F,CHENNAI,"212,533.64",25/07/2024,142013,3033.97
T501220,C100153,04-08-82,f,LUCKNOW,"379,373.89",16/11/2024,102612,21906.74
T504271,C100512,19/08/1986,m,,"Rs. 88,055.27",10/05/2024,233751,7674.86
